Console,Title,Loose Price,CIB Price
NES,Family Fun Fitness Stadium Events,"$19,000.00","$39,600.51"
NES,Super Mario Bros 3,$19.42,$75.00
NES,Legend of Zelda,$33.00,$199.99
NES,Nintendo NES Console,$87.92,$207.61
NES,Little Samson,"$1,750.00","$5,597.50"
NES,Super Mario Bros,$15.20,$268.12
NES,Super Mario Bros 2,$18.43,$61.02
NES,Zelda II The Adventure of Link,$24.87,$119.91
NES,Mike Tyson's Punch-Out,$39.99,$168.02
NES,Nintendo NES Action Set Console,$134.38,$297.79
NES,Super Mario Bros and Duck Hunt,$10.38,$44.66
NES,Teenage Mutant Ninja Turtles,$12.24,$75.00
NES,Bubble Bath Babes,"$2,156.15","$2,500.00"
NES,Duck Tales 2,$294.25,$747.47
NES,Contra,$39.86,$152.86
NES,Metroid,$27.29,$163.53
NES,Mega Man 5,$148.26,$550.05
NES,Final Fantasy,$26.87,$123.59
NES,Mega Man 2,$35.74,$154.75
NES,Mega Man,$87.99,$549.99
NES,Dr. Mario,$9.29,$29.97
NES,Tetris,$11.63,$29.34
NES,Flintstones Surprise at Dinosaur Peak,"$1,170.92","$3,687.66"
NES,Dragon Warrior,$7.85,$71.77
NES,Super Mario Bros. 3 [Left Bros],$26.47,$196.72
NES,Nintendo NES Classic Edition,$51.37,$94.00
NES,Castlevania,$29.98,$183.29
NES,Teenage Mutant Ninja Turtles III The Manhattan Project,$32.22,$192.20
NES,Mega Man 3,$24.99,$130.26
NES,Castlevania III Dracula's Curse,$38.07,$138.81
NES,Castlevania II Simon's Quest,$14.55,$73.61
NES,Kirby's Adventure,$29.99,$77.50
NES,Teenage Mutant Ninja Turtles II,$13.13,$119.99
NES,Duck Tales,$28.99,$99.99
NES,Chip and Dale Rescue Rangers 2,$359.73,"$1,109.40"
NES,Mega Man [5 Screw],"$6,595.50","$23,084.25"
NES,Friday the 13th,$15.91,$109.22
NES,Top Loading Nintendo NES Console,$186.61,$476.07
NES,Mega Man 6,$58.11,$260.00
NES,Contra Force,$140.23,$587.47
NES,Bucky O'Hare,$215.07,$539.52
NES,Double Dragon,$12.71,$74.97
NES,Panic Restaurant,"$1,025.94","$1,828.32"
NES,Mega Man 4,$43.62,$167.50
NES,Mickey Mousecapade,$9.97,$34.88
NES,Ninja Gaiden,$15.68,$84.55
NES,Batman The Video Game,$17.49,$80.10
NES,Super C,$21.99,$85.00
NES,Double Dragon II,$12.25,$63.72
NES,Battletoads,$26.72,$107.55
NES,Power Blade 2,"$1,211.82","$3,339.50"
NES,Donkey Kong Classics,$19.99,$49.99
NES,Bubble Bobble Part 2,$416.99,"$1,399.25"
NES,Dragon Warrior IV,$147.70,$344.48
NES,Chip and Dale Rescue Rangers,$19.99,$107.35
NES,A Nightmare on Elm Street,$63.82,$322.39
NES,Ninja Gaiden II The Dark Sword of Chaos,$13.32,$97.55
NES,Nintendo World Championship Gold,"$10,820.96",
NES,Ninja Gaiden III Ancient Ship of Doom,$102.11,$334.99
NES,Super Mario Bros [5 Screw],$22.55,$337.22
NES,Zelda Test Cartridge,"$6,369.69",
NES,Mike Tyson's Punch-Out [5 Screw],$382.16,$503.68
NES,Metal Gear,$15.00,$93.19
NES,Legend of Zelda [5 Screw],$40.98,$246.50
NES,Star Tropics,$9.99,$51.02
NES,Bubble Bobble,$21.02,$99.48
NES,The Simpsons Bart vs the Space Mutants,$12.75,$44.41
NES,Excitebike,$11.45,$59.21
NES,Top Gun,$5.25,$28.70
NES,Bonk's Adventure,$800.00,"$2,653.98"
NES,Darkwing Duck,$70.91,$217.33
NES,Nintendo World Championship,"$19,996.72",
NES,Town & Country Surf Designs: Wood and Water Rage,$9.80,$44.99
NES,Paperboy,$17.99,$60.09
NES,Super Mario Bros Duck Hunt World Class Track Meet,$6.07,$23.79
NES,Power Glove,$129.00,$249.97
NES,Rad Racer,$9.94,$40.00
NES,Tecmo Super Bowl,$21.45,$52.50
NES,Game Genie Top Loader Adaptor,$358.42,$399.99
NES,Rampage,$16.99,$124.10
NES,Punch-Out,$18.28,$42.53
NES,R.C. Pro-AM,$9.07,$35.00
NES,Snow Brothers,$260.31,$856.32
NES,Cheetahmen II,"$1,926.47","$5,048.94"
NES,ROB the Robot,$73.92,$309.98
NES,Dragon Warrior III,$111.79,$277.78
NES,Faxanadu,$11.05,$50.00
NES,Kid Icarus,$26.87,$151.25
NES,Mario Bros Arcade Classics Series,$30.53,$190.00
NES,NES Advantage Controller,$21.99,$55.94
NES,Blaster Master,$10.38,$50.78
NES,Nintendo NES Deluxe Set Console,$515.49,$802.26
NES,VS Duck Hunt [Homebrew],$152.59,
NES,Adventures of Bayou Billy,$7.85,$35.95
NES,Tetris [Tengen],$107.53,$222.50
NES,Kung Fu,$11.23,$71.25
NES,Dragon Warrior II,$57.52,$191.79
NES,Gun-Nac,$339.50,$850.00
NES,Teenage Mutant Ninja Turtles Tournament Fighters,$207.74,$861.04
NES,Blades of Steel,$8.48,$30.99
NES,Golf,$4.76,$24.99
NES,River City Ransom,$46.84,$150.00
NES,Adventure Island,$14.21,$48.91
NES,Crystalis,$24.81,$77.10
NES,Yoshi,$9.04,$43.38
NES,WWF Wrestlemania,$9.00,$61.64
NES,Iron Sword Wizards and Warriors II,$8.68,$30.08
NES,Gauntlet,$12.99,$45.56
NES,Little Nemo The Dream Master,$15.00,$70.40
NES,Ghosts 'n Goblins,$17.31,$82.53
NES,Batman: Return of the Joker,$89.99,$236.50
NES,Jetsons Cogswell's Caper,$282.27,$695.00
NES,G.I. Joe: A Real American Hero,$86.78,$238.00
NES,Metal Storm,$138.25,$418.50
NES,Tecmo Bowl,$12.32,$37.99
NES,Yo Noid,$19.42,$82.48
NES,Game Genie,$24.47,$55.67
NES,Kid Klown in Night Mayor World,$511.00,"$1,659.72"
NES,Wizards and Warriors,$10.60,$51.19
NES,Mighty Final Fight,$307.50,$804.50
NES,Kick Master,$160.48,$397.59
NES,Gyromite [5 Screw],$10.29,$77.87
NES,Jackal,$14.27,$51.00
NES,Fester's Quest,$9.97,$54.38
NES,Ice Hockey,$8.00,$30.56
NES,Double Dragon III,$17.43,$112.69
NES,Flintstones The Rescue of Dino and Hoppy,$29.99,$188.61
NES,RoboCop,$9.99,$58.99
NES,Skate or Die,$9.12,$47.21
NES,Metroid [Yellow Label],$26.05,$172.49
NES,Cowboy Kid,$450.00,"$1,120.25"
NES,Rambo,$9.02,$68.43
NES,Star Tropics II: Zoda's Revenge,$14.84,$49.99
NES,Peek-a-Boo Poker,"$1,142.32","$2,480.26"
NES,Control Deck Test Cartridge,"$1,055.25",
NES,Mike Tyson's Punch-Out [White Bullets],$49.42,$333.75
NES,Hogan's Alley,$10.11,$56.29
NES,Who Framed Roger Rabbit,$15.47,$65.98
NES,Dick Tracy,$9.76,$47.99
NES,The Uncanny X-Men,$16.98,$87.00
NES,Duck Hunt,$10.68,$106.24
NES,Play Action Football,$6.76,$13.99
NES,The Goonies II,$10.29,$61.00
NES,Legend of Zelda [Classic Series],$34.99,$103.99
NES,Monster Party,$22.64,$155.00
NES,Back to the Future,$16.48,$87.81
NES,Gargoyle's Quest II The Demon Darkness,$144.23,$280.75
NES,Tetris 2,$7.97,$20.91
NES,Double Dribble,$7.80,$26.69
NES,R.C. Pro-AM II,$98.20,$300.00
NES,Felix the Cat,$94.79,$245.67
NES,Golgo 13 Top Secret Episode,$5.00,$31.13
NES,Adventures of Dino Riki,$14.29,$50.00
NES,Shatterhand,$88.00,$204.48
NES,Q*bert,$11.99,$33.59
NES,Captain Skyhawk,$5.53,$23.67
NES,Adventure Island 3,$78.81,$224.49
NES,Strider,$12.99,$60.00
NES,Little Mermaid,$14.99,$45.00
NES,Swamp Thing,$169.99,$425.00
NES,Arkista's Ring,$71.06,$201.13
NES,The Punisher,$29.99,$160.00
NES,Major League Baseball,$4.21,$17.49
NES,Zelda II The Adventure of Link [Gray Cart],$22.67,$59.49
NES,Rockin' Kats,$182.50,$489.00
NES,The Karate Kid,$12.01,$83.66
NES,Zombie Nation,$459.93,"$1,028.25"
NES,Zapper Light Gun,$16.84,$85.23
NES,Vice Project Doom,$70.08,$244.84
NES,Gauntlet II,$11.18,$40.64
NES,Jaws,$13.49,$73.09
NES,Operation Wolf,$7.50,$22.50
NES,Street Fighter 2010 the Final Fight,$13.85,$59.99
NES,Whomp 'Em,$60.00,$187.41
NES,Bionic Commando,$14.95,$81.13
NES,Yoshi's Cookie,$11.81,$34.60
NES,Silent Service,$5.74,$17.99
NES,Princess Tomato in the Salad Kingdom,$182.60,$432.00
NES,Clash at Demonhead,$19.99,$68.48
NES,Adventure Island II,$29.78,$69.00
NES,Spy Hunter,$9.95,$41.48
NES,Marble Madness,$10.47,$30.17
NES,Platoon,$6.63,$29.99
NES,Battletoads and Double Dragon The Ultimate Team,$90.00,$371.77
NES,Donkey Kong,$38.94,$69.46
NES,Nintendo NES Power Set Console,$163.36,$270.35
NES,Pac-Man [Tengen],$8.99,$29.99
NES,Pinball,$10.88,$33.94
NES,Burgertime,$13.49,$46.99
NES,Demon Sword,$10.00,$40.50
NES,Nintendo M82,"$3,135.27","$10,973.45"
NES,Sharp Nintendo NES TV,"$1,646.43","$5,516.25"
NES,Nintendo NES Controller,$12.46,$34.95
NES,Donkey Kong Jr Math,$175.83,"$2,897.24"
NES,Journey to Silius,$36.00,$153.56
NES,Power Blade,$79.04,$225.33
NES,Willow,$18.69,$56.82
NES,1943: The Battle of Midway,$16.95,$57.00
NES,Shadowgate,$11.96,$44.94
NES,Nintendo NES Challenge Set Console,$152.50,$363.09
NES,Back to the Future II and III,$24.99,$121.98
NES,The Simpsons Bart vs the World,$12.98,$83.19
NES,Bad Dudes,$10.83,$48.19
NES,Duck Hunt [5 Screw],$10.95,$109.52
NES,Life Force,$15.70,$80.00
NES,Fire 'N Ice,$205.00,$374.99
NES,Stack Up,$175.45,$910.02
NES,NARC,$9.15,$35.59
NES,Gun.Smoke,$19.99,$91.00
NES,Krion Conquest,$109.08,$291.63
NES,Tiny Toon Adventures,$15.42,$75.21
NES,Shadow of the Ninja,$88.03,$379.11
NES,Zen Intergalactic Ninja,$192.33,$427.20
NES,Legendary Wings,$12.48,$50.00
NES,RBI Baseball,$9.06,$24.47
NES,GI Joe The Atlantis Factor,$55.48,$169.46
NES,Track and Field II,$6.65,$25.24
NES,Gotcha [5 Screw],"$1,550.00","$2,850.00"
NES,Indiana Jones and the Temple of Doom,$16.14,$74.63
NES,Legacy of the Wizard,$9.99,$33.99
NES,Toxic Crusaders,$120.00,$399.96
NES,Snake's Revenge,$18.24,$84.78
NES,Milon's Secret Castle,$7.62,$39.84
NES,Teenage Mutant Ninja Turtles II [No Free Pizza Offer],$13.93,$123.79
NES,Gremlins 2,$29.99,$120.31
NES,Galaga: Demons of Death,$15.21,$40.00
NES,Wario's Woods,$35.23,$109.67
NES,Karnov,$11.62,$49.75
NES,The Guardian Legend,$15.39,$57.93
NES,Star Wars,$22.25,$70.48
NES,Lone Ranger,$80.00,$156.35
NES,Solstice,$11.87,$40.38
NES,Maniac Mansion,$20.07,$99.47
NES,Indiana Jones and the Last Crusade [Ubisoft],$175.00,$413.36
NES,TaleSpin,$19.43,$71.34
NES,Adventures of Lolo,$14.85,$52.30
NES,Monster in My Pocket,$74.99,$314.26
NES,Mission Impossible,$7.45,$28.97
NES,Sqoon,$156.23,$774.25
NES,NES Open Tournament Golf,$10.99,$41.86
NES,Ultima Exodus,$11.41,$37.31
NES,Sky Shark,$5.06,$28.95
NES,Commando,$9.99,$55.54
NES,Godzilla,$28.02,$112.54
NES,Top Gun The Second Mission,$5.17,$21.00
NES,RoboCop 3,$89.99,$265.90
NES,Bases Loaded 2 Second Season,$5.40,$24.98
NES,Super Glove Ball,$7.49,$37.30
NES,Chiller,$108.73,$380.48
NES,Tiger-Heli,$7.54,$30.32
NES,Astyanax,$7.64,$39.83
NES,Monopoly,$7.24,$26.51
NES,Gyromite,$9.99,$90.00
NES,Bases Loaded,$5.99,$15.87
NES,Bomberman,$24.45,$87.47
NES,Dash Galaxy in the Alien Asylum,$8.70,$32.27
NES,Super Mario Bros 3 [Challenge Set],$50.00,$129.99
NES,Dragon Spirit,$14.96,$55.99
NES,Ghostbusters II,$13.44,$73.73
NES,Code Name Viper,$10.61,$59.99
NES,Dig Dug II: Trouble in Paradise,$10.59,$36.99
NES,Pro Wrestling,$9.99,$66.69
NES,Wall Street Kid,$14.99,$57.54
NES,BeetleJuice,$35.00,$164.73
NES,Anticipation,$5.50,$18.79
NES,Ikari Warriors,$10.02,$42.40
NES,10-Yard Fight,$9.66,$60.50
NES,Baseball,$9.05,$38.22
NES,Sword Master,$324.01,$799.99
NES,John Elway's Quarterback,$5.72,$17.17
NES,Wrath of the Black Manta,$7.19,$29.99
NES,Clu Clu Land,$49.00,$298.15
NES,Dragon Fighter,$399.99,$697.56
NES,Bible Adventures,$16.20,$54.00
NES,Super Off Road,$11.99,$49.69
NES,Baseball Stars,$15.00,$50.00
NES,Jaws [5 Screw],$850.00,$878.43
NES,Conquest of the Crystal Palace,$32.01,$148.25
NES,Rygar,$14.40,$50.75
NES,Kung Fu Heroes,$11.21,$49.55
NES,Mega Man 9,$276.34,$564.75
NES,Donkey Kong 3,$23.65,$178.75
NES,Super Mario Bros Duck Hunt World Class Track Meet [Red Overalls],,
NES,Adventures in the Magic Kingdom,$11.29,$42.44
NES,Dusty Diamond's All-Star Softball,$72.50,$108.47
NES,Spiderman Return of the Sinister Six,$19.48,$99.63
NES,Destination Earthstar,$6.00,$31.00
NES,Rad Racer II,$10.75,$39.83
NES,Super Dodge Ball,$15.35,$60.72
NES,Gotcha,$8.80,$26.00
NES,M.C. Kids,$24.62,$62.50
NES,Vegas Dream,$7.23,$17.99
NES,Chubby Cherub,$94.17,$529.27
NES,Deadly Towers,$9.34,$30.39
NES,Wheel of Fortune,$7.00,$19.94
NES,Power Pad,$25.00,$159.62
NES,Uninvited,$81.80,$199.97
NES,8 Eyes,$15.14,$44.70
NES,Action 52,$285.30,$564.60
NES,Popeye,$25.00,$192.39
NES,Zelda II The Adventures Of Link [Mattel],$99.95,$152.99
NES,Bomberman II,$169.96,$357.00
NES,Donkey Kong Jr,$26.00,$298.34
NES,Ghost Lion,$122.94,$233.89
NES,Cyberstadium Series Base Wars,$9.96,$34.99
NES,A Boy and His Blob Trouble on Blobolonia,$11.00,$52.84
NES,Black Bass,$12.74,$28.41
NES,Silver Surfer,$27.61,$152.50
NES,Wayne's World,$231.96,$658.75
NES,Othello,$3.94,$17.37
NES,Adventures of Lolo 3,$64.99,$169.74
NES,Nes Action Set [Blue Box],$173.99,$691.41
NES,Bad News Baseball,$16.48,$54.63
NES,Bandai Golf Challenge Pebble Beach,$3.28,$14.45
NES,1942,$14.99,$62.92
NES,Balloon Fight,$29.83,$180.50
NES,Wacky Races,$356.32,$831.62
NES,Tecmo NBA Basketball [N7],$260.00,$592.41
NES,Adventures of Lolo 2,$38.66,$87.55
NES,Dynowarz The Destruction of Spondylus,$8.95,$55.23
NES,Battle of Olympus,$19.30,$49.99
NES,SCAT Special Cybernetic Attack Team,$176.35,$425.00
NES,King's Knight,$10.36,$87.25
NES,To the Earth,$7.35,$25.72
NES,Xexyz,$13.49,$49.07
NES,Adventures of Tom Sawyer,$13.86,$39.50
NES,Castlequest,$8.93,$36.00
NES,Renegade,$10.96,$51.47
NES,Jordan vs Bird One on One,$4.44,$38.13
NES,Kings of the Beach,$7.83,$24.91
NES,Mario's Time Machine,$111.75,$345.58
NES,Nintendo NES Console [Mario Bros Bundle],$252.28,$894.13
NES,Gradius,$19.17,$76.25
NES,Micro Machines,$38.31,$64.99
NES,Track and Field,$8.75,$39.50
NES,California Games,$10.04,$39.35
NES,Stinger,$15.76,$135.00
NES,Cobra Triangle,$8.75,$32.49
NES,The Three Stooges,$12.43,$43.45
NES,Wolverine,$27.35,$127.97
NES,Hoops,$6.40,$20.00
NES,Day Dreamin' Davey,$25.76,$119.99
NES,Metroid [5 Screw],$35.31,$241.50
NES,World Class Track Meet,$8.78,$21.51
NES,NFL Football,$7.99,$33.19
NES,Bugs Bunny Birthday Blowout,$12.05,$42.00
NES,Star Wars The Empire Strikes Back,$30.30,$75.13
NES,Addams Family,$17.27,$59.99
NES,Mad Max,$14.99,$66.47
NES,WWF Wrestlemania Challenge,$10.43,$61.08
NES,Batman Returns,$31.68,$112.83
NES,720,$7.77,$45.00
NES,Destiny of an Emperor,$39.97,$121.93
NES,Super Spike Volleyball,$7.06,$27.71
NES,Gyruss,$9.99,$35.99
NES,Last Action Hero,$135.66,$300.00
NES,Snake Rattle n Roll,$11.42,$42.49
NES,Spot: The Video Game,$11.25,$64.35
NES,Total Recall,$10.99,$33.64
NES,Kabuki Quantum Fighter,$30.99,$84.48
NES,Kid Niki Radical Ninja,$12.50,$132.49
NES,Spy vs. Spy,$12.85,$61.54
NES,NES Max Controller,$18.85,$49.01
NES,Ghostbusters,$16.49,$99.99
NES,Joust,$14.59,$37.35
NES,Abadox,$18.76,$57.78
NES,Dragon Power,$11.00,$48.69
NES,Al Unser Jr. Turbo Racing,$8.27,$27.64
NES,Ice Climber,$24.99,$200.00
NES,Megacom 76,$29.99,
NES,Swords and Serpents,$9.09,$39.99
NES,Wild Gunman,$46.83,$221.66
NES,Wrecking Crew,$24.99,$156.95
NES,Star Voyager,$7.76,$30.00
NES,Heavy Shreddin',$5.52,$44.16
NES,Rainbow Islands,$39.01,$120.94
NES,Solar Jetman,$9.65,$34.53
NES,Werewolf,$24.49,$100.00
NES,Excitebike [5 Screw],$15.15,$110.74
NES,Jurassic Park,$16.50,$82.16
NES,Cybernoid The Fighting Machine,$9.12,$23.12
NES,Die Hard,$199.99,$512.49
NES,Dragon's Lair the Legend,$29.99,$87.50
NES,Rally Bike,$16.06,$65.55
NES,Rush'n Attack,$9.82,$54.36
NES,Attack of the Killer Tomatoes,$70.34,$191.25
NES,Ghoul School,$54.00,$190.30
NES,Championship Bowling,$5.95,$20.82
NES,Bad Street Brawler,$14.81,$57.21
NES,Mario Is Missing,$25.15,$88.62
NES,Flying Dragon,$10.13,$42.67
NES,Bard's Tale,$25.29,$63.84
NES,Fist of the North Star,$27.62,$239.03
NES,Jackie Chan's Action Kung Fu,$96.62,$464.75
NES,North and South,$34.50,$99.99
NES,POW Prisoners of War,$13.15,$51.69
NES,RoboCop 2,$28.93,$69.04
NES,The Magic of Scheherazade,$22.61,$69.13
NES,Smash TV,$15.58,$60.29
NES,Pin-Bot,$5.27,$26.03
NES,Nintendo Campus Challenge 1991 [Reproduction],$172.10,"$1,037.27"
NES,Predator,$18.47,$128.75
NES,Dogbone Controller,$37.50,$142.68
NES,Crash 'n' the Boys: Street Challenge,$53.12,$246.75
NES,Dirty Harry,$14.45,$42.41
NES,Casino Kid II,$130.99,$440.00
NES,Frankenstein the Monster Returns,$129.41,$355.57
NES,Guerrilla War,$16.29,$73.25
NES,Karate Champ,$7.97,$38.47
NES,Kiwi Kraze,$30.00,$99.25
NES,Time Lord,$8.57,$47.48
NES,Bill and Ted's Excellent Video Game,$14.30,$49.93
NES,Indiana Jones and the Last Crusade,$49.99,$181.43
NES,Kickle Cubicle,$24.95,$87.40
NES,Toki,$55.00,$180.00
NES,Deja Vu,$14.29,$52.60
NES,Airwolf,$9.19,$32.95
NES,Terminator 2 Judgment Day,$14.58,$51.50
NES,Barbie,$13.79,$37.85
NES,Thundercade,$10.92,$45.63
NES,Bugs Bunny Crazy Castle,$12.84,$42.00
NES,Nintendo World Cup,$9.72,$29.99
NES,Zapper Light Gun [Gray],$15.23,$110.00
NES,Dr Jekyll and Mr Hyde,$21.44,$79.32
NES,Krusty's Fun House,$17.77,$90.56
NES,Millipede,$9.99,$25.56
NES,Rolling Thunder,$14.11,$32.73
NES,Shinobi,$16.62,$65.93
NES,Superman,$24.99,$106.25
NES,The Simpsons Bartman Meets Radioactive Man,$24.99,$184.61
NES,Air Fortress,$13.28,$33.89
NES,Gilligan's Island,$23.79,$59.99
NES,Tombs and Treasure,$38.18,$129.99
NES,Skate or Die 2,$10.07,$55.19
NES,Tecmo NBA Basketball,$10.12,$26.72
NES,Days Of Thunder,$10.32,$32.75
NES,Shingen the Ruler,$13.10,$31.70
NES,Kid Kool,$19.24,$78.21
NES,Defender II,$9.20,$25.78
NES,Little League Baseball,$14.85,$42.00
NES,Magmax,$6.90,$31.15
NES,Hunt for Red October,$8.94,$36.44
NES,Home Alone 2 Lost In New York,$10.45,$48.00
NES,Hot Slots,"$1,882.57","$4,999.00"
NES,Mystery Quest,$11.66,$54.65
NES,Star Soldier,$9.42,$36.46
NES,Dungeon Magic,$10.80,$44.04
NES,Godzilla 2,$161.84,$425.00
NES,The Mafat Conspiracy,$10.33,$47.28
NES,The Ren and Stimpy Show Buckeroos,$28.22,$177.33
NES,Jeopardy,$4.69,$13.57
NES,Ninja Crusaders,$47.57,$193.09
NES,Trog,$18.19,$74.40
NES,Snoopy's Silly Sports,$9.38,$54.36
NES,Advanced Dungeons & Dragons Pool of Radiance,$58.10,$122.77
NES,Super Pitfall,$12.93,$41.37
NES,Super Spy Hunter,$59.99,$206.65
NES,Where's Waldo,$9.25,$45.91
NES,Immortal,$15.65,$54.61
NES,Conan the Mysteries of Time,$75.00,$226.75
NES,Athletic World [Family Fun Fitness],$17.85,$888.13
NES,Home Alone,$20.25,$51.56
NES,Xenophobe,$8.33,$34.24
NES,Might and Magic,$78.50,$220.00
NES,Nightshade,$29.71,$65.85
NES,Solomon's Key,$14.20,$70.69
NES,Knight Rider,$13.46,$29.75
NES,Pac-Man [Namco],$12.59,$30.87
NES,Cool World,$125.02,$364.99
NES,American Gladiators,$11.34,$41.99
NES,Legend of Kage,$11.29,$51.50
NES,Mario Bros [5 Screw],$35.00,$307.68
NES,Phantom Fighter,$14.57,$47.90
NES,Town & Country II: Thrilla's Surfari,$29.91,$194.99
NES,Hydlide,$7.86,$30.29
NES,Win Lose or Draw,$7.31,$19.63
NES,Caveman Games,$14.96,$52.15
NES,Wurm Journey to the Center of the Earth,$36.66,$88.99
NES,Xevious,$7.97,$22.35
NES,Power Punch II,$29.95,$95.00
NES,Wizards and Warriors III Kuros Visions of Power,$27.99,$113.65
NES,Golf Grand Slam,$42.25,$76.00
NES,Cabal,$15.02,$63.19
NES,Mendel Palace,$20.00,$56.14
NES,Kung Fu [5 Screw],$14.99,$129.46
NES,Captain America and the Avengers,$38.99,$210.00
NES,Genghis Khan,$18.99,$56.45
NES,Amagon,$11.69,$36.80
NES,Magic Johnson's Fast Break,$6.12,$21.65
NES,Race America,$117.50,$231.75
NES,Section Z,$11.49,$70.27
NES,Star Trek 25th Anniversary,$19.79,$45.00
NES,Cleaning Kit,$12.95,$18.92
NES,Circus Caper,$15.49,$69.99
NES,Captain Comic,$19.79,$49.99
NES,MUSCLE,$20.00,$99.97
NES,Prince of Persia,$35.00,$95.21
NES,Uncharted Waters,$80.43,$186.61
NES,WCW World Championship Wrestling,$11.80,$83.00
NES,Alien 3,$42.45,$112.57
NES,After Burner,$12.05,$53.98
NES,Dr Chaos,$12.44,$59.99
NES,Widget,$78.66,$293.76
NES,Adventures of Rad Gravity,$24.95,$67.88
NES,Bump 'n' Jump,$8.84,$50.45
NES,MTV Remote Control,$6.15,$31.50
NES,Mach Rider,$10.12,$97.64
NES,Joe and Mac,$21.80,$71.28
NES,Bill Elliott's NASCAR Challenge,$7.99,$39.34
NES,Taboo the Sixth Sense,$13.02,$35.01
NES,Freedom Force,$22.77,$54.62
NES,Tecmo World Wrestling,$12.15,$38.48
NES,Terminator,$54.62,$236.38
NES,Rescue the Embassy Mission,$8.98,$34.09
NES,Goal,$4.64,$20.01
NES,Faria,$106.18,$299.99
NES,Super Mario Bros 2J [Homebrew],$49.95,$535.10
NES,3D WorldRunner,$9.74,$49.99
NES,Battle Chess,$10.75,$37.89
NES,Isolated Warrior,$48.90,$119.99
NES,Starship Hector,$22.58,$38.48
NES,Super Team Games,$7.46,$24.28
NES,Alfred Chicken,$104.96,$379.95
NES,Stealth,$7.36,$19.99
NES,Lee Trevino's Fighting Golf,$4.69,$19.33
NES,Alien Syndrome,$15.49,$55.25
NES,Mappy-Land,$15.78,$49.87
NES,The Last Ninja,$36.42,$111.03
NES,Tom and Jerry,$12.54,$56.50
NES,Rocket Ranger,$7.43,$29.56
NES,Ikari Warriors III,$40.83,$120.50
NES,Roger Clemens' MVP Baseball,$5.48,$22.91
NES,Ms. Pac-Man [Tengen],$14.28,$34.02
NES,Nintendo Campus Challenge 1991,"$17,050.00",
NES,Nintendo NES Sports Set Console,$149.99,$354.60
NES,Robo Warrior,$10.12,$48.92
NES,Wrecking Crew [5 Screw],$25.48,$117.50
NES,NES Satellite 4 Controller Port,$27.82,$65.57
NES,Baseball [5 Screw],$8.99,$80.84
NES,Bible Buffet,$88.44,$153.38
NES,Mechanized Attack,$33.91,$64.95
NES,Paperboy 2,$18.91,$50.12
NES,Peter Pan and the Pirates,$16.75,$50.78
NES,Ultima Warriors of Destiny,$72.73,$163.03
NES,Castle of Dragon,$19.98,$66.11
NES,Cobra Command,$9.50,$46.85
NES,Young Indiana Jones Chronicles,$99.97,$265.50
NES,Archon,$12.91,$40.00
NES,Athena,$14.99,$54.92
NES,Klax,$13.43,$30.42
NES,Mutant Virus,$48.25,$105.78
NES,Pinball Quest,$9.46,$29.00
NES,RBI Baseball 2,$10.07,$22.99
NES,Trojan,$8.89,$66.62
NES,Super Spike Volleyball and World Cup Soccer,$5.45,$17.71
NES,Ikari Warriors II,$9.61,$51.78
NES,Big Nose the Caveman,$15.04,$44.12
NES,Bigfoot,$9.61,$45.94
NES,Kid Icarus [5 Screw],$29.36,$141.00
NES,Alfonzo's Arctic Adventure [Homebrew],$74.91,
NES,Analogue NT Mini Noir,"$1,199.50","$1,220.67"
NES,Fantastic Adventures of Dizzy,$13.30,$39.46
NES,Pro Sports Hockey,$199.56,$660.69
NES,Ghosts 'n Goblins [5 Screw],$18.33,$104.50
NES,Low G Man,$11.27,$34.99
NES,Lunar Pool,$6.19,$21.40
NES,The Rocketeer,$14.07,$66.68
NES,Castlevania [5 Screw],$36.50,$175.00
NES,Gemfire,$131.63,$257.41
NES,Laser Invasion,$19.99,$76.94
NES,Rock 'n Ball,$7.98,$32.00
NES,Tennis,$12.49,$90.00
NES,Videomation,$11.34,$32.49
NES,Vindicators,$9.99,$30.25
NES,Wizardry: Proving Grounds of the Mad Overlord,$21.85,$65.82
NES,Addams Family Pugsley's Scavenger Hunt,$85.00,$209.71
NES,Blues Brothers,$48.40,$165.65
NES,Puss N' Boots: Pero's Great Adventure,$17.99,$60.28
NES,Infiltrator,$6.49,$28.85
NES,Nobunaga's Ambition,$21.95,$63.80
NES,Arch Rivals,$10.51,$39.99
NES,Heavy Barrel,$18.50,$66.02
NES,Hogan's Alley [5 Screw],$13.67,$99.00
NES,Elevator Action,$15.67,$83.00
NES,Exodus Journey to the Promised Land,$17.00,$46.25
NES,Formula One Built To Win,$41.67,$103.50
NES,Metal Mech,$17.98,$62.50
NES,Motor City Patrol,$64.99,$193.42
NES,Tecmo Baseball,$7.70,$21.46
NES,Muppet Adventure,$15.00,$50.92
NES,Desert Commander,$7.99,$30.80
NES,Donkey Kong Jr Math [5 Screw],$177.90,"$2,100.00"
NES,Duck Tales [Gold Cartridge],,"$15,032.25"
NES,Gumshoe,$17.37,$164.81
NES,Punch-Out [Classic Series],$16.57,$55.37
NES,Space Shuttle Project,$23.75,$75.00
NES,Thunder and Lightning,$17.99,$52.49
NES,Iron Tank,$9.54,$28.89
NES,Slalom,$11.73,$119.37
NES,Ultima Quest of the Avatar,$25.50,$84.75
NES,Where in Time is Carmen Sandiego,$12.48,$38.42
NES,Color A Dinosaur,$119.88,$549.50
NES,Robin Hood Prince of Thieves,$10.92,$38.71
NES,Sesame Street Big Bird's Hide and Speak,$8.02,$34.32
NES,Terra Cresta,$53.67,$176.50
NES,Retro USB AVS,$316.43,$321.25
NES,Tag Team Wrestling,$8.07,$44.99
NES,10-Yard Fight [5 Screw],$8.99,$53.75
NES,Advanced Dungeons & Dragons Heroes of the Lance,$21.47,$71.95
NES,Galf,$55.00,$63.30
NES,Last Starfighter,$27.31,$130.50
NES,Pac-Man [Tengen Gray],$13.56,$37.31
NES,Twin Eagle,$14.99,$58.00
NES,King's Quest V,$34.50,$101.71
NES,Mega Man 6 [Capcom Variant],,
NES,Advanced Dungeons & Dragons Hillsfar,$176.46,$344.97
NES,Blue Marlin,$23.38,$62.88
NES,Spelunker,$16.83,$91.45
NES,Toobin',$22.50,$42.79
NES,Totally Rad,$32.62,$85.99
NES,Cliffhanger,$75.00,$249.00
NES,Big Nose Freaks Out,$129.90,$247.46
NES,Mighty Bomb Jack,$11.99,$109.96
NES,Popeye [5 Screw],$24.34,$142.50
NES,Castelian,$23.01,$69.01
NES,Dance Aerobics,$10.47,$22.20
NES,Image Fight,$20.20,$79.99
NES,Palamedes,$13.94,$47.48
NES,All-Pro Basketball,$8.75,$30.39
NES,M.U.L.E.,$29.00,$69.95
NES,Menace Beach,$289.45,$499.99
NES,Barker Bill's Trick Shooting,$15.48,$32.28
NES,Bandit Kings of Ancient China,$103.45,$200.00
NES,Bases Loaded 4,$69.62,$185.00
NES,Commando [5 Screw],$11.95,$54.75
NES,Indiana Jones and the Temple of Doom [Tengen],$17.92,$75.00
NES,Pipe Dream,$9.75,$34.10
NES,Short Order/Eggsplode,$11.05,$36.06
NES,Super Sprint,$5.90,$30.99
NES,The Adventures of Rocky and Bullwinkle and Friends,$19.99,$69.25
NES,Urban Champion,$14.11,$253.31
NES,Defenders of Dynatron City,$45.63,$81.02
NES,Casino Kid,$8.41,$20.77
NES,Baby Boomer,$70.35,$129.77
NES,Captain Planet and the Planeteers,$21.87,$92.31
NES,Ring King,$10.70,$55.00
NES,Tecmo Cup Soccer,$99.99,$232.21
NES,Tiny Toon Adventures 2 Trouble in Wackyland,$15.00,$66.25
NES,Lethal Weapon,$68.00,$201.95
NES,Ms. Pac-Man [Namco],$43.49,$83.37
NES,Operation Secret Storm,$99.00,$156.47
NES,Robodemons,$44.00,$86.75
NES,Wild Gunman [5 Screw],$44.02,$207.45
NES,Tiny Toon Adventures Cartoon Workshop,$19.99,$95.00
NES,Danny Sullivan's Indy Heat,$27.37,$103.00
NES,Bram Stoker's Dracula,$75.06,$184.00
NES,Mickey's Safari in Letterland,$19.44,$91.00
NES,Shooting Range,$9.77,$29.99
NES,Roller Games,$14.00,$65.10
NES,RoadBlasters,$7.50,$29.15
NES,Athletic World,$16.42,$40.69
NES,Dudes with Attitude,$13.82,$37.67
NES,Incredible Crash Dummies,$24.99,$95.87
NES,Mega Man [First Print],$92.88,$719.99
NES,Rampart,$22.49,$39.99
NES,Twin Dragons [Homebrew],$70.62,$80.30
NES,Digger T Rock,$19.23,$40.00
NES,Classic Concentration,$8.91,$31.19
NES,Trojan [5 Screw],$9.98,$101.00
NES,Twin Cobra,$21.99,$53.75
NES,Flying Warriors,$21.07,$125.74
NES,Donkey Kong [5 Screw],$49.21,$249.97
NES,Lemmings,$45.02,$103.87
NES,Moon Ranger,$299.50,$454.01
NES,Quattro Adventure,$11.03,$29.99
NES,Quickshot Sighting Scope,$74.25,$192.07
NES,Times of Lore,$105.00,$291.01
NES,Jack Nicklaus Golf,$4.00,$19.63
NES,Blades of Steel [Classic Series],$17.50,$112.40
NES,Little Ninja Brothers,$70.41,$329.29
NES,Side Pocket,$8.36,$34.20
NES,The Jungle Book,$48.00,$149.99
NES,Defender of the Crown,$7.02,$29.75
NES,James Bond Jr,$57.70,$150.00
NES,Racermate Challenge II,$187.63,$599.00
NES,Rollerblade Racer,$27.02,$97.56
NES,Ice Climber [5 Screw],$27.99,$243.16
NES,Mega Man 2 [30th Anniversary Edition],$110.00,$125.00
NES,Ninja Kid,$13.00,$73.84
NES,Bases Loaded 3,$8.99,$35.99
NES,Gyromite [ROB Bundle],$224.77,$787.45
NES,NES Test Station,"$6,000.00","$21,000.00"
NES,Top Players Tennis,$6.92,$23.31
NES,Double Dare,$17.99,$69.00
NES,Fantasy Zone,$29.50,$84.37
NES,Michael Andretti's World GP,$7.51,$28.42
NES,RBI Baseball 3,$8.96,$26.92
NES,King Neptune's Adventure,$121.50,$271.75
NES,Legends of the Diamond,$21.63,$51.25
NES,Road Runner,$13.30,$47.00
NES,Ski or Die,$12.99,$36.50
NES,Talking Super Jeopardy,$5.00,$15.35
NES,City Connection,$9.73,$56.12
NES,Advanced Dungeons & Dragons Dragon Strike,$95.48,$228.00
NES,Jeopardy 25th Anniversary,$7.99,$16.03
NES,Baseball Stars 2,$21.49,$89.99
NES,Burai Fighter,$17.73,$59.99
NES,Golf [5 Screw],$6.99,$40.00
NES,Amazon's Training Road [Homebrew],$42.50,$53.46
NES,Arkanoid,$16.00,$120.00
NES,California Raisins The Great Escape [Reproduction],$43.33,$90.25
NES,Wally Bear and the No Gang,$49.95,$144.66
NES,Harlem Globetrotters,$15.64,$53.00
NES,Balloon Fight [5 Screw],$30.29,$130.73
NES,Qix,$45.01,$116.48
NES,Wheel of Fortune Junior Edition,$6.67,$22.14
NES,Wizards and Warriors [5 Screw],$15.98,$110.41
NES,High Speed,$12.99,$35.75
NES,Darkman,$29.72,$103.93
NES,Boulder Dash,$16.93,$61.14
NES,A Boy and His Blob Trouble on Blobolonia [Limited Run],$21.63,$42.39
NES,BreakThru,$13.26,$47.14
NES,Goal Two,$33.99,$240.82
NES,MIG-29: Soviet Fighter,$9.97,$30.00
NES,Monster Truck Rally,$27.11,$87.12
NES,Nintendo World Championship [Reproduction],$46.91,$160.54
NES,Galf [Gold],$518.91,"$1,816.15"
NES,NES Four Score,$32.47,$53.14
NES,Slalom [5 Screw],$11.80,$123.54
NES,Winter Games,$6.16,$39.95
NES,Hook,$16.13,$50.50
NES,1942 [5 Screw],$19.99,$69.12
NES,Battletoads [Legacy Cartridge Collection],$160.00,$178.65
NES,Impossible Mission II,$21.63,$46.50
NES,King of Kings,$20.62,$75.00
NES,Romance of the Three Kingdoms II,$88.00,$132.50
NES,Star Force,$11.03,$40.08
NES,The Goonies II [5 Screw],$47.81,$89.99
NES,WWF King of the Ring,$30.08,$199.99
NES,Nintendo NES Controller 2 Pack,$57.10,$74.99
NES,Baseball Simulator 1.000,$10.00,$41.35
NES,Galaxy 5000,$34.76,$116.17
NES,Alpha Mission,$9.56,$40.46
NES,Sesame Street ABC,$5.50,$24.19
NES,Sesame Street Countdown,$19.98,$79.99
NES,Sweet Home [Homebrew],$32.99,$157.29
NES,Volleyball,$13.00,$160.00
NES,Wayne Gretzky Hockey,$9.99,$44.01
NES,Stanley The Search for Dr Livingston,$42.62,$130.31
NES,Star Trek The Next Generation,$28.21,$77.11
NES,Target Renegade,$10.00,$39.99
NES,Battleship,$16.21,$46.00
NES,Sesame Street 123,$6.06,$22.33
NES,Crystal Mines,$31.99,$87.99
NES,Flight of the Intruder,$14.09,$32.00
NES,Zanac,$17.25,$62.16
NES,Nintendo NES Classic Edition Controller,$40.96,$44.45
NES,Caesar's Palace,$6.04,$18.59
NES,Ikari Warriors [5 Screw],$10.41,$69.99
NES,Death Race,$40.00,$134.00
NES,Haunted: Halloween '86,,$138.75
NES,Jay and Silent Bob Mall Brawl [Homebrew],$69.82,$79.99
NES,Venice Beach Volleyball,$11.45,$53.85
NES,ORB 3D,$9.42,$40.83
NES,NES Cleaning Kit [First Print],$7.38,$26.00
NES,Super Mario Bros. 3 [Red Label],$32.25,$112.88
NES,3D WorldRunner [5 Screw],$10.25,$149.99
NES,George Foreman's KO Boxing,$10.90,$37.52
NES,Micro Mages [Homebrew],$45.99,$95.52
NES,Pyramid,$10.58,$59.53
NES,The Untouchables,$26.81,$75.00
NES,Wayne Gretzky Hockey [White Jersey],$21.08,$70.00
NES,Wheel of Fortune Family Edition,$4.88,$20.77
NES,Wizardry: Knight of Diamonds Second Scenario,$39.46,$118.94
NES,Donkey Kong 3 [5 Screw],$22.87,$214.24
NES,Galactic Crusader,$50.21,$150.00
NES,Gun.Smoke [Bar],$18.98,$120.00
NES,Hatris,$32.96,$72.50
NES,Mach Rider [5 Screw],$6.98,$113.99
NES,Master Chu and the Drunkard Hu,$46.50,$93.87
NES,Pictionary,$10.63,$21.36
NES,Pro Wrestling [5 Screw],$10.13,$96.00
NES,Soccer [5 Screw],$13.56,$145.19
NES,Thunderbirds,$25.81,$62.77
NES,Battletank,$9.99,$28.99
NES,Alpha Mission [5 Screw],$92.23,$176.74
NES,Magician,$37.36,$118.00
NES,Miracle Piano,$17.95,$187.50
NES,Pinball [5 Screw],$18.16,$73.51
NES,Quattro Sports,$7.17,$25.50
NES,Rod Land: Collector's Edition,$51.75,$181.13
NES,Shockwave,$19.99,$45.89
NES,Gradius [5 Screw],$16.94,$75.44
NES,Holy Diver [Collectors Edition],$85.51,$112.75
NES,Pirates,$30.54,$107.30
NES,Puzznic,$14.04,$39.99
NES,Raid on Bungeling Bay,$12.06,$64.12
NES,Romance of the Three Kingdoms,$17.80,$43.19
NES,Skull and Crossbones,$14.22,$41.21
NES,Power Glove [Small],,
NES,Hudson Hawk,$22.34,$62.30
NES,RetroVision,$676.76,
NES,Caltron 6-in-1,$392.26,$500.44
NES,Jimmy Connors Tennis,$95.00,$218.49
NES,Magic Darts,$10.51,$40.34
NES,Rainbow Brite [Homebrew],$99.99,$124.99
NES,Section-Z [5 Screw],$7.65,$84.00
NES,Spiritual Warfare,$27.70,$68.86
NES,Super Cars,$48.39,$142.85
NES,Treasure Master,$19.99,$62.42
NES,World Games,$8.57,$39.99
NES,Nigel Mansell's World Championship Racing,$21.70,$110.00
NES,Donkey Kong Jr [5 Screw],$31.31,$275.95
NES,Fisher Price Perfect Fit,$8.16,$49.99
NES,Great Waldo Search,$21.73,$70.75
NES,Pesterminator,$74.52,$158.75
NES,Pesterminator [Black],$224.22,$786.77
NES,Seicross,$7.56,$24.95
NES,Ultimate Stuntman,$15.47,$53.97
NES,Conflict,$16.48,$44.49
NES,Best of the Best Championship Karate,$64.29,$217.55
NES,Deathbots,$19.99,$50.00
NES,Mission Cobra,$69.78,$106.52
NES,Nintendo NES Test Market Console,$291.79,$751.89
NES,Rygar [5 Screw],$15.81,$65.30
NES,Silk Worm,$30.24,$96.50
NES,Bo Jackson Baseball,$14.09,$43.09
NES,Gold Medal Challenge '92,$16.44,$30.32
NES,Arkanoid [5 Screw],$19.97,$91.78
NES,Bee 52,$18.05,$63.53
NES,Elevator Action [5 Screw],$15.04,$39.95
NES,Metal Storm [Limited Run Collector's Edition],$99.99,$104.97
NES,Port Test Cartridge,"$1,061.89",
NES,Power Pad Test Cartridge,"$1,207.01",
NES,UForce,$30.49,$60.65
NES,Klash Ball,$20.49,$66.12
NES,Wayne Gretzky Hockey [White Jersey No Logo],$49.47,$94.95
NES,Bible Adventures [Blue],$20.70,$24.99
NES,Chessmaster,$5.65,$16.24
NES,EarthBound [Homebrew],$42.22,$89.99
NES,Kid Niki Radical Ninja [5 Screw],$22.05,$229.16
NES,Kubo 3 [Homebrew],$63.43,
NES,Nintendo NES Console [Player's Guide Bundle],$114.29,$400.00
NES,Sky Kid,$15.40,$77.50
NES,Street Cop,$43.09,$113.00
NES,Touchdown Fever,$14.99,$44.99
NES,Volleyball [5 Screw],$16.59,$194.10
NES,World Champ,$39.73,$100.44
NES,Video Game Organizer,$56.91,$149.95
NES,Nintendo Entertainment System Cabinet,,
NES,Championship Pool,$19.36,$50.00
NES,Adventure Island 4 [Homebrew],$44.91,$61.66
NES,Break Time The National Pool Tour,$19.99,$40.52
NES,Fisher-Price Firehouse Rescue,$36.64,$169.75
NES,Garbage Pail Kids: Mad Mike and the Quest for Stale Gum,$100.68,
NES,Linus Spacehead's Cosmic Crusade,$80.00,$132.83
NES,Lode Runner,$13.71,$58.56
NES,Lunar Pool [5 Screw],$12.79,$79.85
NES,Maxi 15,$55.00,$111.67
NES,Nobunaga's Ambition 2,$105.73,$200.00
NES,Puzzle,$11.40,$35.00
NES,Spy Hunter [5 Screw],$12.99,$57.66
NES,L'Empereur,$90.00,$204.26
NES,Acclaim Wireless Infrared Remote Controller,$24.35,$49.99
NES,Athena [5 Screw],$15.00,$50.99
NES,BurgerTime [5 Screw],$14.87,$72.58
NES,Castle of Deceit [Blue],$107.50,$243.15
NES,Overlord,$20.87,$59.88
NES,Star Force [5 Screw],$364.29,"$1,275.00"
NES,Tag Team Wrestling [5 Screw],$9.99,$67.76
NES,The Untouchables [Blue Label],$50.99,$180.90
NES,Tiles of Fate,$12.99,$47.12
NES,Urban Champion [5 Screw],$14.04,$173.09
NES,Alwa's Awakening,$99.99,$116.42
NES,F-15 Strike Eagle,$11.71,$38.99
NES,Hollywood Squares,$7.96,$29.99
NES,NES Classic Edition Carrying Case,$2.46,$8.75
NES,Castle of Deceit,$125.14,$175.00
NES,Firehawk,$15.37,$55.00
NES,Fisher Price I Can Remember,$11.20,$50.27
NES,Raid 2020,$26.23,$61.50
NES,Soccer,$11.14,$140.78
NES,Sunday Funday,$249.99,$336.00
NES,Super Mario Bros 2 The Lost Levels [Homebrew],$45.00,$741.70
NES,Ultimate League Soccer,$42.60,$128.90
NES,WWF Wrestlemania Steel Cage Challenge,$12.00,$63.07
NES,Quickshot Joystick,$10.58,$11.05
NES,Athletic World [5 Screw],$16.49,$29.75
NES,Blackjack,$50.00,$80.28
NES,Cyberball,$17.09,$62.48
NES,Double Strike,$17.50,$71.00
NES,Eliminator Boat Duel,$33.70,$68.35
NES,F-117A Stealth Fighter,$20.34,$60.11
NES,King of Kings [Camel Cover],$19.92,$90.00
NES,Krazy Kreatures,$17.99,$60.56
NES,Loopz,$9.00,$29.21
NES,Rad Racer [5 Screw],$13.68,$76.25
NES,Roll & Rocker,$74.99,$159.98
NES,Rush'n Attack [5 Screw],$14.09,$79.29
NES,Trolls on Treasure Island,$22.49,$88.00
NES,Ultimate Basketball,$9.98,$49.28
NES,Witch n' Wiz,$49.99,$74.84
NES,The Edge Joystick,$10.00,$20.00
NES,Hyperkin RetroN 5,$146.76,$169.99
NES,Sharp Game Television Controller,$121.37,$300.00
NES,Game Action Replay,$120.40,$308.89
NES,10 Game Cartridge Storage Case,$35.00,$122.50
NES,Challenge of the Dragon,$138.27,$354.49
NES,Haunted Halloween '87 [Homebrew],$111.22,$114.50
NES,Jeopardy Jr,$5.38,$25.18
NES,Nexoft The Dominator ProBeam Wireless Zapper,,
NES,P'radikus Conflict,$57.51,$151.00
NES,Secret Scout,$190.42,$500.82
NES,Silent Assault,$35.98,$69.99
NES,Super C [5 Screw],,
NES,Tennis [5 Screw],$13.54,$135.00
NES,Ultimate Air Combat,$38.38,$104.97
NES,Nintendo GPX1500 Laserline Game Pak Storage,,
NES,Nintendo World Championships Controller,,
NES,Arkanoid [Controller Bundle],$73.57,$220.96
NES,Cheetahmen II: The Lost Levels [Homebrew],$124.25,$132.50
NES,F-15 City War,$14.50,$29.63
NES,Ferrari Grand Prix Challenge,$10.86,$51.74
NES,Garbage Pail Kids: Mad Mike and the Quest for Stale Gum [Pink],,$320.00
NES,Joshua: The Battle of Jericho,$30.36,$67.50
NES,Karate Champ [5 Screw],$8.89,$36.99
NES,Micro Machines [Aladdin],$19.48,$23.09
NES,Myriad 6-in-1,"$1,197.42","$1,489.30"
NES,Greg Norman's Golf Power,$11.99,$34.45
NES,15 Game Laserline Storage Cabinet,,
NES,8-Bit Xmas 2020,$112.50,
NES,Big Nose Freaks Out [Aladdin],$13.32,$26.74
NES,Doodle World: Redrawn,$59.99,
NES,Family Feud,$10.99,$24.24
NES,Gimmick [Limited Run],$19.72,$70.00
NES,Gyromite [Mattel],,
NES,Kirby's Adventure [French],$18.29,$64.00
NES,Maniac Mansion [Limited Run],$62.94,$99.98
NES,Mickey's Adventure in Numberland,$72.07,$293.50
NES,Miracle Piano Keyboard,$40.59,$135.00
NES,R.C. Pro-Am II [Retro-Bit],,
NES,RBI Baseball [Gray Cart],$14.95,$55.00
NES,Sesame Street ABC and 123,$8.99,$102.50
NES,Solomon's Key [5 Screw],$17.00,$77.27
NES,Star Wars [Classic Edition],$43.49,$90.50
NES,Stunt Kids,$47.74,$100.00
NES,Super Contra 7 [Homebrew],$44.73,
NES,Fun House,$16.13,$57.59
NES,Acclaim Double Player Wireless Controllers,$19.45,$68.08
NES,Analogue NT Mini,$66.00,$999.50
NES,Battletoads and Double Dragon [Collector's Edition],$49.97,$55.00
NES,EverDrive N8,$91.35,$125.00
NES,Kung Fu II,$86.03,$301.11
NES,Legend of Kage [5 Screw],$14.32,$115.51
NES,Resident Evil [Homebrew],$37.50,$55.12
NES,Rick & Morty [Homebrew],$59.99,
NES,Road Fighter [Homebrew],$44.99,
NES,Roundball 2-on-2 Challenge,$11.99,$37.59
NES,Secret Scout [Blue],$294.58,"$1,031.03"
NES,Sky Kid [5 Screw],$14.52,$79.99
NES,Wheel of Fortune Featuring Vanna White,$6.92,$27.02
NES,Nintendo Video Game Preserver,$44.99,
NES,Haunted Halloween '86 [Homebrew],$36.57,$70.56
NES,Rugrats: Adventures In Gameland,$48.97,$95.00
NES,Racket Attack,$6.31,$24.10
NES,I’m Kid Dracula [Homebrew],$62.98,$299.99
NES,Beeshu Zipper Controller,$18.22,$34.99
NES,Dizzy the Adventurer,$15.18,$53.13
NES,Impossible Mission II [AVE],$16.02,$48.71
NES,Joystick Test Cartridge,"$1,108.33",
NES,Ninja Kid [5 Screw],$14.76,$131.38
NES,Quattro Arcade,$21.53,$49.91
NES,Rollerball,$7.24,$28.94
NES,Zanac [5 Screw],$20.31,$139.75
NES,Deadly Towers [5 Screw],$20.19,$87.17
NES,Final Fantasy VII [Homebrew],$39.99,
NES,Hollywood Squares [Black Box],$32.65,$114.43
NES,Eliminator Cleaning Kit,$12.47,$19.58
NES,Splatterhouse [Homebrew],$34.00,$146.66
NES,Aladdin Deck Enhancer,$37.16,$71.16
NES,Cheetahmen: The Creation,$33.66,$199.00
NES,Crystal Mines [Black],$180.00,$630.00
NES,Fantastic Adventures of Dizzy [Aladdin],$17.99,$19.99
NES,Gumshoe [5 Screw],$17.24,$102.49
NES,Impossible Mission II [SEI],$17.99,$49.25
NES,Laserscope,$54.85,$214.99
NES,Nintendo NES Player's Guide Console,$79.57,$278.12
NES,Pac-Mania,$19.72,$39.99
NES,Silent Assault [Black],$157.50,$551.25
NES,Solitaire,$32.67,$84.44
NES,Top Gun [5 Screw],$9.18,$57.10
NES,NES Super Controller,$18.25,$65.00
NES,Hyperkin RetroN 2,$29.99,$49.32
NES,Z-Bag Carrying Case,$39.50,$138.25
NES,Nintendo NES RF Switch,$7.97,$16.45
NES,Gauntlet [Gray Cart],$15.85,$47.99
NES,Haunted Halloween '85 [Homebrew],$54.95,$63.35
NES,SCAT Special Cybernetic Attack Team [Limited Run],$32.53,$82.21
NES,8Bitdo N30 Wireless Gamepad,$5.69,$29.95
NES,A Boy and His Blob: Trouble on Blobolonia [Limited Run Collector's Edition],$41.10,$119.00
NES,Battle Kid: Fortress of Peril [Homebrew],$50.00,$106.88
NES,Breakthru [5 Screw],$12.13,$65.41
NES,Dead Tomb [Homebrew],$58.04,$65.00
NES,EverDrive N8 Pro,$176.75,$180.00
NES,Family Fun Fitness Stadium Events [Timewalk],,
NES,Hammerin' Harry Concrete Collection,$65.00,$95.00
NES,Jay and Silent Bob Mall Brawl [Premium Edition],$88.00,$105.00
NES,Labyrinth [English Translation],,
NES,Larry and the Long Look for Luscious Lover [Homebrew],$200.00,"$2,500.00"
NES,Lode Runner [5 Screw],$18.49,$64.95
NES,Mega Man 10,$34.99,
NES,Mermaids of Atlantis,$52.98,$126.00
NES,Metal Fighter,$27.41,$77.88
NES,NTF2 Test Cartridge,$592.50,$655.00
NES,Nintendo 15 Game Storage Case,,
NES,Nintendo World Championship [25th Anniversary],$395.00,$777.32
NES,Rad Racket: Deluxe Tennis II,$73.47,$149.95
NES,Ring King [5 Screw],$10.99,$100.11
NES,Shadow of the Ninja [Limited Run Collector's Edition],$113.77,$140.00
NES,Snow Bros. [Limited Run],$130.50,
NES,Spelunker [5 Screw],$14.95,$43.91
NES,Super Pitfall [5 Screw],$29.60,$67.66
NES,Tagin' Dragon,$59.99,$121.50
NES,Track and Field [5 Screw],$13.61,$55.70
NES,Winter Games [5 Screw],$12.87,$56.35
NES,Zoomer,$19.00,$109.99
NES,Wico Command Control,$13.75,$48.13
NES,Miniboss Controller,$0.70,$2.50
NES,Supersonic The Joystick Wireless,$75.00,$263.78
NES,Hyperkin RetroN 5 [Special Edition: Hyper Beach],$115.95,$125.31
NES,Double Dribble [5 Screw],$7.31,$33.61
NES,Soda Drinker Pro,$70.00,
NES,Maverick 2,$17.18,$29.99
NES,QuickShot Controller,$10.87,$38.36
NES,Quick Shot Python 2 Deluxe Digital Joystick,$14.99,$52.47
NES,Retro-Bit Retro Entertainment System,$20.04,$28.88
NES,NES Dust Cover,$5.32,$18.62
NES,Covid-19 [Homebrew],,
NES,SCAT Special Cybernetic Attack Team [Green Limited Run Collector's Edition],$7.04,$25.00
NES,Turbo Touch 360,$13.74,$29.74
NES,Nintendo Video Game Caddy,$29.99,$104.97
NES,Freedom Stick Wireless Remote Control,$25.70,$89.95
NES,Zelda III: The Legend of Zelda Outlands [Homebrew],$21.00,
NES,18 Game Storage Cabinet,,
NES,8-Bit Xmas 2022 [Homebrew],$105.00,
NES,8-Bit Xmas 2023 [Homebrew],,
NES,8Bit Music Power Encore [Collector's Edition],,
NES,8Bit Music Power Final [Collector's Edition],$66.00,
NES,8Bit Music Power Final [Homebrew],,
NES,8Bit Music Power [Collector's Edition],$50.00,
NES,8Bit Music Power [Homebrew],$179.90,
NES,8BitDo NES Retro Reciever,,
NES,A Hole New World [Soundtrack],$61.47,
NES,Airball [Homebrew],$58.62,$61.00
NES,Airball [RetroRoomGames],,
NES,Alpha Video Game Organizer,$16.67,
NES,Analogue Nt [Famicom Limited Edition],,
NES,Anamanaguchi: Power Supply 10th Anniversary Cart,$500.00,
NES,Anguna Scourge of the Goblin King [Homebrew],$169.94,
NES,Armed for Battle [Homebrew],,$211.41
NES,Battle Kid 2: Mountain of Torment [Homebrew],$66.87,$76.50
NES,Beeshu Ultimate Superstick,$14.13,$43.98
NES,Black Box Challenge [Homebrew],$75.00,
NES,Blade Buster [Homebrew],,
NES,Blazing Rangers,$68.24,$77.50
NES,Bovinium Quest,$99.00,$99.99
NES,Candelabra: Estoscerro [Homebrew],$58.74,$68.37
NES,Carpet Shark [Homebrew],,
NES,Castlevania Remix [Homebrew],$14.51,$14.99
NES,Changeable Guardian Estique,,
NES,Chaos between Realms Mission to MGC [Homebrew],,
NES,Chew Chew Mimic,,
NES,Clu Clu Land Test Cartridge,$384.00,"$1,344.00"
NES,Clu Clu Land Test Cartridge [5 Screw],,
NES,Copper Jacket,,$43.24
NES,Courier [Homebrew],$36.49,
NES,Crabbie Attack [Homebrew],$36.13,
NES,Creeping it Reel [Homebrew],,$35.00
NES,Creepy Brawlers [Homebrew],$36.50,$39.50
NES,Data East All-Star Collection [Homebrew],$18.00,$19.99
NES,Dawn Metropolis [10th Anniversary Homewbrew],$500.00,
NES,Days of Thunder [Chris Oberth],,
NES,Doki Doki Panic [Homebrew],,$41.83
NES,Doodle World [Homebrew],$14.90,$149.99
NES,Dragon Feet [Homebrew],$300.00,
NES,Dragon Leap [Homebrew],$54.99,
NES,Duck Hunt Test Cartridge,,
NES,Dungeons & Doomknights [Collector's Edition],,$90.00
NES,Dungeons & Doomknights [Homebrew],$95.99,$125.00
NES,Dushlan [Homebrew],$36.72,
NES,Eskimo Bob & Alfonzo's Arctic Adventure,$49.99,$69.99
NES,Exit Loop,,
NES,Eyra The Crow Maiden,$35.00,$49.99
NES,Family Picross [Homebrew],$30.00,
NES,Final Fantasy 7 Remake [Homebrew],$60.79,
NES,Final Fantasy II [Homebrew],$41.01,
NES,Final Fantasy VII [Demake],$21.50,
NES,Fire And Rescue,,
NES,Flea [Homebrew],,
NES,From Below [Homebrew],,
NES,Full Quiet [Homebrew],$49.99,$155.31
NES,Full Quiet [Limited Edition],,$107.06
NES,Galaxian [Homebrew],$42.49,
NES,Galf [White],$73.21,
NES,Game Handler Controller,$59.99,$209.97
NES,Game Of Baseball,,
NES,Gaplus [Homebrew],,
NES,Germ Squashers [Homebrew],,$207.00
NES,Get 'em Gary [Homebrew],,$55.09
NES,Ghoul Grind [Homebrew],$34.99,
NES,Gleamy The Cube [Homebrew],,
NES,Graveyard Dude [Homebrew],,
NES,Gun Shot Deluxe Joystick,$24.94,
NES,Halloween [Homebrew],$72.60,$109.99
NES,Happ Competition Pro,$22.00,$77.00
NES,Happy Camper [Homebrew],,$240.42
NES,HaraForce [Homebrew],,$99.50
NES,Haradius Zero [Homebrew],,
NES,Haratyler MP [Homebrew],,
NES,Haratyler [Homebrew],,
NES,Hedaka Action-Pro Nes Super Stick Controller,,
NES,Holy Diver [Homebrew],$33.00,$101.11
NES,Honey Bee Famicom Converter,,
NES,Hot Seat,,
NES,Hyperkin RetroN 3 HD,,
NES,Ice Hockey [Black Box],,$125.00
NES,In Cart Famicom To NES Adapter,,
NES,Jester,,
NES,Jim Power: The Lost Dimension [Homebrew],$46.00,$52.99
NES,Joust More,,
NES,Joy Mech Fight [Homebrew],,
NES,Jurassic Park [Collector's Edition],,
NES,Justice Duel [Homebrew],$28.33,$39.23
NES,Kevin Power in Too Many Games [Homebrew],,$395.00
NES,Kira Kira Star Night DX [Collector's Edition],$78.50,
NES,Kira Kira Star Night DX [Homebrew],$50.00,$68.00
NES,Legend of Iowa [Homebrew],$55.00,
NES,Legend of Zelda Outlands [Homebrew],,
NES,Linus Spacehead's Cosmic Crusade [Aladdin],$22.51,$24.99
NES,Little Medusa [Homebrew],$13.00,$49.98
NES,Lizard [Homebrew],$94.95,$98.82
NES,Log Jammers [Homebrew],$50.99,$125.49
NES,Malasombra,,$81.13
NES,Maniac Mansion [Premium Edition],$149.99,$209.65
NES,Mario Adventure [Homebrew],$51.41,$96.00
NES,Mario in Zebes [Homebrew],$50.00,
NES,Mawthorne [Homebrew],,$138.75
NES,Mawthorne [Kickstarter Edition Homebrew],$179.95,
NES,Mega Man 2 [30th Anniversary Glow in the Dark],,$357.13
NES,Metal Storm [Collector's Edition],$99.99,$140.00
NES,Metal Storm [Limited Run Black],$60.00,$93.00
NES,Mighty Bomb Jack [5 Screw],$13.19,$110.88
NES,Mini Putt [Homebrew],,
NES,Montezuma's Revenge [Homewbrew],,
NES,Moon8 [Homebrew],$50.00,
NES,Mother [25th Anniversary Edition Homebrew],$35.00,
NES,Mr. Maymunshine's Christmas Land [Homebrew],,
NES,MultiDude,,
NES,Mystery World Dizzy,,$80.38
NES,Mystic Origins [Homebrew],,$55.00
NES,NES 10 Game Storage Case,,
NES,NES Dust Sleeve [Metallic Red],,
NES,NES Game Case [Black],,
NES,NES Game Case [Blue],$6.66,$23.31
NES,NES Game Case [Clear],$6.30,$22.09
NES,NES Game Case [Dark Blue],,
NES,NES Game Case [Gold],,
NES,NES Game Case [Green],,
NES,NES Game Case [Lime Green],,
NES,NES Game Case [Orange],$9.99,$34.97
NES,NES Game Case [Pink],,
NES,NES Game Case [Purple],,
NES,NES Power Grip,$22.74,$73.78
NES,NES Virus Cleaner [Homebrew],,
NES,NES to Famicom Cartridge Adapter,,
NES,NEScape [Homebrew],$50.00,$350.00
NES,Nebs 'n Debs [Homebrew],,$50.00
NES,Nintendo Dust Sleeve [Black],$1.00,
NES,Nintendo Dust Sleeve [Red],$2.00,$7.00
NES,Nintendo Nes Turbo Card,$16.33,$57.16
NES,Nintendo Power Controller,$29.98,$104.93
NES,Nomolos: Storming the Catsle [Homebrew],$40.00,
NES,Nyko Miniboss AAA,$0.83,$2.49
NES,P'Radikus Conflict [Black],$42.93,$150.27
NES,Performance RF Switch,,
NES,Peulsa Saga Kaji's Trials [Homebrew],,
NES,Pizza Pop,,$145.52
NES,Ploid [Homebrew],,
NES,Prince Of Persia 2: The Shadow & The Flame [Homebrew],,
NES,Project Blue,$51.19,$54.88
NES,Project Blue [Special Edition Homebrew],,
NES,QSL Turbo Controller,,
NES,Quattro Adventure [Aladdin],$13.56,$18.00
NES,Quattro Sports [Aladdin],$13.99,$17.99
NES,Quest Forge: By Order of Kings [Homebrew],$61.24,$199.00
NES,QuickShot Intruder 5 Joystick,,
NES,Raid on Bungeling Bay [5 Screw],$12.60,$63.50
NES,Recca [Homebrew],$37.32,$72.43
NES,Reknum Souls Adventure [Homebrew],,$60.00
NES,Retro USB AVS [Launch Edition],,
NES,RetroN 3 Red,$15.71,$54.99
NES,RetroN 3 [Black 2.4 GHz Edition],,$54.99
NES,RetroZone PowerPak,,
NES,Rollie [Homebrew],$46.12,
NES,Royal Flush: A Princess Side Story [Homebrew],$41.99,
NES,Rugrats Adventures In Gameland [Collector's Edition],$180.34,
NES,SCAT Special Cybernetic Attack Team [Green Limited Run],,
NES,SCAT Special Cybernetic Attack Team [Limited Run Collector's Edition],$64.95,$75.00
NES,Sam's Journey [Homebrew],$65.50,
NES,Scott The Woz: The Game Of Crypticism [Homebrew Second Edition],,$69.99
NES,Scott The Woz: The Game Of Crypticism [Homebrew],,
NES,Shadow of the Ninja [Limited Run],$85.40,$95.10
NES,Shera & the 40 Thieves [Homebrew],,
NES,Shera & the 40 Thieves [Limited Edition],,
NES,Skate Cat,$43.50,$50.00
NES,Solaris [Homebrew],,
NES,Space Foxes: Vixen Elite [Homebrew],,
NES,Stack-Up Accessories,$350.00,"$1,225.00"
NES,Star Keeper [Homebrew],,
NES,Star Versus [Homebrew],$50.00,$125.00
NES,Star Wars The Empire Strikes Back [Classic Edition],$37.00,
NES,Star Wars The Empire Strikes Back [Premium Edition],$62.25,$79.95
NES,Star Wars [Premium Edition],$74.11,
NES,Study Hall,,
NES,Sudoku [Homebrew],,
NES,Super Miniboss Controller,$0.35,$1.25
NES,Super Russian Roulette [Homebrew],,
NES,Super Spike Volleyball And World Cup Soccer [Gold Cartridge],,
NES,Super Tilt Bro [Homebrew],$150.00,$175.00
NES,Super Tilt Bro. [Kickstarter Limited],$109.95,
NES,Swords and Runes III [Homebrew],,
NES,T-Gun [Homebrew],,
NES,Tapeworm [Homebrew],,
NES,Temple Dilemma [Collector's Edition],,
NES,Temple Dilemma [Homebrew],,
NES,Temple Dilemma [Special Edition],,
NES,Tetris Gym [Homebrew],,
NES,Tetris [CTWC],,
NES,The Adventures of Panzer II [Homebrew],,
NES,The Adventures of Panzer [Homebrew],$51.69,
NES,The Dominator Master Control,$99.99,$349.97
NES,The House in the Cemetery [Homebrew],$78.00,
NES,The Incident [Homebrew],,
NES,The Legends of Owlia [Homebrew],$73.47,
NES,The Mad Wizard [Homebrew],$65.00,
NES,The Magnilo Case [Homebrew],,
NES,The Meating,$68.99,
NES,The Rise of Amondus [Homebrew],$245.00,
NES,The Tower of Turmoil [Homebrew],,
NES,The Updated Donkey Kong Pie Factory [Homebrew],,$750.00
NES,Three Stooges [Limited Run],,
NES,TinyNES Console,,$175.00
NES,Transformers: Mystery of Convoy [Homebrew],$39.22,
NES,Trophy [Homebrew],$34.69,$183.99
NES,Turbo Blaster,$39.99,$39.99
NES,Turbo Tech Controller,$18.93,$72.14
NES,Twelve Seconds [Homebrew],$25.00,$150.00
NES,UXO: Unexploded Ordnance [Homebrew],,$91.04
NES,Uchusen Ultimate PLOID Battle,,
NES,VAUS Arkanoid Controller,$65.38,$228.52
NES,Wilford Brimley Battle [Homebrew],$62.49,
NES,Wisdom Tree Video Game Collection [Homebrew],$41.00,$87.42
NES,Wonderland Dizzy,,
NES,Yeah Yeah Beebiss II [Homebrew],$59.99,$80.00
NES,Zed And Zee [Homebrew],,
NES,Zelda Shin Zelda Densetsu [Homebrew],$87.99,
NES,Zombie Nation [Strictly Limited],$26.74,$45.05
NES,Witch n Wiz [Limited Collectors Edition],$50.00,
NES,Noah's Ark [Reproduction],,
NES,The Edge Gamepad,,
NES,Family Fun Fitness Bundle,$45.70,$159.95
NES,NES Console Dust Cover,,
NES,Beeshu Zinger Joystick Controller,$15.00,$52.50
NES,Archer Joystick Docking Bay NES Controller,,
NES,Voyager Video Game System Carry Case,,
NES,Storage Cart,,
NES,Speedboard,$39.00,$65.00
NES,Bandai MEGA,$16.95,$49.99
NES,Power Player Controller,,
NES,500XJ Epyx,$15.12,$39.00
NES,Kraft Starmaster Joystick,,
NES,Nyko Extend Link,,
NES,Dead Tomb [8 Bit Legit],,
NES,L'Abbaye des Morts [Homebrew],,
NES,Basse Def Adventures,,
NES,Data Man,,
NES,Steel Legion,$89.99,
NES,Turbotronic Joystick,$31.65,$110.78
NES,Videoblaster,$49.99,$257.49
NES,Camerica Freedom Connection,$14.69,$26.88
NES,1UP Card NES Console Cleaner [Homebrew],$24.99,
NES,Nintendo Classic Edition USB AC Adapter,$11.99,
NES,Eskimo Bob,,
NES,Alfonzo's Arctic Adventure,,
NES,NES Entertainment Cartridge Organizer,,
NES,Nintendo Cartridge Organizers By ALS,,
NES,A.L.S. Video Entertainment Center,,
NES,GameSounds Remote Headphones,,
NES,GameSounds Receiver,,
NES,Joycard Sansui SSS,$28.11,$69.99
NES,Retron 1 HD System [Black],,
NES,Retron 5 3-in-1 Adapter,,
NES,Retron 1 AV System,,
NES,Generation NEX,$150.67,
NES,Beeshu Jammer Super Stick Controller,,
NES,NES Counter Test Station,$500.00,"$1,750.00"
NES,Revolving Cartridge Organizer,,
NES,NES Hands Free,$169.01,$600.00
NES,1992 Nintendo Anniversary Controller,,
NES,Tecmo Super Bowl 2018 [Homebrew],$60.00,
NES,8bit Music Power Encore,,
NES,Nintendo NES Official AC Adapter,$17.48,$43.09
NES,Astro Ninja Man DX,$79.99,
NES,Astro Ninja Man DX [Collector's Edition],$150.00,
NES,Iwata Edition Balloon Fight [Homebrew],,
NES,Jurassic Park [Limited Run],$99.99,
NES,Metal Gear [5 Screw],,
NES,PIOPOW,,
NES,SonSon [Homebrew],$44.99,$200.00
NES,Star Voyager [5 Screw],$6.59,$76.96
NES,Tiger-Heli [5 Screw],$10.88,$96.50
NES,Orebody: Binder’s Tale,$45.00,
NES,Orebody: Binder's Tale [Silver Edition],,
NES,Bobby Six Seven [Homebrew],,
NES,Bobby Six Seven [Silver Edition],,
NES,Mother Ship,$9.31,$35.64
NES,Insignia Wired Controller for NES Classic,$4.99,
NES,Spirit Impel [Homebrew],,
NES,Quickshot Joyball Controller,$16.00,$56.00
NES,QuickShot Joypad,$7.23,$25.31
NES,Quickshot Wireless Game Controller,,
NES,Quickshot Professional,,
NES,Flightgrip 2,$10.32,$22.49
NES,Quickshot Chimera 2,$109.53,$381.71
NES,Aviator 2,,
NES,Quickshot Nintendo Starfighter Turbo Controller,,
NES,Hammerin' Harry [Homebrew],$49.99,$349.99
NES,Hammerin' Harry 2: Dan The Red Strikes Back,$9.50,
NES,Buzz & Waldog [Homebrew],,
NES,8-BIT XMAS 2019,$84.98,
NES,"Fix-It Felix, Jr [Homebrew]",$45.00,
NES,Eskimo Bob [Homebrew],$87.11,
NES,Turbo Stick Wireless Controller,,
NES,Game Converter,,
NES,Hit The Ice [Homebrew],$47.47,
NES,Chunkout 2 [Homebrew],$249.99,
SNES,EarthBound,$409.98,"$2,497.50"
SNES,Chrono Trigger,$259.75,$864.50
SNES,Super Nintendo System,$116.09,$270.50
SNES,Super Mario World,$17.20,$653.17
SNES,Zelda Link to the Past,$43.29,$214.23
SNES,Super Metroid,$90.72,$323.00
SNES,Donkey Kong Country,$20.87,$78.00
SNES,Super Mario All-Stars,$19.99,$82.00
SNES,Super Mario RPG,$51.98,$223.77
SNES,Super Mario Kart,$35.96,$92.92
SNES,Final Fantasy III,$80.00,$233.13
SNES,Mega Man X,$34.99,$156.05
SNES,Super Mario World 2 Yoshi's Island,$41.94,$119.67
SNES,Mega Man X3,$335.79,"$1,746.75"
SNES,Donkey Kong Country 2,$23.49,$106.10
SNES,Teenage Mutant Ninja Turtles IV Turtles in Time,$43.00,$267.55
SNES,Super Nintendo Classic Edition,$85.36,$97.66
SNES,Super Castlevania IV,$46.34,$170.00
SNES,Castlevania Dracula X,$308.16,"$1,349.99"
SNES,Secret of Mana,$65.65,$199.32
SNES,Hagane The Final Conflict,"$1,299.97","$2,963.49"
SNES,Street Fighter II,$16.00,$60.50
SNES,Donkey Kong Country 3,$30.53,$111.62
SNES,Killer Instinct,$16.96,$85.76
SNES,Final Fantasy II,$55.00,$272.50
SNES,Star Fox,$15.98,$72.47
SNES,Mega Man X2,$164.86,$425.00
SNES,Contra III The Alien Wars,$45.00,$160.22
SNES,Kirby's Dream Land 3,$200.00,$788.33
SNES,Aero Fighters,"$1,999.99","$3,388.23"
SNES,Mega Man 7,$299.99,"$1,021.30"
SNES,Sunset Riders,$98.53,$377.50
SNES,Zombies Ate My Neighbors,$33.74,$99.99
SNES,Super Gameboy,$29.99,$72.89
SNES,F-Zero,$16.52,$72.49
SNES,Metal Warriors,$386.95,"$1,028.12"
SNES,Illusion of Gaia,$29.99,$89.99
SNES,EVO the Search for Eden,$265.19,$925.00
SNES,Mortal Kombat,$14.69,$62.99
SNES,Mario Paint,$9.16,$79.99
SNES,Super Punch Out,$35.33,$125.00
SNES,Demon's Crest,$169.76,$478.25
SNES,Spiderman Maximum Carnage,$46.34,$132.50
SNES,Final Fantasy Mystic Quest,$19.01,$96.26
SNES,Super Star Wars,$12.61,$59.84
SNES,Lufia II Rise of Sinistrals,$167.65,$339.99
SNES,Aladdin,$17.38,$51.64
SNES,Kirby's Avalanche,$16.12,$72.77
SNES,Street Fighter II Turbo,$19.99,$74.32
SNES,Harvest Moon,$326.00,$876.11
SNES,Kirby Super Star,$69.40,$156.56
SNES,Mortal Kombat II,$16.49,$88.89
SNES,Pocky and Rocky 2,$549.57,"$1,373.14"
SNES,Super Ghouls 'N Ghosts,$24.99,$112.50
SNES,Super Nintendo System Jr.,$94.99,$394.48
SNES,Doom,$41.65,$134.05
SNES,Breath of Fire,$40.00,$154.62
SNES,Secret of Evermore,$48.88,$149.99
SNES,Wild Guns,$283.54,$999.99
SNES,Super Mario All-stars and Super Mario World,$40.13,$110.63
SNES,Super Scope 6 [Gun Bundle],$62.07,$179.99
SNES,Ogre Battle The March of the Black Queen,$213.63,$668.30
SNES,Uniracers,$18.73,$79.99
SNES,Super Star Wars Empire Strikes Back,$15.50,$45.46
SNES,Final Fight 3,$133.50,$670.69
SNES,Mortal Kombat 3,$15.00,$58.58
SNES,Goof Troop,$27.16,$115.64
SNES,Legend of the Mystical Ninja,$50.93,$219.99
SNES,Breath of Fire II,$98.25,$249.68
SNES,NBA Jam,$13.25,$48.98
SNES,Soul Blazer,$134.41,$324.65
SNES,Adventures of Batman and Robin,$145.00,$484.46
SNES,The Lion King,$11.09,$40.00
SNES,Final Fight,$15.00,$89.82
SNES,Gradius III,$13.57,$71.49
SNES,Lufia and The Fortress of Doom,$71.65,$209.06
SNES,Super Star Wars Return of the Jedi,$16.56,$52.75
SNES,Batman Returns,$29.99,$120.00
SNES,Pocky & Rocky,$144.25,$440.25
SNES,Earthworm Jim,$34.48,$105.33
SNES,Street Fighter Alpha 2,$59.99,$219.99
SNES,Zelda Link to the Past [Player's Choice],$34.62,$122.50
SNES,Jurassic Park,$12.72,$39.97
SNES,Super Nintendo Controller,$18.99,$50.00
SNES,Ultimate Mortal Kombat 3,$36.01,$154.95
SNES,SimCity,$13.12,$44.89
SNES,Teenage Mutant Ninja Turtles Tournament Fighters,$20.37,$138.42
SNES,Battletoads and Double Dragon The Ultimate Team,$31.13,$130.00
SNES,Nosferatu,$226.25,$453.63
SNES,Batman Forever,$9.70,$41.00
SNES,Mega Man Soccer,$69.82,$399.99
SNES,Donkey Kong Country Competition,"$5,358.53","$7,426.30"
SNES,X-Men Mutant Apocalypse,$24.74,$93.53
SNES,Pilotwings,$10.75,$47.79
SNES,Space MegaForce,$230.66,$669.32
SNES,Final Fight Guy,$429.99,"$2,704.34"
SNES,Mario is Missing,$13.52,$67.05
SNES,Ninja Gaiden Trilogy,$175.50,$473.91
SNES,Mr. Nutz,$145.50,$556.95
SNES,Exertainment Mountain Bikerally Speed Racer,"$2,638.86",
SNES,Final Fight 2,$68.71,$311.68
SNES,Robotrek,$91.08,$308.12
SNES,ActRaiser,$44.35,$149.81
SNES,Earthworm Jim 2,$28.11,$102.50
SNES,Super Nintendo SNES Super Set,$122.49,$577.55
SNES,Mighty Morphin Power Rangers,$23.50,$99.99
SNES,Captain Commando,$185.00,$900.00
SNES,Spawn,$21.94,$226.99
SNES,Super Street Fighter II,$23.63,$77.87
SNES,Separation Anxiety,$28.33,$132.50
SNES,Tetris and Dr. Mario,$27.70,$45.79
SNES,King of Dragons,$116.69,$401.92
SNES,Analogue Super NT,$650.00,$675.00
SNES,Magical Quest starring Mickey Mouse,$22.57,$56.00
SNES,Sparkster,$133.88,$355.00
SNES,Super Double Dragon,$36.66,$184.40
SNES,The Simpsons Bart's Nightmare,$24.99,$67.28
SNES,Knights of the Round,$121.58,$335.00
SNES,Tiny Toon Adventures Buster Busts Loose,$13.24,$39.99
SNES,Spiderman X-Men Arcade's Revenge,$12.77,$59.97
SNES,Zombies Ate My Neighbors [Box Variant],$669.45,"$1,687.12"
SNES,Star Fox: Super Weekend [Not For Resale],"$2,328.21",
SNES,R-Type III The Third Lightning,$195.00,$680.03
SNES,Wario's Woods,$15.30,$59.82
SNES,Mighty Morphin Power Rangers The Movie,$57.25,$236.88
SNES,The Lost Vikings,$36.24,$99.99
SNES,Battletoads In Battlemaniacs,$37.74,$213.42
SNES,ClayFighter,$15.76,$50.00
SNES,Ken Griffey Jr Major League Baseball,$13.24,$49.99
SNES,Nintendo Campus Challenge 1992 [Reproduction],$118.65,$173.27
SNES,Stunt Race FX,$13.09,$44.76
SNES,Super Bomberman 2,$30.88,$95.00
SNES,Yoshi's Safari,$13.00,$59.99
SNES,Super R-Type,$14.75,$94.29
SNES,The 7th Saga,$34.99,$123.01
SNES,The Jetsons Invasion of the Planet Pirates,$144.48,$355.49
SNES,Top Gear,$12.99,$54.93
SNES,Robocop vs The Terminator,$20.50,$181.20
SNES,Mario Paint [Mouse Bundle],$32.72,$70.72
SNES,Indiana Jones' Greatest Adventures,$39.99,$120.00
SNES,Super Scope 6,$7.26,$162.49
SNES,Super Turrican 2,$221.96,$834.92
SNES,Axelay,$86.69,$248.91
SNES,Blackthorne,$47.68,$109.29
SNES,Pitfall Mayan Adventure,$9.61,$30.94
SNES,Toy Story,$10.98,$40.00
SNES,Tetris Attack,$15.12,$41.80
SNES,Brain Lord,$51.38,$150.00
SNES,Game Genie,$34.48,$62.24
SNES,UN Squadron,$29.55,$85.00
SNES,Shadowrun,$60.00,$199.99
SNES,The Jungle Book,$7.01,$29.27
SNES,Kirby's Dream Course,$34.98,$131.98
SNES,Joe and Mac 2 Lost in the Tropics,$64.00,$242.50
SNES,Rock 'n Roll Racing,$57.94,$136.60
SNES,Skyblazer,$121.72,$310.00
SNES,NBA Jam Tournament Edition,$15.06,$40.66
SNES,Ys III Wanderers from Ys,$21.72,$99.95
SNES,ActRaiser 2,$41.80,$139.99
SNES,Joe and Mac,$16.93,$73.10
SNES,Maui Mallard in Cold Shadow,$45.23,$161.25
SNES,Super NES Donkey Kong Set,$281.41,"$1,051.77"
SNES,Biker Mice From Mars,$85.24,$355.69
SNES,Mickey Mania,$14.77,$44.77
SNES,Advanced Dungeons & Dragons Eye of the Beholder,$22.39,$69.15
SNES,Nintendo Powerfest 1994,"$17,550.00",
SNES,Scooby Doo Mystery,$8.99,$40.07
SNES,Super Play Action Football,$4.48,$10.70
SNES,Drakkhen,$10.48,$43.75
SNES,Run Saber,$94.07,$362.87
SNES,Lord of the Rings Volume 1,$19.97,$88.22
SNES,Tetris 2,$8.22,$29.67
SNES,Super Black Bass,$8.75,$20.04
SNES,Ninja Warriors,$122.07,$749.95
SNES,Pac-Man 2 The New Adventures,$7.60,$25.00
SNES,Paperboy 2,$12.30,$35.69
SNES,Marvel Super Heroes in War of the Gems,$45.57,$229.95
SNES,Mr Tuff [Homebrew],,
SNES,Plok,$35.00,$147.19
SNES,Super Mario Kart [Player's Choice],$30.35,$79.71
SNES,Michael Jordan Chaos in the Windy City,$21.53,$89.00
SNES,Super Adventure Island II,$89.98,$230.27
SNES,Ms. Pac-Man,$9.48,$19.99
SNES,Beavis and Butthead,$19.99,$72.68
SNES,Super Caesar's Palace,$6.11,$11.86
SNES,The Mask,$105.99,$374.98
SNES,Animaniacs,$13.52,$50.00
SNES,Super Bomberman,$43.51,$324.97
SNES,The Flintstones Treasure of Sierra Madrock,$78.00,$399.99
SNES,Speedy Gonzales Los Gatos Bandidos,$12.86,$42.00
SNES,The Twisted Tales of Spike McFang,$187.41,$565.00
SNES,Super Adventure Island,$18.00,$76.82
SNES,Bugs Bunny Rabbit Rampage,$14.59,$35.09
SNES,Shaq Fu,$8.99,$39.47
SNES,Super Turrican,$53.61,$150.31
SNES,Super Godzilla,$15.56,$94.59
SNES,The Death and Return of Superman,$59.72,$165.74
SNES,SWAT Kats,$193.46,$566.66
SNES,AAAHH Real Monsters,$14.02,$54.58
SNES,Captain America and the Avengers,$19.32,$112.62
SNES,Uncharted Waters New Horizons,$85.00,$231.04
SNES,T2 The Arcade Game,$14.73,$51.10
SNES,WWF Super Wrestlemania,$8.63,$47.90
SNES,Battle Clash,$7.63,$29.34
SNES,The Great Circus Mystery Starring Mickey and Minnie,$20.83,$84.95
SNES,Monopoly,$5.99,$27.12
SNES,International Superstar Soccer Deluxe,$99.97,$449.98
SNES,Bronkie The Bronchiasaurus,$362.50,$699.99
SNES,Mario's Time Machine,$13.77,$56.34
SNES,Frogger,$10.23,$32.99
SNES,Phalanx,$31.48,$178.83
SNES,Vegas Stakes,$5.08,$14.99
SNES,Taz-Mania,$8.07,$25.00
SNES,Tinstar,$14.99,$65.00
SNES,Bram Stoker's Dracula,$13.41,$39.99
SNES,Krusty's Super Fun House,$16.01,$77.64
SNES,Lagoon,$15.61,$64.99
SNES,Primal Rage,$15.00,$49.95
SNES,The Ren and Stimpy Show Veediots,$12.99,$59.99
SNES,Alien vs Predator,$37.09,$150.00
SNES,Paladin's Quest,$45.27,$149.76
SNES,Super Smash TV,$39.64,$94.53
SNES,Tecmo Super Bowl,$14.62,$40.00
SNES,Top Gear 2,$22.00,$75.00
SNES,Daffy Duck Marvin Missions,$22.00,$55.00
SNES,Firepower 2000,$25.55,$72.87
SNES,Super Nintendo System [Super Mario World Set],$140.37,$351.88
SNES,Super Tennis,$9.50,$22.49
SNES,Aero the Acro-Bat,$10.00,$55.09
SNES,Looney Tunes B-Ball,$46.20,$170.72
SNES,Super Nintendo System Jr. [Zelda],$549.99,$999.99
SNES,Alien 3,$29.03,$108.00
SNES,Bill Laimbeer's Combat Basketball,$6.56,$25.22
SNES,Clay Fighter Tournament Edition,$19.92,$124.36
SNES,Super Mario World [First Print],$13.00,"$1,425.71"
SNES,Magic Sword,$36.77,$161.50
SNES,NHL Stanley Cup,$4.18,$12.87
SNES,Cybernator,$35.00,$99.10
SNES,Road Runner's Death Valley Rally,$11.76,$44.99
SNES,Super Nintendo System Jr. [Toys 'R Us Tetris Attack Bundle],$499.99,"$1,771.15"
SNES,Bulls Vs Blazers and the NBA Playoffs,$5.81,$19.99
SNES,Where in the World is Carmen Sandiego,$21.60,$131.83
SNES,Top Gear 3000,$57.40,$230.28
SNES,Bonkers,$30.48,$201.91
SNES,Sonic Blast Man 2,$224.93,$736.41
SNES,Lost Vikings 2,$72.99,$165.00
SNES,Ghoul Patrol,$132.91,$460.94
SNES,Super Aquatic Games,$8.00,$49.99
SNES,Super Nintendo Killer Instinct System,$112.50,$900.00
SNES,Rocko's Modern Life,$21.13,$129.53
SNES,Hurricanes,$348.87,"$1,144.99"
SNES,Inspector Gadget,$32.54,$201.88
SNES,The Ren and Stimpy Show Buckeroos,$134.47,"$1,487.48"
SNES,Super Mario World [Player's Choice],$19.99,$414.42
SNES,Bubsy,$15.35,$45.00
SNES,Super Bomberman Party Pack,$233.13,$419.49
SNES,NCAA Basketball,$4.14,$14.85
SNES,Saturday Night Slam Masters,$29.44,$109.99
SNES,Incantation,$205.63,$679.00
SNES,Spiderman,$24.00,$123.62
SNES,Terminator 2 Judgment Day,$15.23,$130.24
SNES,Darius Twin,$19.10,$83.05
SNES,Tecmo Super Bowl II [Special Edition],$90.00,$264.72
SNES,Super Nintendo System [Mario All-Stars Set],$163.12,$446.77
SNES,Ken Griffey Jr's Winning Run [Not for Resale],$44.99,
SNES,Out of This World,$16.91,$45.82
SNES,Populous,$8.69,$27.06
SNES,ClayFighter 2 Judgment Clay,$19.49,$69.95
SNES,FIFA Soccer 96,$10.36,$39.17
SNES,Air Cavalry,$45.00,$110.00
SNES,Nolan Ryan's Baseball,$9.74,$49.99
SNES,Samurai Shodown,$11.81,$55.00
SNES,Tecmo Super Bowl III,$23.03,$62.97
SNES,Super Off Road The Baja,$10.38,$27.43
SNES,Yoshi's Cookie,$14.51,$52.86
SNES,Fatal Fury,$14.07,$59.03
SNES,Push-Over,$24.57,$83.27
SNES,Super NES Control Set,$210.25,$299.95
SNES,True Lies,$44.78,$169.99
SNES,Judge Dredd,$11.91,$54.50
SNES,NHL 94,$10.00,$34.99
SNES,FIFA Soccer 97,$12.41,$34.38
SNES,Super Ninja Boy,$23.12,$138.44
SNES,Prince of Persia,$21.38,$79.00
SNES,Ken Griffey Jr's Winning Run,$9.07,$38.65
SNES,International Superstar Soccer,$179.99,$899.99
SNES,Flashback The Quest for Identity,$15.60,$54.97
SNES,Rocky Rodent,$24.43,$110.91
SNES,Wizard of Oz,$25.00,$87.13
SNES,Cool Spot,$18.49,$59.99
SNES,Congo's Caper,$19.99,$149.99
SNES,Power Rangers Fighting Edition,$30.10,$140.25
SNES,Space Invaders,$12.62,$28.14
SNES,Arkanoid Doh It Again,$19.14,$35.00
SNES,Peace Keepers,$53.93,$165.00
SNES,The Incredible Hulk,$18.42,$100.68
SNES,WWF Royal Rumble,$14.06,$44.50
SNES,Home Improvement,$90.50,$350.90
SNES,Super Bonk,$73.81,$272.04
SNES,Ultraman,$12.95,$59.52
SNES,Wolfenstein 3D,$53.28,$137.50
SNES,Zero the Kamikaze Squirrel,$230.00,$758.99
SNES,Musya Classic Japanese Tale of Horror,$110.00,$299.99
SNES,3 Ninjas Kick Back,$108.69,$810.00
SNES,The Ignition Factor,$41.12,$140.31
SNES,Total Carnage,$14.99,$107.72
SNES,Home Alone 2 Lost In New York,$12.49,$37.96
SNES,Lethal Enforcers,$12.43,$196.75
SNES,Mortal Kombat II [Not for Resale],"$1,050.76",
SNES,Raiden Trad,$21.00,$83.16
SNES,Thunder Spirits,$22.71,$89.99
SNES,Boogerman A Pick and Flick Adventure,$83.45,$305.60
SNES,Jurassic Park Part 2: The Chaos Continues,$18.36,$96.65
SNES,Metal Combat,$9.00,$31.49
SNES,Pirates of Dark Water,$122.15,$468.30
SNES,S.O.S.,$168.55,$347.32
SNES,Star Trek the Next Generation,$15.04,$45.71
SNES,Super Nintendo System [Super Gameboy Set],$660.78,"$1,916.25"
SNES,Tecmo Secret of the Stars,$74.99,$173.78
SNES,Rival Turf,$15.99,$65.65
SNES,Super Bowling,$11.99,$52.99
SNES,Dragon View,$137.49,$292.45
SNES,Home Alone,$17.06,$65.74
SNES,Arcana,$35.21,$95.73
SNES,Cool World,$19.49,$102.47
SNES,Imperium,$91.96,$245.00
SNES,Super Advantage Controller,$50.55,$125.35
SNES,Radical Psycho Machine RPM Racing,$7.47,$49.99
SNES,Art of Fighting,$8.93,$49.99
SNES,Super Nova,$36.14,$148.11
SNES,SNES Junior Controller,$24.62,$70.70
SNES,ABC Monday Night Football,$6.15,$36.03
SNES,Super Metroid [Player's Choice],$75.00,$235.00
SNES,Casper,$139.00,$425.99
SNES,NHLPA Hockey '93,$6.67,$19.60
SNES,M.A.C.S. Moving Target Simulator,"$12,000.00",
SNES,Zoop,$6.64,$19.75
SNES,Adventures of Yogi Bear,$25.63,$72.25
SNES,D-Force,$11.00,$40.30
SNES,World Heroes,$12.06,$58.29
SNES,Porky Pig's Haunted Holiday,$11.65,$38.92
SNES,Ultima The False Prophet,$25.08,$57.39
SNES,WWF Wrestlemania Arcade Game,$14.19,$72.43
SNES,Fatal Fury 2,$18.89,$68.25
SNES,King Arthur's World,$12.93,$45.24
SNES,Ranma 1/2 Hard Battle,$19.51,$105.14
SNES,Super Off Road,$15.82,$55.85
SNES,Tom and Jerry,$12.43,$39.85
SNES,Clue,$8.84,$25.53
SNES,Lawnmower Man,$10.00,$40.00
SNES,Super Nintendo System [Zelda Set],$189.95,$579.45
SNES,The Itchy and Scratchy Game,$35.60,$300.00
SNES,Cleaning Kit,$8.99,$17.48
SNES,Aero the Acro-Bat 2,$69.99,$301.29
SNES,Lester the Unlikely,$14.59,$60.77
SNES,Madden NFL '94,$6.51,$17.99
SNES,Super Valis IV,$56.13,$199.47
SNES,The Pagemaster,$14.48,$53.00
SNES,The Flintstones,$16.29,$69.69
SNES,Fire Striker,$122.49,$329.95
SNES,American Gladiators,$8.60,$34.81
SNES,Shien's Revenge,$256.85,$528.50
SNES,Soldiers of Fortune,$22.88,$62.00
SNES,Super 3D Noah's Ark,$145.63,$275.44
SNES,Xardion,$35.88,$108.74
SNES,WWF Raw,$12.11,$38.19
SNES,Ardy Light Foot,$143.17,$407.88
SNES,Family Feud,$6.97,$15.41
SNES,Phantom 2040,$19.99,$99.85
SNES,Skuljagger,$18.68,$94.18
SNES,Smartball,$10.29,$41.94
SNES,Super NES Super Set [Super Mario All-Stars Bundle],$217.68,$833.50
SNES,Super Star Wars Empire Strikes Back [JVC],$19.99,$104.07
SNES,Wings 2 Aces High,$8.49,$25.46
SNES,Doomsday Warrior,$14.49,$89.95
SNES,Earth Defense Force,$16.40,$75.68
SNES,Equinox,$26.50,$91.64
SNES,Hyperzone,$11.27,$59.99
SNES,Justice League Task Force,$12.91,$71.50
SNES,Spiderman Maximum Carnage [Collector's Edition],$304.30,"$1,136.88"
SNES,Super Copa,$200.97,"$2,039.38"
SNES,John Madden Football,$7.00,$22.99
SNES,Bust-A-Move,$22.99,$69.99
SNES,Doom Troopers,$38.64,$136.25
SNES,Goal,$9.78,$45.49
SNES,Strike Gunner STG,$50.00,$163.12
SNES,Nickelodeon GUTS,$15.01,$78.41
SNES,Wizardry V Heart of the Maelstrom,$13.18,$49.99
SNES,Adventures of Dr Franken,$17.09,$97.48
SNES,Beauty and the Beast,$44.01,$174.95
SNES,Dragon's Lair,$19.83,$57.07
SNES,Hey Punk Are You Tuff E Nuff,$9.47,$60.00
SNES,Robocop 3,$18.00,$68.36
SNES,Spindizzy Worlds,$13.51,$32.01
SNES,Super Buster Bros.,$24.99,$153.64
SNES,The Brainies,$27.99,$83.73
SNES,Wheel of Fortune Deluxe Edition,$4.43,$13.22
SNES,Gemfire,$39.99,$85.63
SNES,Stargate,$22.49,$74.99
SNES,Super Battleship,$5.99,$20.00
SNES,The Addams Family,$19.99,$62.47
SNES,The Rocketeer,$11.21,$30.49
SNES,Brandish,$85.00,$250.87
SNES,Kawasaki Superbike Challenge,$9.99,$96.30
SNES,Kendo Rage,$48.60,$169.48
SNES,F-Zero [Player's Choice],$14.98,$53.00
SNES,Rampart,$20.66,$79.61
SNES,Super Nintendo System [Control Set Super Metroid],$913.79,"$2,650.00"
SNES,Super Pinball Behind the Mask,$6.26,$16.49
SNES,Bazooka Blitzkrieg,$41.93,$75.00
SNES,Wolverine Adamantium Rage,$32.06,$160.00
SNES,Legend,$80.00,$329.95
SNES,Barbie Super Model,$19.28,$66.41
SNES,Chester Cheetah Too Cool to Fool,$20.25,$74.99
SNES,Demolition Man,$19.99,$99.99
SNES,Hook,$21.15,$88.50
SNES,NCAA Football,$5.73,$15.19
SNES,NHL 95,$9.00,$21.41
SNES,Waialae Country Club,$6.13,$17.02
SNES,Young Merlin,$14.55,$42.47
SNES,Cliffhanger,$12.84,$39.99
SNES,Dungeon Master,$33.14,$92.53
SNES,Lemmings,$20.50,$42.59
SNES,Madden NFL '95,$5.00,$15.00
SNES,Mario's Early Years Fun with Letters,$17.73,$99.99
SNES,Suzuka 8 Hours,$8.41,$36.28
SNES,Wing Commander,$8.03,$25.47
SNES,Sonic Blast Man,$40.82,$304.13
SNES,Brett Hull Hockey '95,$7.03,$22.28
SNES,Pinocchio,$18.24,$59.34
SNES,Super Widget,$23.38,$160.00
SNES,Chuck Rock,$11.38,$41.47
SNES,Exertainment Mountain Bike Rally,$26.05,$109.17
SNES,Pac-Attack,$12.55,$30.12
SNES,SimCity 2000,$50.88,$115.63
SNES,Madden 93,$8.56,$14.97
SNES,Ka-blooey,$9.82,$33.92
SNES,Power Instinct,$51.08,$259.98
SNES,Brawl Brothers,$25.40,$119.57
SNES,Choplifter 3,$26.95,$84.54
SNES,First Samurai,$33.95,$176.26
SNES,Teenage Mutant Ninja Turtles IV Turtles in Time [Not for Resale],$189.99,
SNES,Wolfchild,$17.54,$52.74
SNES,Super Nintendo System [Big Score Bundle],"$1,150.00","$3,335.00"
SNES,Wildcats,$39.78,$299.99
SNES,Tecmo Super NBA Basketball,$6.30,$20.11
SNES,Biometal,$37.75,$140.00
SNES,Might and Magic III Isles of Terra,$44.36,$114.79
SNES,We're Back A Dinosaur Story,$9.50,$58.97
SNES,X-Kaliber 2097,$20.65,$78.62
SNES,Dennis the Menace,$10.91,$47.74
SNES,Inindo,$34.53,$99.99
SNES,King of the Monsters 2,$16.52,$57.00
SNES,Q*bert 3,$18.35,$87.00
SNES,Street Combat,$9.44,$71.43
SNES,Super Baseball Simulator 1.000,$7.27,$21.21
SNES,Turn and Burn No Fly Zone,$13.74,$29.01
SNES,Championship Pool,$5.98,$17.26
SNES,Lethal Enforcers [Gun Bundle],$69.99,$230.00
SNES,Metal Morph,$129.99,$274.97
SNES,Romance of the Three Kingdoms IV Wall of Fire,$21.92,$77.68
SNES,Sports Illustrated Championship Football & Baseball,$5.37,$16.43
SNES,Warlock,$14.98,$55.65
SNES,Williams Arcade's Greatest Hits,$9.50,$22.99
SNES,Harley's Humongous Adventure,$12.92,$39.06
SNES,Hit the Ice,$14.07,$69.97
SNES,King of the Monsters,$14.99,$51.04
SNES,Mario's Early Years Fun With Numbers,$18.49,$67.44
SNES,Pink Goes to Hollywood,$11.45,$45.22
SNES,Pit-Fighter,$8.00,$22.85
SNES,Super Battletank War in the Gulf,$7.95,$25.97
SNES,Super Troll Islands,$16.81,$53.44
SNES,Virtual Bart,$33.49,$187.21
SNES,An American Tail Fievel Goes West,$82.57,$328.19
SNES,Dino City,$15.05,$85.94
SNES,FIFA International Soccer,$8.50,$34.52
SNES,Frantic Flea,$15.00,$54.60
SNES,The Combatribes,$37.46,$206.29
SNES,Blues Brothers,$35.56,$113.13
SNES,Incredible Crash Dummies,$11.99,$64.34
SNES,Prehistorik Man,$48.35,$194.42
SNES,Tiny Toon Adventures Wacky Sports Challenge,$28.20,$110.43
SNES,Vortex,$11.15,$51.00
SNES,WeaponLord,$20.00,$98.13
SNES,Super Nintendo Jr. System [Super Mario World 2 Set],$112.07,$324.99
SNES,BlaZeon,$39.83,$300.00
SNES,Boxing Legends Of The Ring,$7.99,$25.51
SNES,Desert Strike Return to the Gulf,$12.73,$42.47
SNES,Lethal Weapon,$14.76,$61.06
SNES,Claymates,$16.19,$64.61
SNES,Madden 96,$5.54,$19.24
SNES,Prince of Persia 2,$42.80,$109.99
SNES,Rise of the Phoenix,$56.98,$125.00
SNES,Super Nintendo System Jr. [Target Kirby],$351.00,$600.00
SNES,Timon and Pumbaa Jungle Games,$9.95,$29.99
SNES,Uncharted Waters,$62.26,$184.17
SNES,Addams Family Pugsley's Scavenger Hunt,$23.85,$68.26
SNES,Analogue Super Nt [Super Famicom],$549.99,$747.50
SNES,Dragon: The Bruce Lee Story,$19.99,$57.74
SNES,Pieces,$34.63,$142.50
SNES,Super Soccer,$8.94,$26.80
SNES,The Ren and Stimpy Show Fire Dogs,$44.79,$273.75
SNES,Aerobiz,$37.43,$69.99
SNES,Emmitt Smith Football,$6.81,$19.99
SNES,Revolution X,$10.07,$40.52
SNES,Super Chase HQ,$20.19,$58.86
SNES,Treasure of the Rudras [English Translation],,$155.00
SNES,Utopia The Creation of a Nation,$14.99,$53.37
SNES,Super Star Wars [Player's Choice],$14.98,$45.00
SNES,Addams Family Values,$24.96,$68.69
SNES,Donkey Kong Country [Not for Resale],$220.04,
SNES,Genghis Khan II Clan of the Gray Wolf,$29.55,$72.77
SNES,Liberty or Death,$57.55,$129.49
SNES,Sid Meier's Civilization,$38.52,$100.00
SNES,Ultima The Black Gate,$71.92,$172.00
SNES,Wayne's World,$14.99,$63.95
SNES,Fatal Fury Special,$24.78,$101.40
SNES,Battle Cars,$17.99,$60.06
SNES,Double Dragon V The Shadow Falls,$20.00,$74.96
SNES,Hyperkin Supaboy,$70.00,$90.46
SNES,Jungle Strike,$9.99,$28.01
SNES,NBA Live 95,$6.00,$21.70
SNES,Realm,$64.79,$199.95
SNES,Return of Double Dragon,$30.00,$46.09
SNES,Spanky's Quest,$20.17,$167.50
SNES,SimAnt,$30.05,$80.95
SNES,Kid Klown in Crazy Chase,$14.17,$89.49
SNES,Mickey's Ultimate Challenge,$15.41,$71.28
SNES,Sim Earth the Living Planet,$10.99,$35.09
SNES,Super Metroid [Not for Resale],$157.89,
SNES,Time Cop,$43.44,$172.94
SNES,Best of the Best Championship Karate,$8.97,$34.79
SNES,College Slam,$8.32,$27.14
SNES,Doom [Collector's Edition],$486.65,
SNES,GP-1 Part II,$14.01,$79.99
SNES,Hammerlock Wrestling,$19.38,$57.43
SNES,MechWarrior,$16.38,$49.99
SNES,Mr. Do!,$41.94,$119.66
SNES,Rise of the Robots,$8.43,$32.64
SNES,Super Strike Eagle,$9.99,$39.95
SNES,Terranigma [English Reproduction],$42.07,$59.00
SNES,Burn-In/Test Cartridge,$749.99,
SNES,Cacoma Knight in Bizyland,$24.99,$143.86
SNES,Fighter's History,$20.99,$130.73
SNES,Gunforce,$24.06,$101.06
SNES,MLBPA Baseball,$5.42,$21.74
SNES,Power Rangers Zeo Battle Racers,$16.87,$92.46
SNES,Super Bases Loaded 2,$10.31,$28.57
SNES,Super Battletank 2,$9.10,$26.00
SNES,Thomas the Tank Engine and Friends,$16.57,$69.95
SNES,Super Nintendo System [Control Set Killer Instinct],$357.60,"$1,036.65"
SNES,Zelda Link to the Past [French],$53.76,$256.04
SNES,James Bond Jr,$11.42,$42.01
SNES,Metal Marines,$77.50,$263.01
SNES,NBA All-Star Challenge,$6.91,$16.97
SNES,NFL Quarterback Club 96,$3.60,$15.36
SNES,Nigel Mansell's World Championship Racing,$7.89,$25.81
SNES,Super Mario All-Stars [Player's Choice],$19.77,$74.54
SNES,Super Star Wars: Return Of The Jedi [JVC],$17.52,$79.00
SNES,A.S.P. Air Strike Patrol,$31.95,$66.56
SNES,ACME Animation Factory,$14.99,$47.01
SNES,Bassin's Black Bass,$25.96,$80.75
SNES,Donkey Kong Country 2 [Player's Choice],$22.93,$80.00
SNES,Madden 97,$5.92,$16.70
SNES,NHL 98,$37.48,$55.91
SNES,Power Moves,$14.99,$55.00
SNES,Side Pocket,$17.17,$53.21
SNES,Super Alfred Chicken,$13.25,$54.99
SNES,Super Copa [Playtronic],$69.99,$300.94
SNES,The Ren and Stimpy Show Time Warp,$24.99,$113.33
SNES,Super Nintendo Super Set [Mario Kart Variant],$445.44,"$1,525.00"
SNES,Big Sky Trooper,$17.99,$91.75
SNES,Capcom's MVP Football,$7.95,$30.49
SNES,Captain Novolin,$92.24,$333.93
SNES,Donkey Kong Country 3 [Player's Choice],$30.99,$114.02
SNES,Super Gameboy to Game Genie Adapter,,
SNES,Super Goal! 2,$22.27,$93.56
SNES,Terminator,$26.99,$130.00
SNES,The IREM Skins Game,$13.61,$37.11
SNES,Undercover Cops,$38.50,$67.50
SNES,War 2410,$53.99,$129.99
SNES,War 3010 The Revolution,$25.91,$95.83
SNES,Whizz,$20.95,$92.50
SNES,1UP Card Console Cleaner,$21.95,$63.66
SNES,Majyuo: King Of Demons,$137.95,$141.63
SNES,F1 Pole Position,$11.10,$47.63
SNES,Jeopardy Sports Edition,$6.72,$15.37
SNES,King Arthur and the Knights of Justice,$73.94,$190.16
SNES,Lock On,$10.99,$27.97
SNES,MechWarrior 3050,$17.02,$61.91
SNES,NBA Showdown,$5.40,$17.88
SNES,Natsume Championship Wrestling,$23.07,$63.95
SNES,Packy and Marlon,$114.00,$222.54
SNES,Romance of the Three Kingdoms III Dragon of Destiny,$26.48,$107.92
SNES,Skiing & Snowboarding: Tommy Moe's Winter Extreme,$7.01,$22.45
SNES,Street Fighter II Turbo [Not for Resale],$159.89,
SNES,Super Batter Up,$11.89,$29.60
SNES,Super Putty,$11.65,$57.70
SNES,TNN Bass Tournament of Champions,$9.15,$24.51
SNES,The Adventures of Kid Kleets,$35.99,$325.53
SNES,Time Trax,$36.12,$102.24
SNES,Wing Commander Secret Missions,$10.96,$51.83
SNES,Super Nintendo Classic Edition Controller,$19.94,
SNES,Wild Guns [Strictly Limited],$74.54,$76.49
SNES,Lamborghini American Challenge,$37.66,$160.24
SNES,Mega Man X [iam8bit 30th Anniversary Edition],$63.29,$72.55
SNES,Operation Thunderbolt,$64.99,$298.42
SNES,P.T.O. II,$27.99,$54.66
SNES,Secret of Mana 2 [Homebrew],$42.94,
SNES,Shanghai II Dragon's Eye,$8.79,$26.94
SNES,Super Nintendo System [Mario Paint Set],,$302.50
SNES,Syndicate,$131.74,$324.27
SNES,Tales of Phantasia [English],$22.99,
SNES,The Untouchables,$20.00,$75.00
SNES,World Cup USA '94,$11.31,$104.00
SNES,Nobunaga's Ambition,$29.29,$79.99
SNES,Donkey Kong Country 3 [Not for Resale],$120.00,
SNES,Donkey Kong Country [Player's Choice],$23.00,$84.49
SNES,F1 ROC Race of Champions,$10.63,$31.98
SNES,Izzy's Quest for the Olympic Rings,$9.41,$30.00
SNES,Jeopardy,$8.27,$15.99
SNES,Lemmings 2 The Tribes,$26.59,$73.08
SNES,Mario's Early Years Preschool Fun,$25.35,$117.50
SNES,Miracle Piano,$95.00,$599.97
SNES,Outlander,$13.73,$21.44
SNES,Pinball Dreams,$9.98,$31.22
SNES,RapJam Volume One,$10.30,$61.16
SNES,Redline F-1 Racer,$15.16,$159.95
SNES,Rex Ronan Experimental Surgeon,$99.99,$190.00
SNES,Space Ace,$14.02,$40.50
SNES,Street Fighter II [30th Anniversary Edition],$140.69,$146.87
SNES,Street Hockey 95,$14.98,$64.15
SNES,Asciipad,$23.28,$69.99
SNES,Bill Walsh College Football,$5.73,$21.26
SNES,Brutal Paws of Fury,$15.00,$56.00
SNES,Cutthroat Island,$17.39,$65.44
SNES,Hyperkin SupaBoy Black Gold,$88.50,$89.99
SNES,Killer Instinct [Not for Resale],$217.31,
SNES,Last Action Hero,$13.99,$62.24
SNES,Mark Davis the Fishing Master,$13.06,$38.38
SNES,NBA Hang Time,$12.99,$27.46
SNES,Snow White in Happily Ever After,$40.74,$160.32
SNES,Super Gameboy [Big Box],,$172.85
SNES,Super Nintendo System [Super Mario World 2 Set],,
SNES,The Lion King [Legacy Cartridge Collection],$95.53,$100.00
SNES,WCW Superbrawl Wrestling,$28.95,$84.59
SNES,George Foreman's KO Boxing,$7.01,$24.64
SNES,Aerobiz Supersonic,$50.00,$194.25
SNES,B.O.B.,$17.60,$72.19
SNES,Battle Blaze,$12.55,$69.59
SNES,Chessmaster,$7.35,$22.49
SNES,Dirt Trax FX,$14.64,$49.99
SNES,Extra Innings,$9.71,$42.42
SNES,Konami Justifier,$61.44,$217.47
SNES,Lord of Darkness,$32.48,$65.35
SNES,Magic Boy,$47.99,$127.54
SNES,Mega Man X [Blue Iam8bit 30th Anniversary Edition],,$473.32
SNES,NHL 97,$10.30,$23.11
SNES,Oscar,$74.95,$258.62
SNES,Pro Sport Hockey,$10.19,$39.99
SNES,Star Fox 2 [Homebrew],$55.00,$93.48
SNES,Star Trek Deep Space Nine Crossroads of Time,$19.98,$47.72
SNES,Stone Protectors,$79.94,$195.00
SNES,Super Solitaire,$10.04,$33.59
SNES,The Adventures of Rocky and Bullwinkle and Friends,$14.94,$55.56
SNES,Urban Strike,$13.41,$44.96
SNES,World Soccer 94 Road to Glory,$25.99,$275.01
SNES,Super Nintendo Classic Edition Deluxe Carrying Case,$2.58,$7.81
SNES,Hunt for Red October,$10.50,$27.64
SNES,Al Unser Jr.'s Road To The Top,$10.05,$41.99
SNES,Arcade's Greatest Hits Atari Collection 1,$14.99,$36.00
SNES,Bubsy II,$19.99,$58.03
SNES,Cotton 100,$53.70,$74.29
SNES,ESPN National Hockey Night,$6.31,$24.99
SNES,Fighter Stick SN,$20.00,$59.95
SNES,Hal's Hole in One Golf,$7.50,$19.17
SNES,Jeopardy Deluxe Edition,$3.46,$9.99
SNES,Mary Shelley's Frankenstein,$29.67,$73.63
SNES,NFL Football,$6.50,$22.00
SNES,NHL 96,$7.40,$23.50
SNES,Race Drivin,$8.99,$33.00
SNES,Rendering Ranger: R2,$46.43,$94.97
SNES,Super Bases Loaded,$6.31,$17.47
SNES,Super Conflict,$17.26,$39.88
SNES,Super Multitap,$40.00,$100.00
SNES,Super Nintendo Mouse,$17.60,$29.63
SNES,Super Nintendo System [Walmart],$77.58,$224.99
SNES,Tactics Ogre [Homebrew],$25.44,$69.47
SNES,Toys,$10.94,$32.50
SNES,Troddlers,$16.30,$67.65
SNES,Wayne Gretzky and the NHLPA All-Stars,$8.29,$33.82
SNES,Wheel of Fortune,$6.15,$14.32
SNES,Winter Olympic Games Lillehammer 94,$6.94,$22.48
SNES,X-Zone,$14.99,$24.99
SNES,Analogue Super Nt [Black],$700.00,$707.49
SNES,Brunswick World Tournament of Champions,$4.99,$15.73
SNES,Champions World Class Soccer,$6.99,$23.82
SNES,Cyber Spin,$9.96,$60.06
SNES,ESPN Baseball Tonight,$6.09,$25.00
SNES,Football Fury,$13.04,$62.48
SNES,Micro Machines,$36.11,$139.54
SNES,Nintendo Campus Challenge 1992,"$4,000.00",
SNES,PGA Tour Golf,$8.97,$16.54
SNES,SNES Dust Cover,$6.82,$19.78
SNES,Ultima Runes of Virtue II,$33.48,$65.00
SNES,Ultimate Fighter,$20.00,$130.00
SNES,Wordtris,$5.05,$28.43
SNES,Zombies Ate My Neighbors [Limited Run Event],$37.99,
SNES,Analogue DAC,,
SNES,Bass Masters Classic,$9.41,$43.03
SNES,Batter Up Controller,,
SNES,Bebe's Kids,$29.56,$167.50
SNES,Earthworm Jim 1+2 [25th Anniversary Edition],$169.00,$437.50
SNES,F1 ROC II Race of Champions,$14.00,$49.95
SNES,Family Dog,$12.99,$54.08
SNES,NBA Live 97,$6.60,$21.23
SNES,Retro-Bit Super Retro Trio Plus,$67.33,$70.00
SNES,Romance of the Three Kingdoms II,$23.94,$77.65
SNES,Speed Racer,$29.07,$99.95
SNES,Spiderman X-Men Arcade's Revenge [First Print],,$99.95
SNES,Star Trek Starfleet Academy,$17.99,$40.45
SNES,Street Racer,$33.47,$99.43
SNES,Super High Impact,$6.74,$26.85
SNES,Tecmo Super Baseball,$6.33,$19.43
SNES,Aero The Acro-Bat 2 [Limited Run],$70.00,
SNES,P.T.O.,$16.11,$45.39
SNES,Ballz 3D,$11.81,$31.71
SNES,Championship Soccer '94,$10.10,$26.20
SNES,Chavez Boxing,$28.45,$149.99
SNES,Chester Cheetah Wild Wild Quest,$24.85,$84.98
SNES,Dig and Spike Volleyball,$11.16,$32.43
SNES,Faceball 2000,$11.95,$37.12
SNES,Foreman For Real,$7.99,$51.40
SNES,Kawasaki Caribbean Challenge,$7.91,$37.77
SNES,Kyle Petty's No Fear Racing,$12.00,$99.99
SNES,Olympic Summer Games Atlanta 96,$7.83,$19.99
SNES,Pac-In-Time,$37.13,$130.00
SNES,Pac-Man 2 The New Adventures [Holographic Cover],$17.24,$49.99
SNES,Spectre,$9.99,$44.03
SNES,Super Baseball 2020,$16.49,$57.62
SNES,Super James Pond,$14.99,$52.50
SNES,The Sporting News Baseball,$13.67,$39.99
SNES,World Heroes 2,$18.99,$92.47
SNES,Zool Ninja of the Nth Dimension,$15.95,$52.55
SNES,Hyper V-Ball,$18.83,$70.10
SNES,Operation Logic Bomb,$35.39,$107.69
SNES,Capcom's Soccer Shootout,$20.80,$114.99
SNES,8Bitdo Snes30,$50.00,
SNES,Adventures of Mighty Max,$13.79,$93.13
SNES,Bass Masters Classic Pro Edition,$8.66,$28.59
SNES,Capcom Fighter Power Stick,$59.79,$187.02
SNES,Dragon Quest III [Homebrew],$24.07,$42.53
SNES,Gods,$17.11,$48.49
SNES,Jammit,$8.44,$39.99
SNES,Mohawk and Headphone Jack,$24.23,$101.58
SNES,No Escape,$21.99,$80.63
SNES,Out to Lunch,$19.79,$75.63
SNES,Power Piggs of the Dark Age,$38.99,$187.81
SNES,Super Back to the Future Part II [English Translation],$34.99,$101.47
SNES,Super RBI Baseball,$11.49,$34.99
SNES,Sydney Hunter and the Caverns of Death [Homebrew],$22.04,$32.50
SNES,The Duel Test Drive II,$19.99,$63.44
SNES,The Tick,$24.99,$94.99
SNES,Troy Aikman NFL Football,$7.00,$19.77
SNES,Zombies Ate My Neighbors [Premium Edition],$79.99,
SNES,Timeslip,$21.99,$62.49
SNES,Superpad Controller,$9.04,$34.99
SNES,Analogue Super Nt [Transparent],$867.00,
SNES,Andre Agassi Tennis,$12.60,$29.43
SNES,Assault Suits Valken: Deluxe Edition,$28.89,$92.50
SNES,Battle Grand Prix,$14.99,$80.00
SNES,California Games II,$17.99,$75.00
SNES,Contra III The Alien Wars [Majesco Candy Cane],$224.95,$652.36
SNES,Eek The Cat,$27.52,$114.95
SNES,Fire Emblem: Mystery of the Emblem [Homebrew],$22.05,$26.41
SNES,GP-1,$15.57,$81.25
SNES,Hyperkin Supaboy S,$105.12,$125.00
SNES,Jim Power: The Lost Dimension,$10.93,$66.69
SNES,Madden 98,$8.97,$18.15
SNES,Mecarobot Golf,$9.99,$30.74
SNES,PGA European Tour,$7.95,$22.67
SNES,Radical Rex,$20.99,$120.00
SNES,Riddick Bowe Boxing,$7.00,$30.08
SNES,Star Fox [Not for Resale],$127.50,
SNES,Steel Talons,$15.74,$61.88
SNES,Super Bases Loaded 3,$11.59,$59.97
SNES,Super Mario World [Reversed Nintendo Seal],,
SNES,Super Soccer Champ,$13.08,$39.99
SNES,Tetris and Dr. Mario [Player's Choice],$20.98,$50.00
SNES,The Great Waldo Search,$14.12,$51.70
SNES,Tony Meola's Sidekicks Soccer,$8.64,$30.00
SNES,Where in Time is Carmen Sandiego,$15.00,$75.75
SNES,Wicked 18,$11.99,$43.99
SNES,WildSnake,$7.97,$26.24
SNES,AC Adapter,$90.39,
SNES,Action Replay MK3,$140.00,$599.00
SNES,Battle Clash [Shooter Series],$174.95,
SNES,Beethoven,$11.76,$42.44
SNES,BreakThru,$10.46,$40.36
SNES,Carrier Aces,$12.84,$38.00
SNES,Elite Soccer,$20.47,$178.79
SNES,Fun 'n Games,$36.00,$899.95
SNES,M.A.C.S.  Multipurpose Arcade Combat Simulator,"$1,433.09","$3,544.84"
SNES,Obitus,$21.12,$56.23
SNES,Pinball Fantasies,$18.99,$40.63
SNES,Road Riot 4WD,$7.11,$27.00
SNES,Sea Quest DSV,$26.76,$85.00
SNES,Super Nintendo Video Game Preserver Case,,
SNES,Super Star Wars [No JVC],,
SNES,Undercover Cops [Collector's Edition],$60.89,
SNES,VictorMaxx Virtual Reality StuntMaster,$28.01,$81.23
SNES,WarpSpeed,$15.33,$52.22
SNES,Zombies Ate My Neighbors [Limited Run],$53.95,$58.01
SNES,Jurassic Park [Limited Run],$60.00,$103.19
SNES,Barkley: Shut Up and Jam!,$7.91,$34.00
SNES,Chrono Trigger: Crimson Echoes [Homebrew],$28.00,$225.62
SNES,Conker's High Rule Tail [Homebrew],$45.83,
SNES,Dream TV,$21.72,$108.47
SNES,Frank Thomas Big Hurt Baseball,$7.19,$22.49
SNES,Jaleco Brawler's Pack,$16.59,$29.99
SNES,Math Blaster Episode 1,$14.99,$58.50
SNES,Mega Man X [Majesco],$16.75,$48.60
SNES,On the Ball,$19.99,$55.63
SNES,Operation Europe Path to Victory 1939-45,$18.87,$57.03
SNES,Pebble Beach Golf Links,$5.70,$23.05
SNES,Shockman Zero,$26.31,$79.99
SNES,Super Mario World 2 Yoshi's Island [Not for Resale],$165.25,
SNES,Super Nintendo System [Tetris/Dr. Mario],$227.05,$658.44
SNES,X-Band Modem,$72.94,$75.00
SNES,NakiTek Game Saver+,$19.95,$29.99
SNES,HORI Wireless Fighting Commander,$15.03,$25.00
SNES,8BitDo SN30 2.4g Wireless Gamepad,$35.69,$57.61
SNES,A.L.S. Industries 24 Game Storage Drawer,,
SNES,Analogue Super NT [Ghostly],"$1,480.53",
SNES,Asciiware SNES Turbo Controller,,
SNES,Battletoads & Double Dragon [Limited Edition],$58.49,
SNES,Brett Hull Hockey,$6.00,$29.99
SNES,Cal Ripken Jr. Baseball,$9.29,$26.87
SNES,Chavez Boxing II,$31.99,$250.00
SNES,Clock Tower [Homebrew],$31.00,$44.60
SNES,Contra III The Alien Wars [Not for Resale],$150.00,
SNES,David Crane's Amazing Tennis,$8.35,$42.59
SNES,Docs Wireless Controllers,$39.97,$79.05
SNES,Donkey Kong Country 2 [Not for Resale],$145.00,
SNES,Dragon View [Limited Run],$82.96,
SNES,Dual Turbo Wireless Remote System,$44.74,$78.33
SNES,ESPN Speed World,$10.53,$43.49
SNES,ESPN Sunday Night NFL,$5.00,$15.00
SNES,Everdrive FXPAK PRO,$247.00,
SNES,FC Twin,$32.68,$36.41
SNES,Gourmet Warriors [English Translation],,
SNES,HardBall III,$5.99,$21.49
SNES,Head-On Soccer,$13.33,$172.83
SNES,International Tennis Tour,$6.65,$36.54
SNES,Joe & Mac: Ultimate Caveman Collection [Homebrew],$22.10,$30.79
SNES,Mario Paint [Player's Choice],$11.55,$69.99
SNES,Michael Andretti's Indy Car Challenge,$8.04,$43.97
SNES,Mortal Kombat [Competition Edition],$13.50,$62.51
SNES,NBA Give 'n Go,$29.27,$87.94
SNES,NBA Live 96,$7.63,$22.14
SNES,NBA Live 98,$9.45,$22.68
SNES,NCAA Basketball [Not for Resale],$54.49,
SNES,NCAA Final Four Basketball,$8.15,$25.00
SNES,NFL Quarterback Club,$6.54,$14.49
SNES,Nightmare Busters [Homebrew],$31.35,$127.77
SNES,Nintendo Power Previews,,
SNES,Pro Quarterback,$4.98,$22.98
SNES,QuickShot Conqueror 2,$24.97,$72.41
SNES,R-Type III & Super R-Type [Collector’s Edition],$70.00,$106.98
SNES,Relief Pitcher,$19.99,$95.63
SNES,Roger Clemens' MVP Baseball,$6.58,$18.56
SNES,S.O.S: Sink or Swim,$119.99,$299.85
SNES,SD2SNES,$127.50,$282.19
SNES,SimCity [Player's Choice],$13.63,$43.84
SNES,Space Football,$9.51,$45.99
SNES,Star Ocean [Homebrew],$28.68,$94.99
SNES,Sterling Sharpe: End 2 End,$19.20,$79.99
SNES,Street Fighter II [Not for Resale],$130.00,
SNES,Stunt Race FX [Not for Resale],$77.44,
SNES,Super Mario All-Stars [Not For Resale],,
SNES,Super Nintendo Super Set System [Star Fox Set],,
SNES,Super Slam Dunk,$6.99,$26.33
SNES,Torneko's Great Adventure [English Translation],,
SNES,Tri-Star,$107.50,$245.06
SNES,Turbo Touch 360,$12.14,$24.99
SNES,Worms,$115.10,
SNES,Zelda Ancient Stone Tablets [Homebrew],$27.00,$80.00
SNES,Zero The Kamikaze Squirrel [Limited Run],$99.99,
SNES,SNES AV Cable,$10.98,$31.84
SNES,SN ProPad Controller [Walmart Exclusive],$13.79,$40.00
SNES,Advanced Control Pad,$3.09,$9.37
SNES,Jack Nicklaus Golf,$6.46,$19.92
SNES,Newman-Haas IndyCar,$9.86,$50.80
SNES,PGA Tour 96,$10.51,$19.99
SNES,TKO Super Championship Boxing,$16.50,$90.00
SNES,World League Soccer,$9.06,$19.67
SNES,240p Test Suite,$42.75,$44.19
SNES,8BitDo SN30 2.4g Wireless Gamepad [Super Famicom Edition],,
SNES,8BitDo SN30 2.4g Wireless Gamepad [Transparent Edition],$20.00,
SNES,8BitDo SNES Retro Reciever,,
SNES,Ancient Magic: Bazoe! Mahou Sekai [English Translation],,
SNES,Angler Total Control Pad,,
SNES,Animaniacs [Majesco Candy Cane],,
SNES,Block 'Em Sock 'Em [Homebrew],,
SNES,Bobby's World [Homebrew],$33.99,$41.00
SNES,Brandish 2: The Planet Buster [English Translation],$30.10,
SNES,Breath Of Fire II - Retranslated [Homebrew],,
SNES,Brunswick World Tournament Of Champions [Majesco Candy Cane],,
SNES,C&L Controls Championship Joystick,,
SNES,Cannondale Cup,$20.72,$105.31
SNES,Capcom Pad Soldier,$24.26,$70.35
SNES,Castlevania Dracula X [Playtronic],,
SNES,Chaos Seed [English Translation],,
SNES,Chip's Challenge [Homebrew],,$30.00
SNES,Chrono Trigger: Flame Of Eternity [Homebrew],$27.00,
SNES,Classic Kong [Homebrew],$23.10,$45.27
SNES,College Football USA 97,$12.00,$44.24
SNES,Controller Extension Cable,$26.12,
SNES,Corn Buster [Homebrew],,
SNES,Cyber Knight II [English Translation],,
SNES,DOCS Arcade Command Table Top Controller,,
SNES,Dark Half [English Translation],,
SNES,Data East Classic Collection [Homebrew],$19.99,$28.94
SNES,DoReMi Fantasy Milon's Quest [English],$44.99,$130.47
SNES,Donald Duck And The Magical Hat [Homebrew],,
SNES,Doom [Limited Run],,
SNES,Dorke & Ymp [Homebrew],,
SNES,Dual Orb II [English Translation],,
SNES,Eliminator Cleaning Kit,$1.24,$3.75
SNES,Emerald Dragon [English Translation],,
SNES,Entertainment Center Organizer,,
SNES,Everdrive FX PAK PRO [Christmas Red],,$249.99
SNES,Eyra The Crow Maiden,$65.00,
SNES,F-Zero 2 Grand Prix [Homebrew],,
SNES,FXPAK PRO,$199.99,$220.68
SNES,FXPAK PRO [Frosted Green],$175.00,$507.50
SNES,FXPAK Pro [Halcyon Future],$85.34,$247.50
SNES,Fire Emblem: Genealogy of the Holy War [Homebrew],$28.00,$75.00
SNES,Fire Emblem: Thracia 776 [English Translation],$44.99,$130.47
SNES,Fork Parker's Crunch Out [Homebrew],$50.00,$51.00
SNES,Full Throttle,$10.73,$24.63
SNES,Game Cartridge Holder,$20.96,$60.78
SNES,Ghoul Patrol [Limited Run],$41.95,$50.00
SNES,Ghoul Patrol [Premium Edition],$70.00,
SNES,Gunple: Gunman's Proof [English Translation],,
SNES,HD Retrovision SNES Component Cable,,
SNES,Hind Strike [Homebrew],,
SNES,Hyper Light Drifter,,$46.67
SNES,Hyperkin Scout Wired Controller [Space Black],,
SNES,Hyperkin Supaboy SFC,,
SNES,Illusion of Gaia [T-Shirt Bundle],$77.59,$225.00
SNES,Innovation Super Game Pad,$23.99,$69.57
SNES,International Superstar Soccer [Playtronic],,
SNES,Jelly Boy [Homebrew],$39.99,$89.99
SNES,Jim Power The Lost Dimension [Homebrew],$10.49,$35.38
SNES,Jim Power in Mutant Planet,,
SNES,Jim Power: The Lost Dimension [Strictly Limited],,
SNES,Jimmy Connors Pro Tennis Tour,$12.10,$22.62
SNES,Jimmy Houston's Bass Tournament U.S.A.,$14.89,$35.97
SNES,Jungle Strike [Majesco Candy Cane],,
SNES,Ken Griffey Jr Major League Baseball [Not For Resale],$49.99,
SNES,Kirby Super Star [Playtronic],,
SNES,Legend Of The Mystical Ninja 2 [Homebrew],,
SNES,Legend Of The Mystical Ninja 3 [Homebrew],,
SNES,Lennus II: The Apostles of the Seals [English Translation],,
SNES,Little Medusa [Homebrew],$40.00,$45.00
SNES,Live A Live [English Translation],,
SNES,M.A.C.S. Basic Rifle Marksmanship Program,"$1,905.00",
SNES,Made Monogatari - Big Kindergarten Kids [English Translation],,
SNES,Magic Knight Rayearth [English Translation],$22.50,
SNES,Magical Pop'n [Homebrew],$17.99,
SNES,Mazezam Challenge [Homebrew],,
SNES,Metal Combat: Shooter Series,$134.95,$400.00
SNES,Monopoly [Majesco Candy Cane],,
SNES,Mortal Kombat 3 Kontrol Pad [Version 1],,
SNES,Mortal Kombat 3 Kontrol Pad [Version 2],,
SNES,Moto-X [Homebrew],,$68.99
SNES,Mr. Bloppy Saves the World [Homebrew],$20.00,$27.16
SNES,Mystic Ark [English Translation],,
SNES,NFL Quarterback Club 96 [Kmart],$37.84,$109.66
SNES,NHL Stanley Cup [Not For Resale],,
SNES,NTF 2.5 Test Cartridge,$699.99,"$2,029.97"
SNES,Neugier: The Journey Home [English Translation],,
SNES,New Super Mario Land [Homebrew],$28.00,
SNES,Nintendo Entertainment System Organizer,,
SNES,Nintendo Powerfest 1994 [Reproduction],,
SNES,Nintendo Video Game Cartridge Center,,
SNES,Old Towers [Homebrew],,
SNES,Pac Man 2 [Majesco Candy Cane],,
SNES,Parodius [English Translation],,
SNES,Pelican Controller,,
SNES,Pop'n TwinBee: Rainbow Bell Adventures [English Translation],,
SNES,Porky Pig's Haunted Holiday [Majesco Candy Cane],,
SNES,Protective Storage Display Unit,,
SNES,Psychopad K.O. Arcade Stick,$24.13,$69.99
SNES,QuickShot Supercon 2B,,
SNES,Quickshot Python 2B,,
SNES,Radical Dreamers [Homebrew],$27.98,
SNES,Record of Lodoss War [English Translation],$35.00,
SNES,Rendering Ranger 2 [Limited Run],,
SNES,Rendering Ranger R2 [Collector's Edition],$129.97,$197.98
SNES,RetroTINK-2X Pro,,
SNES,River City Ransom 2 [Homebrew],$27.00,
SNES,S-Video Cable,$42.60,$123.57
SNES,SCART Cable,$86.58,$251.31
SNES,"SNES Game Genie Code Update: Volume 1, No. 1",,
SNES,"SNES Game Genie Code Update: Volume 1, No. 2",,
SNES,"SNES Game Genie Code Update: Volume 1, No. 3",,
SNES,"SNES Game Genie Code Update: Volume 1, No. 4",,
SNES,SNES Rumble Controller,,
SNES,Sailor Moon Another Story [Homebrew],$29.49,
SNES,Scooby Doo Mystery [Majesco Candy Cane],,
SNES,Scooby Doo Mystery [Majesco Reprint],,
SNES,Shin Megami Tensei II [English Translation],,
SNES,Shin Megami Tensei [Homebrew],$26.96,$39.37
SNES,Slayers [English Translation],,
SNES,Socks the Cat [Homebrew],$97.77,$99.50
SNES,Stealth Multi-Function Joystick For Super Nes,$48.51,$49.99
SNES,Stone Protectors [PIKO],,$84.95
SNES,Super 3D Noah’s Ark [Piko],$15.52,$45.00
SNES,Super 4-in-1 Multicart [Homebrew],,
SNES,Super 5-Play Performance Multitap,$20.99,$60.87
SNES,Super Battleship [Majesco Candy Cane],,
SNES,Super Black Bass [Majesco Candy Cane],,
SNES,Super Bonk 2 [Homebrew],$24.75,
SNES,Super Everdrive X5,$75.48,$77.34
SNES,Super Everdrive X6,$69.99,$97.55
SNES,Super Fire Pro Wrestling X Premium [English Translation],,
SNES,Super Link Multi-Player Adapter,$24.03,$69.69
SNES,Super Mario World [Not For Resale],,
SNES,Super Mario World [Playtronic],,
SNES,Super Metroid Darkholme Hospital [Homebrew],$22.82,
SNES,Super Metroid [Player's Choice Not For Resale],,
SNES,Super NES Game Genie Code Update Manual: Special 50 More Games,,
SNES,Super Nintendo Control Deck Tester,,
SNES,Super Nintendo Home Run Bundle,,
SNES,Super Nintendo System [Competition Set],,
SNES,Super Off Road [Not For Resale],$150.00,
SNES,Super Retro Trio,$50.29,$69.99
SNES,Super Scope Test Cartridge,,
SNES,Super Slap Shot,$7.19,$17.19
SNES,Super Smart Pad Controller,,
SNES,Super Turrican 2 [Special Edition],$28.73,$65.00
SNES,Super Turrican Collection,$13.80,$40.00
SNES,Taco Princess from the Moon,$45.00,$49.09
SNES,Targa [Homebrew],$19.99,
SNES,Tee V Golf,$200.00,
SNES,Tekken 2 [Homebrew],,
SNES,Tetris 2 [Player's Choice],$11.95,$20.95
SNES,Tetris Attack [Not for Resale],$33.01,
SNES,The Amazing Spider-Man: Lethal Foes [Homebrew],$32.73,$120.94
SNES,The Edge Super Joystick For SNES Classic,,
SNES,The Return of the Mysterious Game of Crypticism,$114.10,
SNES,The Stick 2 by Innovation [Super Power],,
SNES,Top Gear [Majesco Candy Cane],$75.99,$220.37
SNES,Treasure Hunter G [English Translation],,
SNES,Tyco Power Plug,$9.50,$12.99
SNES,Umihara Kawase [English Translation],,
SNES,Unholy Night: The Darkness Hunter [Homebrew],$14.00,$29.47
SNES,WWF Super Wrestlemania [Majesco Candy Cane],,
SNES,Wizardry I-II-III: Story of Llylgamyn [English Translation],,
SNES,Wonder Project J [English Translation],,
SNES,Worms [Collector's Edition],,
SNES,Worms [Peach Cart],,
SNES,Xeno Crisis,$116.75,
SNES,YOK Wireless Turbo Controller [Blue],$15.26,
SNES,YOK Wireless Turbo Controller [Red],$9.99,
SNES,Ys IV: Mask Of The Sun [Homebrew],$35.55,
SNES,Ys IV: Mask of the Sun [English Translation],$27.00,
SNES,Zombies Ate My Neighbors [Premium Edition Transparent Green],,
SNES,Pinkie,,$61.79
SNES,Atlantic Video Games Storage Rack,,
SNES,Asciiware Fight Pad,,
SNES,Fighter Pad Controller,$17.97,$52.11
SNES,Nintendo System 3 Video Game Organizer,,
SNES,Apocalypse [Homebrew],$20.00,
SNES,A.L.S. Video Entertainment Center,,
SNES,Xeno Crisis [Collector's Edition],,
SNES,NES Classic Edition Deluxe Travel Case,,
SNES,Game Cartridge Organizer,$47.51,$137.78
SNES,Nintendo Game System Cabinet,,
SNES,Apocalypse II [Homebrew],$16.56,$16.95
SNES,Hyper Click Retro Style Mouse,$21.50,
SNES,Hyperkin Controller Adapter [SNES to SNES Classic Edition],$1.41,$4.29
SNES,SupaBoy Hyper Beach,$89.99,
SNES,Super Nintendo Counter Testing Station,,
SNES,Super Nintendo RF Adapter,,
SNES,QuickShot Supercon 2,$24.95,$72.36
SNES,Quick Shot For Professional Players,,
SNES,Assault Suits Valken [Collector's Edition],$10.30,$31.23
SNES,Super Nintendo Development Tool,,
SNES,SNES S-Video Cable,,
SNES,NUBY Game Caddy For Super NES,,
SNES,Aero the Acro-Bat [Limited Run],,
SNES,Jelly Boy [Limited Run],,
SNES,Jurassic Park Part 2: The Chaos Continues [Limited Run],,
SNES,Jurassic Park Part 2: The Chaos Continues [Collector's Edition],$185.00,$191.88
SNES,Jurassic Park [Collector's Edition],,
SNES,Super Nintendo System Jr. [Kirby],,
SNES,Super Scope Sensor,$14.79,$42.89
SNES,Where in Time is Carmen Sandiego [Big Box],,$154.49
SNES,Where in the World is Carmen Sandiego [Big Box],,$254.96
SNES,SN ProPad,$15.00,$22.50
SNES,SN Programmable Game Pad Super Nintendo Model SV-336,$24.99,$72.47
SNES,SN Programpad,$21.00,$49.99
SNES,Arcade Pro Joystick,,
SNES,Bahamut Lagoon [Homebrew],$37.19,
SNES,Topfighter QJ,$38.39,$110.87
SNES,Duel Player,$9.43,$27.35
SNES,Attack of the Petscii Robots,$60.00,
N64,Zelda Ocarina of Time,$43.32,$156.56
N64,Conker's Bad Fur Day,$179.99,$332.66
N64,Super Mario 64,$39.94,$115.20
N64,Nintendo 64 System,$67.40,$244.19
N64,Zelda Majora's Mask,$89.23,$247.99
N64,Mario Kart 64,$45.24,$116.33
N64,Clay Fighter Sculptors Cut,$999.95,"$6,571.40"
N64,007 GoldenEye,$32.97,$96.16
N64,Pokemon Stadium,$31.85,$237.48
N64,Super Smash Bros.,$50.50,$159.43
N64,Donkey Kong 64,$34.41,$117.48
N64,Zelda Ocarina of Time [Collector's Edition],$102.75,$325.00
N64,Pokemon Stadium 2,$96.65,$316.40
N64,Zelda Majora's Mask [Collector's Edition],$75.66,$250.00
N64,Bomberman 64 Second Attack,$357.17,"$1,017.45"
N64,Paper Mario,$95.21,$216.25
N64,Pikachu Nintendo 64 System,$285.00,"$1,352.16"
N64,Diddy Kong Racing,$29.95,$106.22
N64,Banjo-Kazooie,$34.52,$125.00
N64,Star Fox 64,$25.22,$125.50
N64,Pokemon Snap,$20.49,$111.17
N64,Resident Evil 2,$83.71,$262.33
N64,Perfect Dark,$25.00,$58.41
N64,Funtastic Jungle Green Nintendo 64 System,$156.14,$575.98
N64,Mario Party 2,$52.74,$131.46
N64,Mario Party 3,$64.99,$186.49
N64,Super Bowling,$574.45,"$2,102.97"
N64,Bomberman 64,$30.95,$115.43
N64,Mario Party,$39.97,$147.83
N64,Ogre Battle 64: Person of Lordly Caliber,$159.98,$349.46
N64,Zelda Majora's Mask [Not for Resale Gray],"$7,100.00",
N64,Gauntlet Legends,$62.91,$129.97
N64,Zelda Majora's Mask [Not for Resale],$279.89,
N64,Kirby 64: The Crystal Shards,$44.99,$168.04
N64,Castlevania Legacy of Darkness,$160.00,$411.00
N64,Banjo-Tooie,$39.05,$135.95
N64,Star Wars Episode I Racer,$11.91,$31.76
N64,Yoshi's Story,$27.01,$103.75
N64,Expansion Pak,$52.50,$70.97
N64,Funtastic Ice Blue Nintendo 64 System,$185.74,$314.89
N64,Turok 2 Seeds of Evil,$14.81,$41.75
N64,Star Wars Shadows of the Empire,$15.82,$44.25
N64,Castlevania,$31.06,$96.94
N64,Wave Race 64,$15.00,$63.21
N64,Mischief Makers,$73.14,$194.32
N64,Mario Tennis,$29.99,$81.88
N64,Mega Man 64,$89.96,$209.99
N64,Starcraft 64,$109.89,$302.48
N64,Mystical Ninja Starring Goemon,$126.16,$348.82
N64,Star Wars Rogue Squadron,$19.23,$46.50
N64,Snowboard Kids 2,$114.22,$399.97
N64,Donkey Kong 64 [Not For Resale Yellow],$189.01,
N64,F-Zero X,$40.31,$142.10
N64,Harvest Moon 64,$74.99,$221.54
N64,WWF No Mercy,$32.85,$101.38
N64,Doom 64,$37.08,$128.73
N64,Turok Dinosaur Hunter,$18.50,$59.66
N64,Cruis'n USA,$18.27,$60.00
N64,WWF No Mercy [USA-1],$308.21,$325.47
N64,Goemon's Great Adventure,$148.23,$395.00
N64,Tony Hawk,$13.68,$48.29
N64,Mario Golf,$44.70,$118.27
N64,Clay Fighter 63 1/3,$29.99,$130.83
N64,Worms Armageddon,$250.82,$769.21
N64,Killer Instinct Gold,$34.99,$109.85
N64,Hey You Pikachu,$11.95,$145.00
N64,Funtastic Fire Orange Nintendo 64 System,$224.95,$600.00
N64,Spiderman,$39.95,$99.96
N64,007 World Is Not Enough,$17.00,$51.00
N64,Indiana Jones Infernal Machine,$113.80,$339.59
N64,South Park,$24.55,$79.99
N64,Jet Force Gemini,$16.39,$50.35
N64,1080 Snowboarding,$15.00,$55.04
N64,Space Station Silicon Valley,$79.57,$185.00
N64,Dr. Mario 64,$30.82,$68.54
N64,Mario Kart 64 [Player's Choice],$52.19,$93.00
N64,Snowboard Kids,$71.28,$250.00
N64,Stunt Racer,$367.00,"$1,499.57"
N64,Quest 64,$27.32,$105.25
N64,Mortal Kombat Trilogy,$31.19,$98.79
N64,Rocket Robot on Wheels,$95.00,$253.01
N64,007 GoldenEye [Not for Resale],$650.00,
N64,WCW vs NWO Revenge,$12.00,$47.12
N64,Pokemon Puzzle League,$32.19,$120.46
N64,Funtastic Grape Purple Nintendo 64 System,$187.19,$650.00
N64,Namco Museum,$11.28,$25.00
N64,NFL Blitz,$21.89,$50.56
N64,Rayman 2 The Great Escape,$28.00,$81.91
N64,Gold Nintendo 64 System,$198.64,"$2,150.00"
N64,Glover,$16.49,$57.45
N64,Millennium 2000 Controller,"$1,495.00","$4,784.00"
N64,Pilotwings 64,$21.49,$55.50
N64,Bomberman Hero,$24.97,$98.53
N64,Duke Nukem 64,$32.41,$115.09
N64,Funtastic Watermelon Red Nintendo 64 System,$214.76,$689.99
N64,Cruis'n World,$24.99,$58.33
N64,San Francisco Rush,$14.98,$43.67
N64,WWF Wrestlemania 2000,$16.00,$55.67
N64,Toy Story 2,$16.90,$51.52
N64,Super Mario 64 [Player's Choice],$35.38,$103.82
N64,Nintendo 64 Atomic Purple Bundle,$108.28,$299.99
N64,Yoshi's Story International Version,"$1,380.56",
N64,Earthworm Jim 3D,$67.50,$220.00
N64,Blast Corps,$20.99,$69.47
N64,Gameboy Transfer Pak,$15.19,$33.42
N64,Zelda Ocarina Of Time [Not For Resale Gold],"$1,500.00",
N64,Mortal Kombat 4,$25.96,$82.57
N64,Turok Rage Wars [Gray],$533.83,$867.50
N64,Tony Hawk 2,$22.38,$62.19
N64,Duck Dodgers,$119.34,$286.82
N64,Rampage World Tour,$29.88,$103.45
N64,F1 Racing Championship,$491.92,"$1,665.05"
N64,Mission Impossible,$9.46,$28.49
N64,Funtastic Smoke Black Nintendo 64 System,$202.50,$899.99
N64,Nintendo 64 System [Pokemon Stadium Battle Set],"$1,184.99","$1,757.37"
N64,Tony Hawk 3,$59.99,$157.31
N64,Nintendo 64 System [Donkey Kong 64 Set],$217.36,$687.50
N64,Kobe Bryant in NBA Courtside,$5.71,$18.53
N64,Atomic Purple Controller,$20.00,$235.16
N64,Excitebike 64,$15.00,$37.49
N64,Army Men Sarge's Heroes,$20.85,$51.00
N64,Turok 3,$42.37,$122.50
N64,Chameleon Twist 2,$76.53,$267.26
N64,WWF Warzone,$5.06,$25.05
N64,Rumble Pak,$22.85,$42.85
N64,NFL Blitz [Special Edition],$130.00,$282.57
N64,Beetle Adventure Racing,$28.13,$70.44
N64,Superman,$13.81,$69.56
N64,Mickey's Speedway USA,$21.00,$53.00
N64,Body Harvest,$36.50,$84.95
N64,Rat Attack,$115.29,$709.95
N64,Banana Controller,$279.56,
N64,Gex 64,$19.97,$52.25
N64,Hexen,$24.99,$52.31
N64,Buck Bumble,$45.33,$147.77
N64,Hydro Thunder,$71.59,$154.98
N64,WCW vs NWO World Tour,$8.19,$45.00
N64,War Gods,$12.02,$36.21
N64,Shadow Man,$19.61,$51.00
N64,Gray Controller,$17.53,$41.92
N64,San Francisco Rush 2049,$47.79,$112.49
N64,Rugrats Scavenger Hunt,$11.97,$51.38
N64,Extreme Green Controller,$82.02,$380.54
N64,Forsaken 64,$12.15,$38.36
N64,Daikatana,$87.50,$378.53
N64,Big Mountain 2000,$97.84,$299.97
N64,Donkey Kong 64 [Not for Resale Gray],"$1,625.00",
N64,Hybrid Heaven,$29.47,$92.95
N64,Transformers Beast Wars Transmetals,$91.09,$780.00
N64,Zelda Ocarina of Time [Player's Choice],$35.80,$114.69
N64,Zelda Ocarina of Time [Not for Resale],$275.00,
N64,Mortal Kombat Mythologies: Sub-Zero,$20.02,$83.85
N64,Ready 2 Rumble Boxing,$14.46,$36.17
N64,Star Soldier,$66.05,$232.50
N64,The New Tetris,$29.99,$52.69
N64,Turok Rage Wars,$15.52,$63.41
N64,007 GoldenEye [Player's Choice],$21.39,$70.30
N64,Extreme G,$10.46,$42.20
N64,A Bug's Life,$12.53,$37.46
N64,Rush 2,$20.92,$60.00
N64,Cruis'n Exotica,$42.00,$129.99
N64,Star Wars Battle for Naboo,$34.95,$73.71
N64,Tetrisphere,$13.42,$41.74
N64,WCW Mayhem,$8.06,$28.96
N64,NBA Hang Time,$24.51,$55.67
N64,Aidyn Chronicles,$45.06,$123.95
N64,Wayne Gretzky's 3D Hockey,$12.77,$30.00
N64,Hey You Pikachu [Microphone Bundle],$34.99,$103.30
N64,Carmageddon,$127.19,$223.92
N64,Batman Beyond,$42.68,$179.81
N64,Duke Nukem Zero Hour,$24.99,$73.41
N64,Wide-Boy 64,"$1,371.25",
N64,Quake II,$24.99,$55.50
N64,LEGO Racers,$12.13,$43.03
N64,International Superstar Soccer 2000,$67.38,$244.99
N64,Rampage 2 Universal Tour,$29.99,$102.48
N64,Battletanx,$21.37,$50.12
N64,Madden 99,$5.09,$16.59
N64,Nightmare Creatures,$22.00,$65.41
N64,Mace Dark Age,$22.49,$69.98
N64,Vigilante 8,$30.33,$73.47
N64,NFL Blitz 2000,$24.99,$54.12
N64,Battletanx Global Assault,$32.99,$54.99
N64,Donald Duck Going Quackers,$66.79,$177.85
N64,Major League Baseball Featuring Ken Griffey Jr,$9.99,$35.77
N64,Wipeout,$12.58,$41.84
N64,Fighters Destiny,$16.07,$57.22
N64,Quake,$21.76,$62.33
N64,Controller Pak,$10.99,$34.00
N64,Chameleon Twist,$37.98,$121.30
N64,Waialae Country Club,$7.68,$19.99
N64,Biofreaks,$13.97,$42.25
N64,Ridge Racer 64,$17.01,$68.64
N64,Blue Controller,$20.45,$78.28
N64,Donkey Kong 64 Banana Controller Cover,$370.00,"$1,184.00"
N64,Rainbow Six,$11.99,$37.69
N64,California Speed,$16.95,$51.26
N64,WWF Attitude,$7.99,$32.01
N64,Shadowgate 64,$51.78,$124.06
N64,Tonic Trouble,$29.35,$91.05
N64,Road Rash,$39.99,$89.46
N64,Scooby Doo Classic Creep Capers,$24.48,$89.06
N64,Jungle Green Controller,$49.49,$149.99
N64,Fighting Force 64,$46.04,$129.99
N64,Deadly Arts,$32.97,$145.33
N64,NASCAR 99,$8.62,$15.64
N64,Command and Conquer,$15.99,$52.49
N64,F1 World Grand Prix,$8.45,$26.80
N64,NFL Quarterback Club 98,$4.39,$17.74
N64,Starshot Space Circus Fever,$110.00,$309.91
N64,Xena Warrior Princess,$15.44,$51.00
N64,Tarzan,$24.87,$53.51
N64,Winback Covert Operations,$24.92,$56.24
N64,Automobili Lamborghini,$10.16,$44.85
N64,Fighter Destiny 2,$43.43,$166.87
N64,Rugrats in Paris,$14.51,$51.20
N64,Top Gear Rally,$10.95,$33.53
N64,Madden 64,$6.74,$20.96
N64,Yellow Controller,$24.99,$67.76
N64,Ice Blue Controller,$39.99,$66.00
N64,Green Controller,$22.23,$74.52
N64,South Park Rally,$33.14,$79.97
N64,Power Rangers Lightspeed Rescue,$12.74,$59.67
N64,Aerofighters Assault,$16.27,$66.30
N64,XG2 Extreme-G 2,$13.23,$39.99
N64,Super Retro 64 Expansion Pack,$39.99,
N64,Dark Rift,$12.53,$50.00
N64,Army Men Sarge's Heroes 2,$24.92,$70.74
N64,Tom and Jerry,$29.69,$147.71
N64,Razor Freestyle Scooter,$36.46,$105.34
N64,Monster Truck Madness,$16.74,$53.87
N64,Destruction Derby 64,$24.99,$75.00
N64,Madden 2001,$6.49,$24.62
N64,Magical Tetris Challenge,$24.99,$90.00
N64,Diddy Kong Racing [Not for Resale],$884.43,
N64,Red Controller,$23.43,$79.84
N64,South Park Chef's Luv Shack,$24.63,$72.53
N64,Nagano Winter Olympics '98,$9.99,$23.61
N64,Powerpuff Girls,$18.06,$73.25
N64,Milo's Astro Lanes,$20.47,$61.11
N64,Analogue 3D - Black,$320.00,$522.00
N64,Bust-A-Move 99,$43.00,$149.70
N64,Blue & Yellow Pokemon Controller,$96.94,$310.21
N64,Bass Hunter 64,$13.97,$36.99
N64,Super Mario 64 [Not for Resale],$167.50,
N64,Gex 3: Deep Cover Gecko,$18.74,$97.41
N64,Vigilante 8 2nd Offense,$30.47,$98.50
N64,NBA Showtime,$15.77,$43.64
N64,Gold Nintendo Power 100 Controller,$239.99,
N64,Armorines Project SWARM,$13.14,$55.58
N64,Flying Dragon,$29.11,$165.56
N64,Gold Controller,$35.68,$158.83
N64,Off Road Challenge,$17.73,$41.94
N64,Gameshark Pro 3.3,$28.74,$44.99
N64,Jumper Pak,$12.99,$233.99
N64,Tristar 64,"$1,039.99","$3,327.97"
N64,Nintendo 64 System [Wal-Mart Mario 64 Guide Bundle],$405.93,"$1,298.99"
N64,PGA European Tour,$104.99,$184.94
N64,Paperboy,$16.56,$56.14
N64,Pokemon Stadium 2 [Not for Resale],$115.92,
N64,Micro Machines,$19.74,$169.15
N64,NHL Breakaway '98,$8.00,$19.00
N64,Bust-A-Move 2: Arcade Edition,$21.20,$78.03
N64,FOX Sports College Hoops '99,$5.35,$20.00
N64,Iggy's Reckin' Balls,$23.62,$71.86
N64,MRC Multi Racing Championship,$10.00,$28.46
N64,NASCAR 2000,$6.07,$22.36
N64,Blues Brothers 2000,$31.99,$150.47
N64,Hot Wheels Turbo Racing,$18.52,$59.31
N64,Mario Kart 64 [Not for Resale],$276.25,
N64,Bass Masters 2000,$20.76,$59.99
N64,Charlie Blasts,$39.34,$198.50
N64,Top Gear Overdrive,$12.41,$52.73
N64,Triple Play 2000,$7.64,$22.35
N64,Smoke Controller,$47.61,$158.69
N64,Knockout Kings 2000,$9.99,$19.95
N64,NHL 99,$10.75,$23.15
N64,Nintendo 64 Test Cartridge,"$1,799.99",
N64,Resident Evil 2 [USA-1],$49.99,$157.50
N64,Asteroids Hyper 64,$14.00,$52.49
N64,Banjo-Kazooie [Not for Resale],$204.99,
N64,Black Controller,$20.00,$61.29
N64,Army Men Air Combat,$24.40,$54.55
N64,NFL Blitz 2001,$24.99,$52.47
N64,WCW Backstage Assault,$14.95,$37.86
N64,Space Invaders,$24.15,$47.19
N64,Ms. Pac-Man Maze Madness,$17.97,$54.12
N64,Nintendo 64 System [Star Wars Racer Set],$74.70,$240.00
N64,Army Men Sarge's Heroes 2 [Gray Cart],$21.53,$70.98
N64,International Superstar Soccer 98,$45.00,$119.90
N64,NFL Quarterback Club 99,$5.30,$15.52
N64,Star Fox 64 [Player's Choice],$26.05,$75.76
N64,Twisted Edge,$9.68,$28.10
N64,FIFA Road to World Cup 98,$18.30,$50.47
N64,Hercules: The Legendary Journeys,$33.22,$115.00
N64,Monopoly,$14.68,$49.72
N64,NBA Courtside 2,$10.06,$43.37
N64,Pokemon Snap Station,,
N64,Rally Challenge 2000,$20.19,$85.10
N64,V-Rally Edition 99,$22.65,$112.92
N64,Madden 2000,$6.00,$17.49
N64,Turok 2 Seeds of Evil [Not for Resale],"$1,700.00",
N64,Chopper Attack,$13.62,$44.95
N64,Ken Griffey Jr's Slugfest,$10.00,$37.87
N64,NHL Blades of Steel '99,$16.72,$41.23
N64,Watermelon Red Controller,$67.49,$209.79
N64,N64 Memory Card,$8.97,$25.27
N64,International Superstar Soccer 64,$18.31,$47.62
N64,F1 Pole Position 64,$10.00,$34.00
N64,Pokemon Snap [Not for Resale],$432.95,
N64,Battlezone: Rise of the Black Dogs,$41.50,$94.25
N64,All-Star Baseball 2000,$5.00,$23.05
N64,Midway's Greatest Arcade Hits Vol 1,$13.20,$37.97
N64,Nintendo 64 System Star Wars Episode I Racer Limited Edition Bundle,$89.62,$286.77
N64,Aero Gauge,$15.00,$69.85
N64,WCW Nitro,$12.49,$53.02
N64,iQue Player,$399.39,$680.68
N64,Analogue 3D - Funtastic [Jungle],$394.10,
N64,Banjo-Kazooie [Player's Choice],$26.97,$145.49
N64,Wetrix,$24.49,$65.80
N64,Dual Heroes,$18.31,$119.65
N64,Fire Orange Controller,$73.99,
N64,Polaris SnoCross,$34.49,$149.99
N64,GT 64,$15.30,$50.24
N64,Knife Edge Nose Gunner,$15.51,$67.45
N64,Mike Piazza's Strike Zone,$11.77,$35.87
N64,NBA Live 99,$7.14,$14.99
N64,Wayne Gretzky's 3D Hockey 98,$12.20,$40.00
N64,Donkey Kong 64 [Expansion Pak Bundle],$75.86,$129.99
N64,Grape Purple Controller,$45.62,$59.95
N64,Super Smash Bros. [Player's Choice],$42.43,$146.09
N64,NFL Quarterback Club 2000,$4.75,$15.43
N64,Gameshark,$14.63,$32.45
N64,NBA Jam 2000,$24.29,$64.71
N64,Robotron 64,$20.00,$57.27
N64,Track and Field 2000,$22.08,$149.99
N64,Wheel of Fortune,$12.58,$33.06
N64,World Driver Championship,$14.32,$38.97
N64,Banjo-Tooie [Not for Resale],$92.67,
N64,Golden N Controller,,
N64,Mia Hamm Soccer 64,$8.90,$44.94
N64,Ultra Racer 64 Controller,$12.00,$38.40
N64,Brunswick Circuit Pro Bowling,$19.96,$64.19
N64,Jeremy McGrath Supercross 2000,$8.88,$35.00
N64,Mario Party 3 [Not for Resale],$95.18,
N64,Elmo's Letter Adventure,$15.11,$65.16
N64,Jeopardy,$15.01,$33.35
N64,CyberTiger,$19.95,$63.42
N64,Indy Racing 2000,$13.06,$42.00
N64,Nintendo 64 System [Gold Controller Bundle],$218.00,$403.14
N64,Nintendo 64 RF Switch,$8.99,$21.08
N64,All-Star Baseball 99,$6.68,$21.95
N64,ECW Hardcore Revolution,$11.37,$48.73
N64,NBA Jam 99,$16.28,$29.95
N64,NBA Live 2000,$9.03,$22.39
N64,Madden 2002,$9.97,$25.98
N64,Pokemon Stadium [Not for Resale],$116.93,
N64,All-Star Baseball 2001,$10.25,$32.85
N64,NFL Quarterback Club 2001,$11.87,$35.94
N64,Re-Volt,$16.24,$70.00
N64,Analogue 3D - Extreme Green,$359.99,
N64,Golden Nugget 64,$19.92,$35.00
N64,Penny Racers,$22.69,$108.14
N64,Star Wars Episode I Racer [Not for Resale],$116.06,
N64,Yellow & Blue Pokemon Controller,$188.27,$602.46
N64,World Cup 98,$16.99,$49.64
N64,Cruis'n USA [Player's Choice],$19.48,$36.20
N64,FIFA 99,$19.98,$44.97
N64,Gameshark 2.0,$16.19,$51.81
N64,Tremor Pak Plus,$17.37,$23.92
N64,Elmo's Number Journey,$14.99,$89.00
N64,Monaco Grand Prix,$33.17,$132.85
N64,Supercross 2000,$10.68,$34.71
N64,Top Gear Rally 2,$18.97,$59.35
N64,Lode Runner 3D,$15.00,$40.97
N64,Blockbuster Hard Case,$183.52,$587.26
N64,Virtual Pool,$12.62,$36.63
N64,SCARS,$23.23,$75.00
N64,All-Star Tennis 99,$34.00,$69.99
N64,Glover [Limited Run],$68.99,$86.36
N64,Ready 2 Rumble Boxing Round 2,$19.05,$50.00
N64,Nintendo 64 System [Extreme Green Controller Bundle],$182.47,$584.46
N64,Bottom of the 9th,$14.59,$56.59
N64,Star Wars Shadows Of The Empire [Premium Edition],$109.99,$129.99
N64,Zelda Ocarina Of Time Master Quest [Homebrew],$25.99,$68.00
N64,RF Modulator,$7.78,$36.13
N64,InterAct V3 Racing Wheel,$20.00,$64.00
N64,40 Winks [Special Edition],$197.20,$633.56
N64,Gameshark 2.2,$17.95,$39.99
N64,Nintendo 64 Console [Demo Not For Resale],,
N64,Top Gear Hyper-Bike,$22.49,$143.86
N64,Turok 2 Seeds of Evil [Gray Cart],$9.99,$38.67
N64,Virtual Chess,$18.10,$50.00
N64,Nintendo VRU,,
N64,Analogue 3D - Funtastic [Watermelon],$449.99,
N64,Mario Party 2 [Not for Resale],$135.23,
N64,Memory Card Plus,$15.73,$18.73
N64,EverDrive-64 X7,$199.26,$212.50
N64,Gauntlet Legends [Figure Bundle],$178.82,$574.52
N64,Nuclear Strike,$27.14,$58.99
N64,Olympic Hockey 98,$24.80,$80.44
N64,Worms Armageddon [Limited Run],$38.99,$64.88
N64,Performance Memory Card,$9.79,$19.99
N64,Aidyn Chronicles [Gray Cart],$110.00,$113.92
N64,Analogue 3D - Funtastic [Ice],$499.00,
N64,Hori Pad Mini,$63.02,$120.00
N64,NBA In The Zone 2000,$25.94,$200.00
N64,NBA In the Zone '98,$7.45,$19.86
N64,The Glove Controller,$85.00,$119.47
N64,Analogue 3D - Funtastic [Gold],$428.19,
N64,Excitebike 64 [Not for Resale],$162.50,
N64,WCW Backstage Assault [Gray Cart],$39.99,$127.94
N64,WCW vs NWO World Tour [Player's Choice],$28.70,$92.48
N64,007 World Is Not Enough [Gray Cart],$18.99,$44.69
N64,1080 Snowboarding [Not for Resale],$201.21,
N64,Cleaning Kit,$14.42,$30.92
N64,Roadsters,$15.14,$52.48
N64,NBA In the Zone '99,$10.59,$50.47
N64,Diddy Kong Racing [Player's Choice],$32.22,$79.95
N64,LodgeNet Controller,$44.43,$142.18
N64,Star Fox 64 [Not for Resale],$149.99,
N64,Gameshark Pro 3.0,$21.51,$99.99
N64,Road Rash [Gray Cart],$41.30,$85.35
N64,Scooby Doo Classic Creep Capers [Gray Cart],$18.85,$67.65
N64,Star Wars Shadows of the Empire [Limited Run],$58.56,$88.13
N64,WWF Warzone [Not For Resale],$510.00,
N64,24 Game Organizer,$51.60,$249.99
N64,Gameshark Pro 3.2,$24.99,$59.99
N64,Jet Force Gemini [Not for Resale],$130.76,
N64,Official Nintendo 64 Travel Bag,$31.75,$101.57
N64,Perfect Dark [Not for Resale],$200.00,
N64,Star Wars Episode I Racer [Premium Edition],$49.15,$49.95
N64,SuperPad 64 Controller [Grey],$7.81,$25.00
N64,Analogue 3D - Funtastic [Grape],$394.50,
N64,Analogue 3D - White,$328.78,
N64,Gameshark 2.1,$18.97,$60.70
N64,Kobe Bryant In NBA Courtside [Player's Choice],$18.60,$59.98
N64,Mario Tennis [Not for Resale],$64.99,
N64,NHL Breakaway '99,$16.67,$66.16
N64,Star Wars Rogue Squadron [Not for Resale],$49.25,
N64,Tigger's Honey Hunt,$19.99,$65.16
N64,FIFA 64,$11.11,$34.98
N64,Mario Party [Not for Resale],$475.00,
N64,Star Wars Shadows of the Empire [Player's Choice],$16.98,$42.61
N64,Doctor V64 - N64 Development Kit,$457.95,"$1,465.44"
N64,Rainbow Six [Gray Cart],$13.84,$35.00
N64,Tremor Pak,$11.99,$13.81
N64,Grey Comboy Nintendo 64 Controller,$16.04,$51.33
N64,Arcade Shark,$30.26,$49.90
N64,Dinosaur Planet [Homebrew],$33.14,
N64,GameShark Pro V.3.1,$30.00,$96.00
N64,Glover [Collector's Edition Limited Run],$94.99,$94.99
N64,Nintendo 64 AV Cable,$12.04,
N64,Rampage 2 Universal Tour [Big Box],,$749.00
N64,SharkPad Pro 64 2,$9.29,$29.73
N64,Super Pad 64 Plus,$20.99,$63.97
N64,Mr. Backup Z64,$245.48,$505.00
N64,Pokemon Snap [Demo Only] [Not for Resale],$876.66,
N64,SharkPad Pro 64 Controller,$15.29,$30.11
N64,Star Wars Episode I: Racer [Classic Edition],$42.33,$74.99
N64,Star Wars Episode I: Racer [Convention Special Limited Run],,
N64,Turok Dinosaur Hunter [Player's Choice],$15.92,$38.00
N64,Wave Race 64 [Player's Choice],$14.07,$59.95
N64,12 Game Organizer,$40.89,$130.85
N64,Nintendo 64 AC Adapter,$10.21,$32.67
N64,40 Winks [Homebrew],$38.34,$89.99
N64,Analogue 3D - Funtastic [Clear],$444.99,$470.00
N64,Analogue 3D - Funtastic [Fire],$443.88,
N64,Analogue 3D - Funtastic [Smoke],,
N64,Bass Masters 2000 [Gray Cart],$64.62,$92.56
N64,Hydro Thunder [Gray Cart],$77.99,$129.99
N64,Mad Catz Steering Wheel,$33.02,$105.70
N64,Turok 2 Seeds of Evil [Players Choice],$10.74,$39.90
N64,Yoshi's Story [Player's Choice],$26.25,$120.00
N64,iQue Player Family Package,$399.99,$799.99
N64,Battletanx [Limited Run],$139.30,
N64,SuperPad 64 Controller [Red],$12.00,$38.40
N64,ASCIIWheel 64,$10.09,$32.25
N64,Super Pad 64,$14.03,$14.95
N64,1080 Snowboarding [Player's Choice],$14.99,$42.42
N64,8BitDo 64 2.4G Controller,,
N64,8BitDo 64 Bluetooth Controller [Extreme Green],,
N64,8BitDo 64 Controller [White],,
N64,Adaptor Wonder,,
N64,Analogue 3D - Ocean [Prototype Edition],$389.99,
N64,Analogue3D Prototype Ghost [Limited Edition],,
N64,Army Men Air Combat [Gray Cart],$26.49,$29.51
N64,Ascii Gold Control Pad,$48.00,$153.60
N64,Ascii Red Control Pad,$34.99,$111.97
N64,Big 2 Small [Homebrew],$25.99,$30.98
N64,Brawler 64 Wired Controller,$39.85,
N64,Brawler 64 Wired Controller [Blue],$37.03,
N64,Brawler 64 Wireless Controller,$36.00,
N64,Brawler 64 Wireless Gamepad [Orange],$56.78,
N64,Brawler64 Wired Controller,$30.59,$32.00
N64,Brawler64 Wireless Controller,$39.99,$43.00
N64,Brawler64 Wireless Ultra Controller,,
N64,DOCS Wireless Controller,$22.99,
N64,Dex Drive,$7.78,$24.85
N64,Duke Nukem Memory Card,,
N64,EON Super 64,$105.00,$115.01
N64,EverDrive 64 V3,$178.84,$572.29
N64,EverDrive 64 X5,$100.00,$120.00
N64,Game Case,$9.99,$31.97
N64,Glover [T-Shirt Edition],$40.00,$129.03
N64,High Frequency Turbo Wired Controller [Yellow],,
N64,Hyper Steering 64,$32.50,$104.00
N64,Hyperkin Admiral Premium BT Controller,$30.72,
N64,Mad Catz Memory Pack [4x],,
N64,Mad Catz Rumble Rod,$7.65,$24.67
N64,MadCatz Advanced Control Pad,,
N64,MadCatz Dual Joystick Controller,,
N64,MadCatz Force Pack,$6.34,$20.26
N64,N64 Passport Plus III,$52.32,$71.64
N64,N64 Region Free Tray,$4.49,
N64,NFL Blitz 2000 [Mini Guide Edition],,
N64,Nintendo 64 Gray Controller [Starlight Kiosk],,
N64,Nintendo 64 Pokemon Snap COSTCO Bundle Blister,,
N64,Nintendo 64 Video Game Preserver,,
N64,Performance RFU Adapter,$5.49,$17.57
N64,Pokemon Snap [Player's Choice],$21.24,$68.53
N64,Retro Fighters Brawler Controller [Gray],$14.06,$44.99
N64,Retro-Bit Tribute 64 Gray,$2.50,$8.05
N64,Retro-Bit Tribute 64 Ocean Blue Controller,,
N64,RetroTINK-5X Pro,$260.00,
N64,Rugrats in Paris [Gray Cart],$12.00,$45.00
N64,SharkByte Keycard Quest 64,$0.94,$3.00
N64,Star Wars Episode I: Racer [Big Box],,
N64,Star Wars Rogue Squadron [Player's Choice],$16.00,$43.44
N64,Super Mario 64 [Playtronic],,
N64,Super Retro 64 AC Adapter,,
N64,Superpad 64 Performance Controller,$11.23,$22.47
N64,Tribute 64 Wireless Controller [Ultra Edition],$21.88,$70.00
N64,Tribute64 Wireless Controller [Ultra Edition],,
N64,Worms Armageddon [Collector's Edition],$75.00,$100.62
N64,Xeno Crisis [Homebrew],$51.44,$91.75
N64,8BitDo 64 Controller - Funtastic [Clear],,
N64,8BitDo 64 Controller - Funtastic [Grape],,
N64,Analogue 3D - Glacier [Prototype Edition],$399.99,
N64,1UP Card Console Cleaner,,
N64,Smash Remix [Homebrew],$30.35,$384.08
N64,Tomee 6ft Extension Cable,,
N64,Nyko HyperPak Plus [Blue],$11.99,$38.37
N64,Battletanx Global Assault [Limited Run],$94.50,
N64,Nuby Rock Rocker,$22.76,$72.83
N64,1080 Snowboarding [N Sports],,
N64,TurboRAM,,
N64,SuperPad 64 Controller [Green],$12.13,$38.85
N64,SuperPad 64 Controller [Gold],$25.22,$80.70
N64,8Bitdo Retro-Bit Bluetooth Controller,$33.45,$138.23
N64,Retro-Bit Tribute 64 Forest Green Controller,$32.48,
N64,Tribute 64 Wireless Controller - Atomic Purple,$38.00,$39.01
N64,Tribute 64 Wireless Controller [Orange Hawk Limited Edition],,
N64,InterAct Memory Card,$8.63,$18.65
N64,Retro-Bit Retro 64 Controller,,
N64,TG-47: Home Video Game Station,,
N64,Mr. Backup Z64 [Ver 2],,
N64,Mr. Backup Z64 [Ver 3],,
N64,Joycard 64 Controller,$19.99,$63.97
GameCube,Zelda Twilight Princess,$138.86,$179.99
GameCube,Pokemon XD: Gale of Darkness,$169.80,$224.22
GameCube,Pokemon Colosseum,$120.10,$169.94
GameCube,Zelda Wind Waker,$58.98,$74.78
GameCube,Super Smash Bros. Melee,$53.19,$67.82
GameCube,Mario Kart Double Dash,$58.42,$79.96
GameCube,Fire Emblem Path of Radiance,$130.00,$220.63
GameCube,Zelda Ocarina of Time Master Quest,$53.69,$70.00
GameCube,Super Mario Sunshine,$35.00,$45.13
GameCube,Paper Mario Thousand Year Door,$39.55,$47.75
GameCube,Zelda [Collector's Edition],$55.59,$70.21
GameCube,Luigi's Mansion,$49.98,$62.00
GameCube,Pokemon Box,"$1,735.70","$2,292.98"
GameCube,Metroid Prime,$15.40,$24.99
GameCube,Animal Crossing,$49.95,$69.35
GameCube,Mario Party 7,$39.05,$55.92
GameCube,Sonic Adventure 2 Battle,$44.00,$59.99
GameCube,Resident Evil 4,$26.95,$40.00
GameCube,Black GameCube System,$91.52,$185.00
GameCube,Chibi Robo,$142.50,$198.90
GameCube,Eternal Darkness,$75.00,$107.00
GameCube,The Simpsons Hit and Run,$65.85,$92.18
GameCube,Mario Party 6,$72.00,$98.39
GameCube,Metroid Prime 2 Echoes,$37.47,$65.23
GameCube,Zelda Four Swords Adventures,$54.26,$75.85
GameCube,Mario Party 4,$45.00,$61.88
GameCube,Resident Evil,$25.46,$43.34
GameCube,Kirby Air Ride,$61.31,$80.00
GameCube,Mario Party 5,$49.50,$64.99
GameCube,Resident Evil Code Veronica X,$155.37,$246.61
GameCube,Shadow the Hedgehog,$50.25,$69.98
GameCube,Metal Gear Solid Twin Snakes,$76.25,$102.24
GameCube,Pokemon Colosseum [Bonus Disc],$208.65,$250.00
GameCube,Super Mario Strikers,$42.87,$59.99
GameCube,Gameboy Player with Startup Disc,$150.25,$189.50
GameCube,Resident Evil Zero,$17.39,$23.18
GameCube,Skies of Arcadia Legends,$99.99,$151.98
GameCube,Resident Evil 2,$90.89,$154.64
GameCube,Wario World,$58.84,$86.74
GameCube,Resident Evil 3 Nemesis,$74.35,$148.68
GameCube,F-Zero GX,$61.58,$74.00
GameCube,Mario Superstar Baseball,$54.99,$71.33
GameCube,Star Fox Adventures,$28.49,$41.99
GameCube,Pikmin,$33.36,$52.95
GameCube,Platinum Gamecube System,$91.17,$189.78
GameCube,Mario Golf Toadstool Tour,$18.00,$27.99
GameCube,Def Jam Fight for NY,$126.62,$177.78
GameCube,Disney Sports Basketball,$349.99,"$1,049.97"
GameCube,Pokemon XD Limited Edition,$158.32,"$1,034.65"
GameCube,Sonic Heroes,$27.83,$37.64
GameCube,Super Mario Sunshine [Player's Choice],$37.08,$45.38
GameCube,Cubivore,$255.89,$590.07
GameCube,Sonic Mega Collection,$11.43,$14.99
GameCube,Soul Calibur II,$17.99,$27.73
GameCube,Sonic Adventure DX,$31.20,$37.97
GameCube,Tales of Symphonia,$19.34,$32.00
GameCube,Indigo GameCube System,$116.12,$230.00
GameCube,Pikmin 2,$36.70,$53.06
GameCube,Star Fox Assault,$34.99,$50.72
GameCube,Mario Kart Double Dash [Special Edition],$69.72,$87.50
GameCube,Final Fantasy Crystal Chronicles,$14.13,$15.99
GameCube,Wavebird Wireless Controller,$63.02,$63.98
GameCube,Pokemon Channel,$39.66,$72.72
GameCube,Sonic Heroes & Super Monkey Ball Duo Pack,"$1,760.42","$3,850.00"
GameCube,Super Monkey Ball 2,$20.31,$27.75
GameCube,Super Monkey Ball,$24.99,$37.75
GameCube,Gotcha Force,$215.00,$400.08
GameCube,Zelda Wind Waker & Ocarina Master Quest,$234.08,$289.73
GameCube,Mario Power Tennis,$23.14,$37.25
GameCube,Gauntlet Dark Legacy,$90.03,$124.51
GameCube,Star Wars Rogue Leader,$14.99,$19.93
GameCube,Phantasy Star Online Episode I & II Plus,$192.61,$212.85
GameCube,Go Go Hypergrind,$217.81,$411.08
GameCube,Metroid Prime [Echoes Bonus Disc],$20.28,$35.03
GameCube,Gameboy Player Start-Up Disc,$155.33,$200.00
GameCube,Godzilla Destroy All Monsters Melee,$31.00,$43.00
GameCube,Harvest Moon A Wonderful Life,$12.00,$21.74
GameCube,Billy Hatcher and the Giant Egg,$57.43,$87.08
GameCube,Sonic Riders,$31.14,$44.97
GameCube,Custom Robo,$40.00,$68.01
GameCube,Resident Evil 4 Chainsaw Controller,$375.00,$527.50
GameCube,Viewtiful Joe,$26.59,$35.16
GameCube,Sonic Gems Collection,$39.99,$45.53
GameCube,Wario Ware Mega Party Games,$39.99,$69.84
GameCube,Pokemon Colosseum [Pre Order],$763.57,$948.00
GameCube,Zelda Wind Waker [Player's Choice],$67.24,$70.46
GameCube,Donkey Kong Jungle Beat,$18.43,$30.02
GameCube,Phantasy Star Online Episode I & II,$59.95,$75.13
GameCube,Baten Kaitos,$27.88,$28.30
GameCube,Star Wars Rebel Strike,$15.00,$24.44
GameCube,Need for Speed Underground 2,$20.81,$32.27
GameCube,Super Smash Bros. Melee [Player's Choice],$60.56,$68.43
GameCube,Need for Speed Most Wanted,$28.94,$35.93
GameCube,Spiderman,$11.43,$12.49
GameCube,Animal Crossing [Player's Choice],$49.97,$65.95
GameCube,Naruto Clash of Ninja 2,$12.96,$15.00
GameCube,Gameboy Player [No Disc],$52.63,$234.95
GameCube,Killer 7,$51.80,$72.91
GameCube,Mega Man Anniversary Collection,$11.97,$17.20
GameCube,Luigi's Mansion [Player's Choice],$53.74,$55.00
GameCube,Gamecube System [Heineken Edition],,
GameCube,Yu-Gi-Oh Falsebound Kingdom,$15.49,$23.71
GameCube,Spyro Enter the Dragonfly,$9.87,$13.05
GameCube,LEGO Star Wars,$10.00,$12.72
GameCube,Ikaruga,$45.78,$56.50
GameCube,Need for Speed Underground,$12.47,$18.49
GameCube,Metroid Prime & Zelda Wind Waker Combo,$300.00,$625.00
GameCube,SpongeBob SquarePants Battle for Bikini Bottom,$16.81,$24.99
GameCube,Teen Titans,$25.23,$26.31
GameCube,Pac-Man vs & Pac-Man World 2,$16.56,$19.36
GameCube,Wave Race Blue Storm,$10.96,$19.99
GameCube,Sonic Adventure 2 Battle [Player's Choice],$58.97,$59.75
GameCube,Dragon Ball Z Budokai,$13.99,$18.56
GameCube,Spiderman 2,$12.28,$17.99
GameCube,Time Splitters 2,$17.04,$24.27
GameCube,Ribbit King,$114.99,$175.00
GameCube,Harry Potter Chamber of Secrets,$9.88,$13.55
GameCube,Ultimate Spiderman,$29.36,$47.95
GameCube,SSX Tricky,$26.49,$38.14
GameCube,Crash Bandicoot The Wrath of Cortex,$12.92,$15.52
GameCube,Lord of the Rings Return of the King,$15.04,$26.74
GameCube,Geist,$26.47,$40.06
GameCube,The Incredibles,$9.56,$9.99
GameCube,The Simpsons Hit and Run [Player's Choice],$72.76,$89.59
GameCube,007 Agent Under Fire,$12.00,$14.27
GameCube,Donkey Konga (Game only),$15.26,$19.02
GameCube,Platinum Wavebird Wireless Controller,$62.39,$81.19
GameCube,Dance Dance Revolution Mario Mix,$18.95,$21.92
GameCube,Piglet's Big Game,$45.50,$65.00
GameCube,NBA Street Vol 2,$31.83,$35.99
GameCube,007 Nightfire,$14.92,$20.53
GameCube,Baten Kaitos Origins,$39.50,$55.28
GameCube,Lord of the Rings Two Towers,$12.42,$19.99
GameCube,Def Jam Vendetta,$26.24,$42.97
GameCube,Crazy Taxi,$19.99,$25.97
GameCube,Paper Mario Thousand Year Door [Best Seller],$37.59,$41.10
GameCube,Lost Kingdoms,$29.10,$59.99
GameCube,The Simpsons Road Rage,$51.94,$71.97
GameCube,Tony Hawk 3,$10.47,$14.40
GameCube,Black Gamecube System [DOL-001],$85.01,$349.99
GameCube,Alien Hominid,$44.99,$66.00
GameCube,Lost Kingdoms II,$73.69,$150.00
GameCube,NBA Street Vol 3,$31.66,$45.25
GameCube,Odama,$14.60,$26.74
GameCube,Black Controller,$29.99,$71.85
GameCube,LEGO Star Wars II Original Trilogy,$9.97,$13.20
GameCube,Shrek 2,$12.15,$14.99
GameCube,Dragon Ball Z Budokai 2,$34.52,$51.14
GameCube,SpongeBob SquarePants The Movie,$17.24,$23.32
GameCube,Lord of the Rings: The Third Age,$20.49,$27.88
GameCube,P.N. 03,$32.07,$90.18
GameCube,Need for Speed Hot Pursuit 2,$9.98,$11.87
GameCube,Viewtiful Joe 2,$21.50,$34.28
GameCube,Indigo GameCube System [DOL-001],$106.66,$799.98
GameCube,Donkey Konga w/ Bongo,$42.99,$43.00
GameCube,Scooby Doo Night of 100 Frights,$32.81,$38.53
GameCube,Battalion Wars,$21.37,$25.53
GameCube,Bloody Roar Primal Fury,$34.99,$59.99
GameCube,Naruto Clash of Ninja,$9.87,$11.57
GameCube,Spirits & Spells,$63.05,$100.95
GameCube,Ultimate Muscle: Legends vs. New Generation,$58.48,$157.34
GameCube,Tony Hawk Underground,$14.11,$17.49
GameCube,Batman Vengeance,$14.05,$19.99
GameCube,Donkey Konga 2,$17.67,$24.14
GameCube,Kirby Air Ride [Player's Choice],$70.24,$88.83
GameCube,Harry Potter Sorcerers Stone,$53.36,$76.00
GameCube,Pokemon XD: Gale Of Darkness [Not For Resale],$189.68,$197.59
GameCube,Harry Potter Prisoner of Azkaban,$10.64,$12.11
GameCube,Super Smash Bros. Melee [Best Seller],$52.99,$61.15
GameCube,Mortal Kombat Deception,$39.44,$65.56
GameCube,Finding Nemo,$8.98,$9.99
GameCube,Turok Evolution,$13.71,$19.99
GameCube,Platinum Nintendo Brand Controller,$24.29,$30.78
GameCube,Donkey Kong Jungle Beat [Bongos Bundle],$59.99,$93.13
GameCube,Cars,$10.99,$11.12
GameCube,One Piece Grand Adventure,$47.75,$87.87
GameCube,007 Everything or Nothing,$12.81,$15.72
GameCube,Star Fox Adventures [Player's Choice],$33.93,$36.65
GameCube,Tony Hawk 4,$11.90,$15.00
GameCube,Paper Mario Thousand Year Door [Player's Choice],$34.06,$46.71
GameCube,Platinum GameCube System [DOL-001],$109.99,$215.69
GameCube,Star Wars Bounty Hunter,$14.27,$19.99
GameCube,Capcom vs SNK 2 EO,$28.81,$33.99
GameCube,Teenage Mutant Ninja Turtles,$15.28,$27.35
GameCube,NCAA College Basketball 2K3,$126.15,$186.25
GameCube,Harry Potter Quidditch World Cup,$8.49,$10.06
GameCube,Mega Man X Collection,$16.16,$35.44
GameCube,NFL Street 2,$40.00,$45.52
GameCube,X-men Legends,$15.30,$19.98
GameCube,Gun,$12.05,$18.16
GameCube,Mega Man Network Transmission,$18.84,$29.99
GameCube,Resident Evil 4 [Special Edition],$37.74,$119.14
GameCube,NFL Street,$21.87,$29.00
GameCube,Prince of Persia Sands of Time,$13.31,$19.00
GameCube,WWE Day of Reckoning,$17.49,$25.70
GameCube,Dance Dance Revolution Mario Mix [Bundle],$66.37,$83.40
GameCube,Rampage Total Destruction,$11.36,$20.00
GameCube,Tony Hawk Underground 2,$14.36,$20.57
GameCube,Zoids Battle Legends,$47.20,$55.00
GameCube,1080 Avalanche,$17.27,$22.74
GameCube,GameCube Kiosk [Windowed],,
GameCube,Harry Potter and the Goblet of Fire,$8.99,$9.95
GameCube,Namco Museum,$9.41,$10.95
GameCube,Ed Edd N Eddy Mis-Edventures,$24.27,$36.81
GameCube,Marvel Nemesis Rise of the Imperfects,$14.94,$17.21
GameCube,Bongos Drums,$32.67,$51.00
GameCube,Mortal Kombat Deadly Alliance,$19.26,$21.98
GameCube,Pokemon Colosseum [Player's Choice],$128.00,$133.85
GameCube,SSX 3,$17.85,$23.05
GameCube,Avatar the Last Airbender,$10.64,$11.77
GameCube,Beyond Good and Evil,$39.36,$50.73
GameCube,Digimon Rumble Arena 2,$91.92,$185.58
GameCube,Spyro A Hero's Tail,$11.75,$15.50
GameCube,X-men Legends 2,$19.48,$26.50
GameCube,Nintendo Gamecube Controller Super Smash Bros Edition,$50.00,$73.00
GameCube,True Crime Streets of LA,$14.00,$15.35
GameCube,Top Angler,$22.66,$28.45
GameCube,Madagascar,$8.93,$11.56
GameCube,Magical Mirror Starring Mickey Mouse,$15.18,$19.99
GameCube,Resident Evil 10th Anniversary Collection,$132.50,$215.93
GameCube,SpongeBob SquarePants Lights Camera Pants,$13.05,$14.82
GameCube,Dragon Ball Z Sagas,$11.59,$22.95
GameCube,Digital AV Component Cable,$230.50,$261.00
GameCube,Sonic Adventure DX [Players Choice],$31.24,$39.99
GameCube,Need for Speed Carbon,$15.46,$22.96
GameCube,The Incredible Hulk Ultimate Destruction,$31.99,$46.74
GameCube,Harvest Moon Magical Melody,$19.99,$23.77
GameCube,GoldenEye Rogue Agent,$10.33,$14.91
GameCube,Teenage Mutant Ninja Turtles 2: Battle Nexus,$19.79,$38.88
GameCube,Medal of Honor Frontline,$8.99,$11.54
GameCube,Indigo Controller,$29.10,$37.96
GameCube,Paper Mario Thousand Year Door [Player's Choice & Best Seller],$31.73,$45.17
GameCube,Zelda Four Swords Adventures [Big Box],,$170.00
GameCube,Tak and the Power of JuJu,$15.92,$18.76
GameCube,Tony Hawk American Wasteland,$14.14,$19.99
GameCube,WWE Day of Reckoning 2,$25.11,$38.98
GameCube,Mega Man X Command Mission,$45.00,$61.50
GameCube,Tak 2 The Staff of Dreams,$8.68,$13.15
GameCube,Amazing Island,$19.95,$23.50
GameCube,Platinum Gamecube System [Metroid Bundle],$504.81,$703.22
GameCube,Platinum Gamecube System [Mario Kart Double Dash Bundle],$316.29,$330.00
GameCube,251 Block Memory Card,$15.48,$15.74
GameCube,Sonic Mega Collection [Player's Choice],$14.99,$15.32
GameCube,Crash Nitro Kart,$12.05,$14.68
GameCube,Pac-Man World 2,$9.39,$18.66
GameCube,Enter the Matrix,$9.99,$11.58
GameCube,Resident Evil 4 [Player's Choice],$23.99,$36.17
GameCube,Super Mario Sunshine [Not For Resale],$39.00,$40.00
GameCube,The Hobbit,$17.63,$24.77
GameCube,The Sims,$9.75,$12.29
GameCube,I-Ninja,$24.99,$36.19
GameCube,Disney's Extreme Skate Adventure,$33.94,$43.67
GameCube,The Sims Bustin Out,$13.05,$13.45
GameCube,Disney Sports Football,$81.49,$211.48
GameCube,Medal of Honor Rising Sun,$10.48,$11.50
GameCube,Digimon World 4,$44.97,$64.83
GameCube,Interactive Multi-Game Demo Disc Version 15,$71.62,$199.95
GameCube,Harvest Moon Another Wonderful Life,$18.77,$24.13
GameCube,Super Mario Sunshine Super Pak,$952.38,"$1,379.31"
GameCube,Rampage Total Destruction [Players Choice],$178.57,$250.00
GameCube,Mario Kart Double Dash [Not For Resale],$63.54,$67.94
GameCube,Jimmy Neutron Boy Genius,$11.20,$11.88
GameCube,Burnout,$11.24,$12.17
GameCube,TMNT,$14.99,$19.99
GameCube,Pokemon Box [Big Box],,"$3,303.38"
GameCube,Ty the Tasmanian Tiger 2 Bush Rescue,$10.24,$11.89
GameCube,Burnout 2 Point of Impact,$22.45,$30.36
GameCube,Resident Evil Zero [Player's Choice],$17.95,$19.00
GameCube,Top Gun Combat Zones,$8.00,$9.82
GameCube,Super Smash Bros Ultimate Edition Controller,$44.14,$45.71
GameCube,Scooby Doo Unmasked,$21.32,$27.43
GameCube,Ty the Tasmanian Tiger,$11.94,$17.49
GameCube,Army Men Sarge's War,$11.30,$15.00
GameCube,Jimmy Neutron Attack of the Twonkies,$10.33,$14.49
GameCube,Prince of Persia Warrior Within,$14.34,$17.74
GameCube,Madden 2005,$5.73,$5.99
GameCube,Samurai Jack Shadow of Aku,$72.55,$160.48
GameCube,NBA Street,$12.13,$21.66
GameCube,Star Wars Clone Wars,$11.15,$15.00
GameCube,Shadow the Hedgehog [Player's Choice],$60.50,$68.28
GameCube,Sonic Heroes [Player's Choice],$34.99,$37.16
GameCube,Time Splitters Future Perfect,$40.13,$53.10
GameCube,Baldur's Gate Dark Alliance,$22.49,$36.21
GameCube,Teenage Mutant Ninja Turtles 3 Mutant Nightmare,$39.96,$40.00
GameCube,WTA Tour Tennis,$7.32,$12.25
GameCube,Die Hard Vendetta,$10.20,$16.54
GameCube,Hello Kitty Roller Rescue,$37.00,$54.90
GameCube,Mario Party 6 [Microphone Bundle],$89.71,$116.09
GameCube,Monsters Inc,$5.43,$9.43
GameCube,Peter Jackson's King Kong,$13.85,$16.73
GameCube,The Sims 2,$19.99,$25.08
GameCube,True Crime New York City,$19.43,$28.13
GameCube,Gameboy Advance to Gamecube Link Cable,$11.99,$18.40
GameCube,Auto Modellista,$67.54,$152.26
GameCube,Mario Golf Toadstool Tour [Player's Choice],$21.00,$26.14
GameCube,Rayman 3 Hoodlum Havoc,$31.99,$47.47
GameCube,Splinter Cell,$11.00,$13.49
GameCube,Nintendo Gamecube Preview Disc,$9.65,$10.09
GameCube,WWE Wrestlemania XIX,$16.00,$23.95
GameCube,Bomberman Generation,$23.12,$25.37
GameCube,Grim Adventures of Billy & Mandy,$25.91,$44.75
GameCube,Prince of Persia Two Thrones,$12.57,$19.08
GameCube,Zatch Bell Mamodo Fury,$80.98,$192.10
GameCube,Call of Duty Finest Hour,$7.70,$12.02
GameCube,Nicktoons Unite,$14.04,$18.49
GameCube,Animal Crossing [Not for Resale],"$1,442.84","$2,014.39"
GameCube,007 From Russia With Love,$16.11,$19.99
GameCube,Orange Controller,$37.75,$102.42
GameCube,Beyblade V Force,$10.03,$14.99
GameCube,Bionicle,$12.27,$13.49
GameCube,Darkened Skye,$36.32,$59.82
GameCube,Dave Mirra Freestyle BMX 2,$6.30,$8.18
GameCube,Hulk,$11.04,$16.00
GameCube,Tetris Worlds,$11.96,$12.00
GameCube,WWE Wrestlemania X8,$10.52,$19.79
GameCube,Haunted Mansion,$12.65,$16.50
GameCube,Metroid Prime [Player's Choice],$20.79,$21.89
GameCube,NHL Hitz 2002,$10.95,$13.95
GameCube,Bomberman Jetters,$17.79,$24.57
GameCube,SSX On Tour,$15.99,$28.34
GameCube,Madden 2002,$4.45,$6.60
GameCube,One Piece Grand Battle,$22.00,$43.38
GameCube,Super Monkey Ball Adventure,$16.65,$28.95
GameCube,Black Gamecube System [Zelda Collectors Edition Disc Wallet],$499.96,$699.95
GameCube,Metal Arms Glitch in the System,$21.64,$42.48
GameCube,Phantasy Star Online III Card Revolution,$35.23,$52.50
GameCube,Super Monkey Ball 2 [Player's Choice],$24.65,$28.13
GameCube,Action Replay,$49.03,$94.99
GameCube,Mario Party 7 [Microphone Bundle],$48.47,$89.75
GameCube,NBA Courtside 2002,$9.09,$10.57
GameCube,Animaniacs The Great Edgar Hunt,$63.78,$128.93
GameCube,Pokemon Colosseum [Not for Resale],$121.93,$159.99
GameCube,Power Rangers Dino Thunder,$9.80,$12.01
GameCube,BMX XXX,$28.62,$47.32
GameCube,Zelda Wind Waker [Kmart Edition],$74.42,$75.19
GameCube,Call of Duty 2 Big Red One,$10.96,$15.54
GameCube,Pac-Man Fever,$8.02,$13.25
GameCube,Viewtiful Joe Red Hot Rumble,$30.34,$40.42
GameCube,Cel Damage,$20.73,$32.68
GameCube,Judge Dredd Dredd vs Death,$56.95,$80.00
GameCube,Monster House,$14.94,$15.28
GameCube,SpongeBob SquarePants Revenge of the Flying Dutchman,$18.96,$24.99
GameCube,Legend of Spyro A New Beginning,$24.87,$26.62
GameCube,Robotech Battlecry,$11.49,$20.00
GameCube,SpongeBob SquarePants Creature from Krusty Krab,$14.00,$20.40
GameCube,Gamecube Broadband Adapter,$128.28,$135.00
GameCube,NHL Hitz 2003,$19.99,$37.30
GameCube,Sonic Adventure 2 Pack,,$722.29
GameCube,Spy Hunter,$8.60,$8.87
GameCube,Star Wars Jedi Outcast,$10.18,$17.94
GameCube,Wario World [K-Mart],$103.66,$131.36
GameCube,FIFA Street 2,$18.85,$26.04
GameCube,Namco Museum 50th Anniversary,$10.50,$16.50
GameCube,Second Sight,$14.49,$19.99
GameCube,Super Smash Bros. Melee [Not for Resale],$57.44,$57.55
GameCube,Gamecube 5 inch LCD Screen,$83.35,$83.35
GameCube,One Piece Pirates Carnival,$29.25,$41.63
GameCube,Resident Evil [Player's Choice],$19.99,$29.99
GameCube,Vexx,$21.99,$31.71
GameCube,Batman Begins,$13.71,$24.10
GameCube,Madden 2006,$6.31,$6.32
GameCube,Spawn Armageddon,$31.33,$47.36
GameCube,Black GameCube System [Mario Party 7 Bundle],$334.38,$357.50
GameCube,Chronicles of Narnia Lion Witch and the Wardrobe,$6.93,$10.27
GameCube,Rave Master,$22.85,$30.08
GameCube,Nintendo GameCube NPDP Reader,"$2,642.60","$3,699.64"
GameCube,Shark Tale,$6.73,$9.36
GameCube,Shrek Extra Large,$12.77,$16.81
GameCube,Shrek Superslam,$15.79,$20.20
GameCube,Tak Great Juju Challenge,$11.99,$14.04
GameCube,XIII,$15.02,$21.92
GameCube,Black Gamecube System [Zelda Collectors Edition],$281.33,$475.00
GameCube,Chicken Little,$9.32,$10.00
GameCube,Rayman Arena,$14.35,$18.22
GameCube,Barnyard,$22.09,$28.71
GameCube,PK Out of the Shadows,$12.79,$22.09
GameCube,Pure Evil 2 Pack,$103.69,$130.00
GameCube,The Urbz Sims in the City,$19.70,$20.78
GameCube,64MB 1019 Block Memory Card,$23.26,$29.89
GameCube,Army Men RTS,$9.69,$13.86
GameCube,Batman Dark Tomorrow,$26.99,$45.56
GameCube,Beach Spikers,$20.40,$28.60
GameCube,Madden 2007,$5.69,$7.31
GameCube,Tube Slider,$37.69,$74.99
GameCube,Defender,$5.00,$17.40
GameCube,Dragon's Lair 3D,$21.95,$35.50
GameCube,Nintendo Gamecube NR Reader,"$2,373.98","$3,334.38"
GameCube,Evolution Worlds,$24.73,$32.64
GameCube,Platinum GameCube system [Melee Bundle],$722.93,"$1,006.05"
GameCube,Star Wars Rebel Strike [Preview Disc],$14.14,$14.33
GameCube,Fantastic 4,$6.30,$10.63
GameCube,Hitman 2,$10.24,$13.00
GameCube,ATV Quad Power Racing 2,$10.51,$10.55
GameCube,GameCube Kiosk,$237.50,$260.00
GameCube,Karaoke Revolution Party [Microphone Bundle],$18.49,$36.99
GameCube,Looney Tunes Back in Action,$13.82,$16.70
GameCube,TMNT Mutant Melee,$20.09,$37.25
GameCube,Mystic Heroes,$18.28,$29.49
GameCube,Medabots Infinity,$47.69,$55.00
GameCube,Rocket Power Beach Bandits,$10.31,$13.86
GameCube,Tiger Woods 2006,$8.52,$11.74
GameCube,Sphinx and the Cursed Mummy,$10.16,$14.96
GameCube,Scooby Doo Mystery Mayhem,$24.99,$25.54
GameCube,Donald Duck Going Quackers,$25.13,$34.95
GameCube,Soul Calibur II [Players Choice],$26.49,$27.14
GameCube,Freedom Fighters,$17.78,$19.99
GameCube,Lemony Snicket's A Series of Unfortunate Events,$7.65,$9.03
GameCube,Bloodrayne,$11.86,$20.00
GameCube,Muppets Party Cruise,$24.99,$25.03
GameCube,Tarzan Untamed,$9.88,$11.47
GameCube,Resident Evil 4 [Preview Disc],$35.00,$59.00
GameCube,Disney Sports Soccer,$37.77,$47.03
GameCube,Fairly Odd Parents Shadow Showdown,$12.25,$17.59
GameCube,Bratz Rock Angelz,$20.00,$28.99
GameCube,Nicktoons Battle for Volcano Island,$14.19,$18.16
GameCube,Metroid Prime [Kmart Guide],$89.15,$124.74
GameCube,Nintendo GameCube Service Disc Version 1.0 / 03,"$1,107.14","$1,550.00"
GameCube,Midway Arcade Treasures,$11.54,$14.51
GameCube,Pac-Man World 3,$27.20,$40.28
GameCube,Dead to Rights,$12.17,$12.23
GameCube,NFL Blitz 2003,$11.73,$19.97
GameCube,Ratatouille,$14.99,$20.00
GameCube,The Scorpion King Rise of the Akkadian,$8.46,$11.65
GameCube,Worms 3D,$15.00,$25.19
GameCube,X-Men: The Official Game,$8.03,$11.99
GameCube,Wreckless Yakuza Missions,$8.54,$11.84
GameCube,Charlie and the Chocolate Factory,$8.12,$10.85
GameCube,Interactive Multi-Game Demo Disc Version 33,$88.99,$212.51
GameCube,Zatch Bell Mamodo Battles,$26.05,$31.57
GameCube,Fairly Odd Parents: Breakin' Da Rules,$11.92,$28.65
GameCube,Madden 2004,$7.69,$8.75
GameCube,Madden 2008,$13.91,$19.99
GameCube,NBA Street Vol 2 [Player's Choice],$27.87,$35.58
GameCube,R: Racing Evolution,$11.01,$21.00
GameCube,Spiderman 2 [Player's Choice],$19.99,$20.36
GameCube,Zapper,$9.40,$13.07
GameCube,Goblin Commander,$39.67,$79.31
GameCube,White Gamecube Controller,$55.00,$96.75
GameCube,XGRA,$26.53,$29.77
GameCube,18 Wheeler American Pro Trucker,$8.59,$10.39
GameCube,Aquaman,$18.00,$22.50
GameCube,Space Raiders,$13.95,$20.31
GameCube,Street Racing Syndicate,$11.21,$20.00
GameCube,X2 Wolverine's Revenge,$10.27,$12.65
GameCube,Zelda Four Swords Adventures [Player's Choice],$55.74,$60.00
GameCube,F-Zero GX [Player's Choice],$60.75,$67.97
GameCube,Italian Job,$11.18,$12.99
GameCube,Madden 2003,$6.32,$6.88
GameCube,Over the Hedge,$9.99,$13.68
GameCube,Serious Sam Next Encounter,$32.60,$52.90
GameCube,Tom and Jerry War of Whiskers,$18.76,$34.97
GameCube,Codename Kids Next Door Operation VIDEOGAME,$27.15,$42.46
GameCube,Crash Tag Team Racing,$16.21,$20.44
GameCube,Ice Age 2 The Meltdown,$6.99,$9.96
GameCube,Splinter Cell Chaos Theory,$11.66,$20.16
GameCube,XG3 Extreme G Racing,$10.63,$16.66
GameCube,Backyard Football,$8.00,$9.83
GameCube,Star Fox Assault [Player's Choice],$41.33,$44.99
GameCube,Taz Wanted,$19.81,$23.19
GameCube,Hunter the Reckoning,$18.18,$25.36
GameCube,Metroid Prime [Kmart],$22.69,$50.96
GameCube,Smuggler's Run,$8.87,$13.50
GameCube,Tales of Symphonia [Player's Choice],$22.27,$24.18
GameCube,Chaos Field,$29.99,$49.99
GameCube,Disney Party,$17.99,$23.54
GameCube,MC Groovz Dance Craze,$5.37,$7.99
GameCube,NASCAR Thunder 2003,$6.98,$9.50
GameCube,Rally Championship,$49.99,$99.99
GameCube,SpongeBob SquarePants Controller,$47.50,$99.95
GameCube,Wallace and Gromit Project Zoo,$18.37,$26.99
GameCube,Driven,$7.80,$9.38
GameCube,FIFA 07 [Mexican Variant],$33.86,$49.65
GameCube,Gladius,$15.00,$25.90
GameCube,Tiger Woods 2003,$4.18,$5.85
GameCube,Cabela's Big Game Hunter 2005 Adventures,$9.00,$10.31
GameCube,Mario Superstar Baseball [Best Seller],$46.09,$64.76
GameCube,NCAA Football 2003,$6.61,$6.70
GameCube,Odama [Microphone Bundle],$16.00,$45.21
GameCube,Ant Bully,$7.08,$11.00
GameCube,Bratz Forever Diamondz,$17.56,$23.72
GameCube,NHL 06,$7.83,$10.55
GameCube,NCAA Football 2004,$8.24,$9.97
GameCube,Rugrats Royal Ransom,$16.27,$20.00
GameCube,Batman Rise of Sin Tzu,$18.24,$29.99
GameCube,Enter the Matrix [Player's Choice],$12.50,$16.95
GameCube,Flushed Away,$7.88,$11.27
GameCube,Nintendo GameCube [Pokemon Colosseum Bundle],$321.43,$450.00
GameCube,The Polar Express,$13.60,$16.72
GameCube,Ty the Tasmanian Tiger 3,$14.99,$20.16
GameCube,Home Run King,$7.96,$10.54
GameCube,NBA Live 2005,$7.69,$12.44
GameCube,Pitfall The Lost Expedition,$16.26,$18.38
GameCube,Winnie the Pooh Rumbly Tumbly Adventure,$8.59,$13.00
GameCube,Cabela's Outdoor Adventures,$9.02,$12.18
GameCube,Disney Sports Skateboarding,$28.07,$38.30
GameCube,Interactive Multi-Game Demo Disc Version 16,$299.99,$487.51
GameCube,Mary Kate and Ashley Sweet 16,$5.74,$9.50
GameCube,NCAA College Football 2K3,$7.83,$9.99
GameCube,Robots,$12.20,$13.20
GameCube,Rocky,$10.47,$17.37
GameCube,Sega Soccer Slam,$10.13,$19.99
GameCube,Superman Shadow of Apokolips,$30.00,$32.00
GameCube,Universal Studios,$13.29,$18.73
GameCube,Cubix Robots For Everyone Showdown [DVD Bundle],$157.98,$224.99
GameCube,Medal of Honor European Assault,$7.61,$12.03
GameCube,NFL Blitz 2002,$12.68,$14.99
GameCube,Open Season,$6.65,$9.99
GameCube,Backyard Baseball,$19.99,$29.78
GameCube,Ghost Recon,$7.79,$10.00
GameCube,Jeremy McGrath Supercross World,$6.46,$9.03
GameCube,Knockout Kings 2003,$8.04,$9.82
GameCube,MLB Slugfest 2003,$15.68,$23.45
GameCube,NBA Live 2006,$5.88,$7.46
GameCube,Spyro Enter the Dragonfly [Player's Choice],$13.62,$14.76
GameCube,WWE Crush Hour,$11.47,$22.84
GameCube,American Chopper 2 Full Throttle,$4.87,$7.46
GameCube,Legends of Wrestling,$11.45,$11.63
GameCube,Legends of Wrestling II,$8.99,$9.99
GameCube,Mario Party 4 [Kmart Exclusive],$69.99,$71.47
GameCube,Minority Report,$7.99,$10.22
GameCube,Shrek Super Party,$38.00,$45.55
GameCube,Splinter Cell Pandora Tomorrow,$12.27,$15.70
GameCube,Super Monkey Ball [Player's Choice],$20.00,$34.38
GameCube,MVP Baseball 2005,$9.97,$14.55
GameCube,Bionicle Heroes,$10.99,$16.42
GameCube,Conflict Desert Storm 2,$12.99,$18.50
GameCube,Fight Night Round 2,$12.93,$16.09
GameCube,Hot Wheels World Race,$12.99,$18.95
GameCube,Kao the Kangaroo Round 2,$18.65,$28.70
GameCube,Super Mario Strikers [Best Seller],$46.70,$52.92
GameCube,Midway Arcade Treasures 2,$17.99,$22.04
GameCube,Catwoman,$8.55,$11.25
GameCube,Gamecube Travel Bag,$33.10,$34.20
GameCube,Indigo & Clear Controller,$29.99,$52.07
GameCube,NASCAR Chase for the Cup 2005,$12.55,$15.11
GameCube,NCAA Football 2005,$8.54,$10.91
GameCube,Bust-A-Move 3000,$52.25,$64.98
GameCube,Freaky Flyers,$26.09,$35.50
GameCube,Frogger Ancient Shadow,$10.00,$15.00
GameCube,Happy Feet,$7.40,$9.81
GameCube,Nickelodeon Party Blast,$9.57,$12.09
GameCube,Wario World [Player's Choice],$77.50,$79.28
GameCube,X-men Next Dimension,$10.49,$16.03
GameCube,Dragon Ball Z Budokai [Player's Choice],$16.40,$16.71
GameCube,FIFA 2002,$4.39,$7.29
GameCube,Major League Baseball 2K6,$7.53,$7.61
GameCube,Puyo Pop Fever,$24.30,$39.49
GameCube,Red Faction II,$13.38,$16.99
GameCube,Roadkill,$23.99,$37.97
GameCube,Swingerz Golf,$7.91,$10.88
GameCube,Tomb Raider Legend,$16.77,$21.99
GameCube,Action Replay MAX,$25.00,$66.61
GameCube,FIFA Street,$20.92,$27.97
GameCube,Lord of the Rings Two Towers [Player's Choice],$15.09,$19.33
GameCube,MVP Baseball 2004,$7.67,$8.00
GameCube,NASCAR Dirt to Daytona,$16.79,$17.45
GameCube,Need for Speed Underground 2 [Player's Choice],$22.48,$24.45
GameCube,The Incredibles Rise of the Underminer,$9.82,$12.16
GameCube,Need for Speed Most Wanted [Player's Choice],$27.41,$34.94
GameCube,Donkey Konga 2 w/ Bongo,$60.92,$73.00
GameCube,Future Tactics,$8.90,$14.09
GameCube,Metal Gear Solid Twin Snakes [Player's Choice],$83.09,$86.50
GameCube,Scaler,$19.99,$29.74
GameCube,Star Fox Adventures [K-Mart],$35.00,$44.99
GameCube,Teal Gamecube Controller,$48.99,$103.98
GameCube,Aggressive Inline,$9.50,$15.35
GameCube,Blood Omen 2,$17.99,$35.85
GameCube,Cabela's Dangerous Hunts 2,$9.86,$11.12
GameCube,Disney's Hide and Sneak,$19.88,$38.79
GameCube,FIFA 07,$11.56,$21.31
GameCube,Frogger's Adventures The Rescue,$12.85,$12.91
GameCube,Super Bubble Pop,$8.63,$11.25
GameCube,The Sims 2: Pets,$10.95,$11.74
GameCube,Indigo GameCube System [Mario Sunshine Bundle],$142.82,$199.95
GameCube,Clear GameCube Controller,$41.16,$123.30
GameCube,Charlie's Angels,$13.60,$16.83
GameCube,Pac-Man World Rally,$22.05,$31.41
GameCube,Sonic Gems Collection [Player's Choice],$41.85,$59.31
GameCube,The Simpsons Hit and Run [with Trading Cards],$51.31,$71.84
GameCube,Dark Summit,$10.00,$13.21
GameCube,Harvest Moon A Wonderful Life [Player's Choice],$17.31,$19.20
GameCube,NBA Live 2003,$5.71,$5.79
GameCube,NHL 2005,$6.53,$7.89
GameCube,Smashing Drive,$10.60,$14.88
GameCube,Summoner: A Goddess Reborn,$24.87,$39.96
GameCube,Terminator 3 Redemption,$26.93,$33.35
GameCube,Virtua Quest,$34.99,$60.26
GameCube,World Series of Poker,$5.81,$8.09
GameCube,Worms Blast,$10.13,$11.50
GameCube,NFL 2K3,$7.00,$7.25
GameCube,Indigo Gamecube System [Zelda Collectors Edition],$292.86,$410.00
GameCube,Action Replay Ultimate Codes,$20.03,$32.07
GameCube,Intec GBA To Gamecube Link Cable,,
GameCube,Mario Power Tennis [Best Seller],$19.41,$27.68
GameCube,NHL 2003,$6.23,$6.65
GameCube,Outlaw Golf,$8.76,$11.50
GameCube,Pikmin 2 [Player's Choice],$46.58,$48.39
GameCube,Spiderman [Player's Choice],$10.99,$12.90
GameCube,Strike Force Bowling,$6.61,$8.84
GameCube,Sum of All Fears,$10.33,$14.99
GameCube,Tiger Woods 2005,$7.73,$9.98
GameCube,Whirl Tour,$6.02,$10.02
GameCube,59 Block Memory Card,$9.99,$13.41
GameCube,Bad Boys Miami Takedown,$15.00,$21.62
GameCube,Buffy the Vampire Slayer Chaos Bleeds,$42.69,$66.83
GameCube,Crazy Taxi [Player's Choice],$20.55,$26.65
GameCube,FIFA World Cup: Germany 2006,$8.72,$8.82
GameCube,Mega Man X Controller,$130.87,$133.32
GameCube,NBA 2K2,$6.29,$10.27
GameCube,Outlaw Golf & Darkened Skye,$49.99,$49.99
GameCube,Powerpuff Girls Relish Rampage Pickled Edition,$20.99,$35.95
GameCube,Road Trip,$22.30,$31.20
GameCube,Rogue Ops,$13.49,$14.99
GameCube,Shrek 2 [Player's Choice],$14.04,$14.99
GameCube,Shrek Smash and Crash Racing,$20.86,$23.49
GameCube,SpongeBob SquarePants Battle for Bikini Bottom [Player's Choice],$19.98,$20.90
GameCube,Street Hoops,$8.97,$12.24
GameCube,Curious George,$10.13,$15.30
GameCube,Dr. Muto,$25.84,$44.98
GameCube,Egg Mania,$15.23,$23.02
GameCube,Lotus Challenge,$13.70,$19.97
GameCube,NBA 2K3,$7.49,$9.87
GameCube,Need for Speed Underground [Player's Choice],$14.57,$15.12
GameCube,Robotech Battlecry [Collector's Edition],$75.94,$127.00
GameCube,Spartan Total Warrior,$21.85,$28.37
GameCube,Starsky and Hutch,$7.52,$8.72
GameCube,Super Mario Sunshine [Kmart Edition],$34.77,$48.55
GameCube,Surf's Up,$6.93,$10.96
GameCube,Sonic Riders [Player's Choice],$37.97,$38.00
GameCube,1080 Avalanche [Bonus DVD Bundle],$19.99,$45.73
GameCube,Conflict Desert Storm,$13.99,$14.43
GameCube,Cubix Robots For Everyone Showdown,$14.99,$38.20
GameCube,Frogger Beyond,$13.28,$13.46
GameCube,Interactive Multi-Game Demo Disc Version 14,$327.10,$524.75
GameCube,King Arthur,$10.54,$16.00
GameCube,Mat Hoffman's Pro BMX 2,$8.99,$11.99
GameCube,Medal of Honor Frontline [Player's Choice],$8.28,$11.27
GameCube,Metroid Prime [Best of Show E3],,
GameCube,Metroid Prime [Target],$21.53,$23.75
GameCube,Pinball Hall of Fame The Gottlieb Collection,$11.19,$13.26
GameCube,Tony Hawk Underground [Player's Choice],$19.99,$22.26
GameCube,Zelda Wind Waker [For Rental],,
GameCube,Crash Bandicoot The Wrath of Cortex [Player's Choice],$10.99,$14.99
GameCube,Gamecube Microphone,$9.99,$12.91
GameCube,Gamestop GameCube Controller,$10.88,$14.81
GameCube,Meet the Robinsons,$7.82,$12.29
GameCube,Monopoly Party,$8.67,$11.49
GameCube,Namco Museum [Player's Choice],$9.49,$9.99
GameCube,Pac-Man Vs.,$7.99,$18.12
GameCube,Pokemon Channel [Pokemon Mini Bundle],,
GameCube,Rainbow Six 3,$6.19,$13.02
GameCube,Super Monkey Ball 2 Pack,$14.99,$599.99
GameCube,True Crime Streets of LA [Player's Choice],$11.03,$14.99
GameCube,Top Gun Combat Zones [Mastiff],,
GameCube,4x4 EVO 2,$9.54,$13.07
GameCube,Army Men Air Combat Elite Missions,$24.79,$31.24
GameCube,Black and Bruised,$14.99,$24.99
GameCube,Finding Nemo [Player's Choice],$6.17,$8.52
GameCube,Monster Jam Maximum Destruction,$14.80,$18.49
GameCube,Pikmin [Player's Choice],$35.44,$38.99
GameCube,Star Wars Bounty Hunter [Limited Edition],$44.99,$47.00
GameCube,Zoocube,$7.41,$11.79
GameCube,Naki Ultimate SpiderMan Venom Wired Controller,,
GameCube,Blowout,$9.90,$15.42
GameCube,Casper Spirit Dimensions,$11.05,$14.90
GameCube,Dinotopia The Sunstone Odyssey,$14.48,$24.74
GameCube,Freekstyle,$15.37,$25.37
GameCube,Freestyle Street Soccer,$8.76,$10.52
GameCube,Grooverider Slot Car Thunder,$24.77,$43.12
GameCube,Monster 4x4 Masters of Metal,$11.44,$14.99
GameCube,NBA Live 2004,$6.93,$10.60
GameCube,NHL 2004 [Joe Sakic],$45.17,$63.24
GameCube,Reign of Fire,$8.99,$18.93
GameCube,Shrek: Extra Large [With Watch],$107.14,$150.00
GameCube,SpongeBob SquarePants The Movie [Player's Choice],$15.99,$19.24
GameCube,Super Mario Strikers [Not for Resale],$44.00,$61.59
GameCube,Tonka Rescue Patrol,$9.25,$9.99
GameCube,Yu-Gi-Oh Falsebound Kingdom [Player's Choice],$23.99,$30.77
GameCube,Dora the Explorer Journey to the Purple Planet,$6.83,$9.87
GameCube,All-Star Baseball 2002,$6.89,$8.54
GameCube,All-Star Baseball 2003,$4.22,$7.39
GameCube,Big Air Freestyle,$11.16,$19.22
GameCube,Carmen Sandiego The Secret of the Stolen Drums,$11.92,$12.80
GameCube,FIFA 06,$7.99,$7.99
GameCube,GameCube Carrying Case,$18.99,$27.09
GameCube,Gamecube Modem Adapter,$45.56,$58.69
GameCube,Godzilla Destroy All Monsters Melee [Player's Choice],$40.50,$44.99
GameCube,Jimmy Neutron Jet Fusion,$10.23,$18.40
GameCube,Logitech Speed Force Steering Wheel,$89.89,$125.85
GameCube,Mario Kart Double Dash [Dual-Language Not For Resale],$45.91,$64.82
GameCube,Mark Davis Pro Bass Challenge,$9.30,$12.38
GameCube,Speed Kings,$19.99,$26.14
GameCube,Viewtiful Joe [Player's Choice],$30.00,$31.67
GameCube,City Racer,$22.99,$39.13
GameCube,ESPN MLS ExtraTime 2002,$12.00,$16.99
GameCube,FIFA 2002 World Cup,$5.39,$15.34
GameCube,MX Superfly,$6.99,$10.09
GameCube,Mega Man Anniversary Collection [Player's Choice],$10.00,$18.69
GameCube,NHL 2K3,$12.40,$14.99
GameCube,NHL Hitz Pro,$16.49,$27.56
GameCube,Pro Rally,$16.17,$23.63
GameCube,Rainbow Six 3 Lockdown,$9.32,$11.12
GameCube,Red Card 2003,$18.98,$28.50
GameCube,Shamu's Deep Sea Adventures,$5.00,$6.67
GameCube,Splinter Cell Chaos Theory [Collector's Edition],$35.71,$49.99
GameCube,The Sims [Player's Choice],$11.39,$11.69
GameCube,Tiger Woods 2004,$10.05,$10.11
GameCube,Virtua Striker 2002,$23.58,$38.12
GameCube,Zelda Wind Waker [Not For Resale Player's Choice],$65.51,$65.71
GameCube,Interactive Multi-Game Demo Disc Version 21,$250.01,$350.03
GameCube,LEGO Star Wars [Player's Choice],$10.00,$10.79
GameCube,Star Wars Rogue Leader [Player's Choice],$16.87,$18.00
GameCube,Batman Rise Of Sin Tzu [Action Figure Commemorative Edition],,
GameCube,Def Jam Vendetta [Player's Choice],$34.99,$35.99
GameCube,Evolution Skateboarding,$11.21,$14.27
GameCube,FIFA 2004,$8.71,$10.75
GameCube,GameCube AC Adapter,$16.74,$19.95
GameCube,Intellivision Lives,$11.99,$16.93
GameCube,Kelly Slater's Pro Surfer,$8.22,$12.27
GameCube,Mortal Kombat Deadly Alliance [Player's Choice],$16.99,$20.12
GameCube,Trigger Man,$12.64,$22.40
GameCube,UFC Throwdown,$7.47,$12.99
GameCube,Hip Gear Portable 5.4 LCD Screen,,
GameCube,Evolution Snowboarding,$44.99,$87.78
GameCube,Interactive Multi-Game Demo Disc Version 25,$348.70,$487.75
GameCube,Karaoke Revolution Party,$7.87,$11.02
GameCube,Lord of the Rings Return of the King [Player's Choice],$15.20,$19.87
GameCube,MLB Slugfest 2004,$25.50,$29.99
GameCube,Mission Impossible Operation Surma,$9.95,$24.09
GameCube,NFL QB Club 2002,$5.65,$8.98
GameCube,Spyro A Hero's Tail [Player's Choice],$15.28,$15.75
GameCube,WiSD SD Memory Card Adapter,,
GameCube,007 Everything or Nothing [Player's Choice],$15.00,$15.88
GameCube,007 Nightfire [Player's Choice],$19.99,$21.17
GameCube,All-Star Baseball 2004,$3.58,$9.70
GameCube,Drome Racers,$11.72,$16.05
GameCube,FIFA 2005,$6.85,$7.86
GameCube,Fire Blade,$12.00,$17.20
GameCube,Freeloader,$55.99,$62.50
GameCube,Ghost Recon 2,$9.99,$13.99
GameCube,Hot Wheels Velocity X,$13.06,$19.97
GameCube,Interactive Multi-Game Demo Disc Version 32,$44.98,$62.97
GameCube,Need for Speed Hot Pursuit 2 [Player's Choice],$9.70,$11.40
GameCube,Nintendo Gamecube Paper Mario Bundle,$436.00,$610.40
GameCube,Pool Paradise,$9.99,$13.99
GameCube,Resident Evil 4 [Preview Disc Mail In Promo],,
GameCube,SX Superstar,$8.68,$9.81
GameCube,MemCard PRO [Spice Orange],,
GameCube,Animal Crossing [K-Mart Exclusive],$44.29,$62.00
GameCube,Backyard Baseball 2007,$32.76,$40.00
GameCube,Batman Rise of Sin Tzu [Lithograph Edition],$43.75,$72.50
GameCube,Biogenik Controller - Black,,
GameCube,Dakar 2 Rally,$11.49,$12.45
GameCube,FIFA 2003,$5.50,$11.43
GameCube,Freestyle Metal X,$6.05,$16.33
GameCube,GameCube Preview CD-ROM,$7.00,$10.70
GameCube,GameCube Preview DVD,$5.67,$9.35
GameCube,Gamecube RF Switch,$12.88,$12.88
GameCube,Interactive Multi-Game Demo Disc Version 22,$112.49,$156.45
GameCube,Interactive Multi-Game Demo Disc [October 2001],$242.65,$257.00
GameCube,International Winter Sports 2002,$7.15,$7.63
GameCube,Men In Black II Alien Escape,$18.99,$39.35
GameCube,Midway Arcade Treasures 3,$15.09,$27.49
GameCube,NFL Blitz Pro,$20.00,$32.47
GameCube,NHL 2004,$7.11,$9.34
GameCube,Splinter Cell Double Agent,$13.99,$15.91
GameCube,Madcatz Memory Cube 1019 16x,$6.43,$9.31
GameCube,Lodgenet Gamecube Controller,$49.99,$69.99
GameCube,Big Mutha Truckers,$12.97,$14.98
GameCube,HORI Game Boy Player Controller Black,$53.56,$77.57
GameCube,F1 2002,$16.67,$23.74
GameCube,Gamecube AV Cable,$6.99,$12.40
GameCube,Midway Arcade Treasures [1],$14.99,$25.99
GameCube,HORI Game Boy Player Controller Indigo,,
GameCube,12-Disc Game Wallet,,
GameCube,16MB Memory Card Hip Gear,,
GameCube,59 Block Memory Card [Clear Black],,
GameCube,Bratz: Forever Diamondz [Bonus Edition],$35.68,$49.95
GameCube,Burnout [Player's Choice],$10.24,$14.84
GameCube,CD Lens Cleaner [Gamestop],,
GameCube,Cars [Player's Choice],$10.49,$12.46
GameCube,Chronicles of Narnia Lion Witch and the Wardrobe [Player's Choice],$7.11,$9.95
GameCube,Dave Mirra Freestyle BMX 2 [Player's Choice],$8.74,$9.32
GameCube,EON GCHD Mk-II [Black],,
GameCube,Firestorm Powershock Controller,,
GameCube,GameStop Universal Dance Pad,$18.00,$25.20
GameCube,GoldenEye: Rogue Agent [Player's Choice],$10.06,$14.33
GameCube,Harry Potter Chamber of Secrets [Player's Choice],$8.39,$8.66
GameCube,Harry Potter Prisoner of Azkaban [Player's Choice],$9.74,$11.22
GameCube,Harry Potter Quidditch World Cup [Player's Choice],$12.36,$12.36
GameCube,Harvest Moon Magical Melody [Player's Choice],$19.40,$27.16
GameCube,Hip Gear 4 Mb Memory Card,,
GameCube,Intec Aluminum Case,,
GameCube,Intec G5005 Purple Razor Mini Controller,$12.99,$26.77
GameCube,Intec Wired Turbo Controller,,
GameCube,InterAct SuperPad,$8.62,$13.84
GameCube,Interact Mobile Monitor,$56.00,$78.40
GameCube,Interactive Multi-Game Demo Disc August 2002,$129.75,$227.84
GameCube,Interactive Multi-Game Demo Disc January 2002,$159.74,$248.66
GameCube,Interactive Multi-Game Demo Disc July 2002,$99.45,$135.00
GameCube,Interactive Multi-Game Demo Disc June 2002,$112.74,$157.79
GameCube,Interactive Multi-Game Demo Disc March 2002,$246.45,$258.01
GameCube,Interactive Multi-Game Demo Disc Version 10,$181.27,$217.00
GameCube,Interactive Multi-Game Demo Disc Version 11,$74.99,$104.99
GameCube,Interactive Multi-Game Demo Disc Version 12,$65.98,$91.00
GameCube,Interactive Multi-Game Demo Disc Version 13,$61.99,$86.79
GameCube,Interactive Multi-Game Demo Disc Version 17,$60.00,$84.00
GameCube,Interactive Multi-Game Demo Disc Version 18,$128.30,$179.61
GameCube,Interactive Multi-Game Demo Disc Version 19,$75.25,$105.00
GameCube,Interactive Multi-Game Demo Disc Version 20,$87.72,$120.67
GameCube,Interactive Multi-Game Demo Disc Version 23,$64.99,$90.99
GameCube,Interactive Multi-Game Demo Disc Version 24,$139.44,$140.67
GameCube,Interactive Multi-Game Demo Disc Version 26,$144.00,$201.60
GameCube,Interactive Multi-Game Demo Disc Version 27,$111.97,$156.76
GameCube,Interactive Multi-Game Demo Disc Version 28,$82.03,$114.80
GameCube,Interactive Multi-Game Demo Disc Version 29,$300.00,$420.00
GameCube,Interactive Multi-Game Demo Disc Version 30,$112.50,$157.50
GameCube,Interactive Multi-Game Demo Disc Version 31,$71.99,$90.00
GameCube,Interactive Multi-Game Demo Disc Version 34,$84.78,$85.00
GameCube,Interactive Multi-Game Demo Disc Version 35,$92.49,$129.49
GameCube,Interactive Multi-Game Demo Disc Version 7,$78.49,$109.37
GameCube,Interactive Multi-Game Demo Disc Version 8,$99.99,$139.99
GameCube,Interactive Multi-Game Demo Disc Version 9,$99.99,$139.99
GameCube,Intertronic GameCube Disc Binder,,
GameCube,Joytech Gamecube Controller,,
GameCube,LEGO Star Wars II: The Original Trilogy [Player's Choice],$9.50,$11.50
GameCube,MVP Baseball 2005 [Player's Choice],$8.95,$16.84
GameCube,Mad Catz Controller - Clear,,
GameCube,Madagascar [Player's Choice],$10.35,$11.97
GameCube,Mario Golf Toadstool Tour [Target Exclusive],$24.99,$31.80
GameCube,Marvel Nemesis Rise of the Imperfects [Player's Choice],$19.97,$21.62
GameCube,Mayflash Cube JoyBox Controller Adapter,,
GameCube,Medal of Honor Rising Sun [Player's Choice],$10.00,$10.27
GameCube,Metroid Prime 2 Echoes [Player's Choice],$39.74,$55.88
GameCube,Metroid Prime [Players Choice Game of the Year],,
GameCube,Monster S-Video Cable,$45.96,
GameCube,Mortal Kombat Deadly Alliance [Adema Bonus CD],,
GameCube,Naruto Clash Of Ninja 2 [Demo Disc Not For Resale],,
GameCube,Naruto Clash of Ninja 2 [Player's Choice],$14.98,$18.70
GameCube,Naruto Clash of Ninja [Player's Choice],$11.98,$12.50
GameCube,Nintendo GameCube Jet Black Controller Bundle [Blister],,
GameCube,Nintendo Gamecube Disc Case,$25.91,$56.90
GameCube,Nyko 12 Disc Wallet,,
GameCube,Nyko 8MB Memory Card,,
GameCube,Nyko Airflo Controller,$36.95,$51.73
GameCube,Over the Hedge [Player's Choice],$9.28,$12.99
GameCube,Pac-Man Fever [Player's Choice],$14.27,$14.40
GameCube,Pelican G3 Wired Orange Controller,,
GameCube,Pelican G3 Wireless Controller,$16.98,$23.77
GameCube,Resident Evil Zero [Non-Interactive Demo],,
GameCube,Retro Fighters BattlerGC  Controller,,
GameCube,Retro Prism Gamecube Component Cables,$31.62,$38.19
GameCube,Shark Tale [Player's Choice],$6.55,$6.78
GameCube,Soul Calibur II [Demo Disc Not For Resale],,
GameCube,SpongeBob SquarePants Lights Camera Pants [Player's Choice],$15.43,$18.99
GameCube,Tak and the Power of JuJu [Player's Choice],$18.47,$19.99
GameCube,The Incredibles [Player's Choice],$9.71,$11.11
GameCube,The Sims Bustin' Out [Player's Choice],$12.31,$16.13
GameCube,Time Splitters 2 [Player's Choice],$15.50,$20.86
GameCube,Tony Hawk 4 [Player's Choice],$12.37,$14.44
GameCube,Tony Hawk American Wasteland [Player's Choice],$17.16,$22.21
GameCube,Tony Hawk Underground 2 [Player's Choice],$19.06,$24.00
GameCube,Transworld Surf Next Wave,$12.45,$25.00
GameCube,Ultimate Codes Zelda Twilight Princess,,
GameCube,Ultimate Codes: Animal Crossing,$10.44,$14.61
GameCube,Ultimate Spiderman [Player's Choice],$32.49,$43.58
GameCube,WWE Day of Reckoning 2 [Player's Choice],$26.13,$33.14
GameCube,WWE Day of Reckoning [Player's Choice],$24.99,$30.99
GameCube,WWE Wrestlemania X8 [Player's Choice],$15.00,$17.57
GameCube,X-men Legends [Player's Choice],$19.92,$24.99
GameCube,Xeno Crisis,$15.04,$22.11
GameCube,MadCatz 1x Memory Cube,$1.61,$1.95
GameCube,Mad Catz Purple GameCube Controller,,
GameCube,Mad Catz Wired Controller,$18.86,$26.40
GameCube,Cubicon Mad Catz Controller,,
GameCube,Madcatz Memory Cube 32x,,
GameCube,Mad Catz Gamestop Wireless 2.4 Gamecube Controller,,
GameCube,Mad Catz MicroCon Wireless Controller,,
GameCube,128MB NYKO Memory Card,,
GameCube,NAKI Marvel Hulk-Pad Controller,$22.46,$31.44
GameCube,8BitDo GameCube Retro Receiver,,
GameCube,Gamecube Players Bundle,,
GameCube,Robotech Battlecry [DVD Bundle],$48.70,$68.18
GameCube,Star Wars Clone Wars [Player's Choice],$11.89,$14.00
GameCube,007 Agent Under Fire [Player's Choice],$12.91,$15.52
GameCube,TDEV Gamecube,"$2,421.49","$3,390.09"
GameCube,Ultimate Codes: Wind Waker,$38.84,$54.38
GameCube,Hip Gear Turbo Controller,$0.99,$1.39
GameCube,InterAct 4MB Flash Memory Card,,
GameCube,Hip Gear 1019 Block Memory Card,,
GameCube,MemCard PRO [Frost White],$45.24,$65.51
GameCube,16 MB Memory Card [Joytech],,
GameCube,Pelican Real Arcade Tournament Ready Arcade Stick,$74.00,$103.60
GameCube,Intec Rechargeable Battery Pak,,
GameBoy,Pokemon Red,$66.04,$357.49
GameBoy,Pokemon Yellow,$69.99,$351.45
GameBoy,Pokemon Blue,$65.00,$313.00
GameBoy,Original Gameboy System,$70.00,$297.19
GameBoy,Super Mario Land,$17.70,$110.16
GameBoy,Zelda Link's Awakening,$44.74,$209.99
GameBoy,Tetris,$20.49,$25.03
GameBoy,Super Mario Land 2,$20.73,$99.74
GameBoy,Metroid 2 Return of Samus,$32.00,$255.75
GameBoy,Kirby's Dream Land,$24.49,$94.21
GameBoy,Wario Land Super Mario Land 3,$25.57,$109.70
GameBoy,Pokemon Yellow [First Print],$58.80,$380.00
GameBoy,Donkey Kong,$27.16,$84.65
GameBoy,Donkey Kong Land,$16.76,$69.74
GameBoy,Mega Man 5,$255.49,"$1,400.00"
GameBoy,Dr. Mario,$12.95,$24.62
GameBoy,Teenage Mutant Ninja Turtles Fall of the Foot Clan,$13.95,$95.75
GameBoy,Kirby's Dream Land 2,$35.97,$160.55
GameBoy,Castlevania Adventure,$16.99,$165.00
GameBoy,Amazing Tater,$649.23,"$4,381.65"
GameBoy,Mega Man: Dr Wily's Revenge,$17.74,$92.18
GameBoy,Operation C,$37.50,$154.99
GameBoy,Final Fantasy Adventure,$40.01,$126.51
GameBoy,Wario Land II,$33.69,$140.05
GameBoy,Final Fantasy Legend 2,$33.00,$116.96
GameBoy,Donkey Kong Land 2,$15.00,$64.19
GameBoy,Silver Game Boy Pocket,$59.99,$250.00
GameBoy,Game Boy Printer,$57.00,$132.69
GameBoy,Analogue Pocket,$347.39,$387.34
GameBoy,Castlevania Legends,$140.00,$809.18
GameBoy,Castlevania II Belmont's Revenge,$63.73,$435.74
GameBoy,Kirby's Pinball Land,$14.98,$72.67
GameBoy,Pokemon Red [First Print],$63.52,$364.99
GameBoy,Blue Game Boy Pocket,$54.75,$81.57
GameBoy,Mega Man 2,$23.17,$134.99
GameBoy,Teenage Mutant Ninja Turtles II Back from the Sewers,$21.02,$219.70
GameBoy,Yoshi,$14.00,$63.53
GameBoy,Teenage Mutant Ninja Turtles III Radical Rescue,$61.57,"$1,060.45"
GameBoy,Gold Nintendo Power 100 Gameboy Pocket,"$1,621.83","$6,186.97"
GameBoy,Mega Man 4,$91.80,$985.23
GameBoy,Kid Dracula,$230.00,"$1,414.77"
GameBoy,Final Fantasy Legend,$29.80,$116.00
GameBoy,Alleyway,$10.00,$49.61
GameBoy,Gameboy [Clear Play It Loud],$90.62,$429.99
GameBoy,Donkey Kong Land III,$19.99,$99.62
GameBoy,Tasmania Story,$14.18,$86.10
GameBoy,King James Bible,$170.00,$464.99
GameBoy,Gameboy Camera,$45.00,$87.49
GameBoy,Spud's Adventure,$617.76,"$2,420.17"
GameBoy,Pac-Man,$9.99,$24.81
GameBoy,Duck Tales 2,$37.75,$174.52
GameBoy,Mr. Do!,$37.22,$167.44
GameBoy,Kid Icarus Of Myths and Monsters,$24.50,$139.75
GameBoy,Final Fantasy Legend 3,$34.95,$138.15
GameBoy,Gameboy Light,$119.00,$223.04
GameBoy,Duck Tales,$23.99,$115.50
GameBoy,Red Game Boy Pocket,$41.99,$182.50
GameBoy,Clear Game Boy Pocket,$62.50,$427.17
GameBoy,Star Wars,$15.25,$46.60
GameBoy,Bart Simpson's Escape from Camp Deadly,$15.33,$99.99
GameBoy,Gargoyle's Quest,$33.49,$140.00
GameBoy,Paperboy,$14.47,$37.86
GameBoy,Pokemon Blue [First Print],$54.97,$421.19
GameBoy,Game and Watch Gallery,$10.00,$66.27
GameBoy,F1 Race,$7.08,$28.03
GameBoy,Battletoads,$21.88,$149.60
GameBoy,Wario Blast,$17.61,$91.92
GameBoy,Killer Instinct,$10.09,$72.37
GameBoy,Mega Man 3,$39.49,$400.00
GameBoy,Mortal Kombat,$15.00,$65.49
GameBoy,Solar Striker,$11.95,$54.40
GameBoy,Black Game Boy Pocket,$43.89,$120.45
GameBoy,Killer Instinct [Not for Resale],"$1,528.00",
GameBoy,Mole Mania,$54.99,$168.27
GameBoy,Batman: The Animated Series,$69.99,$395.57
GameBoy,Baseball,$9.98,$45.33
GameBoy,Titus the Fox,$40.00,$285.85
GameBoy,Space Invaders,$14.03,$30.18
GameBoy,Soccer Mania,$9.99,$74.30
GameBoy,Square Deal,$12.39,$36.40
GameBoy,Xenon 2,$30.13,$114.86
GameBoy,Batman the Video Game,$22.88,$95.35
GameBoy,Ninja Gaiden Shadow,$71.89,$356.84
GameBoy,Street Fighter II,$24.83,$125.00
GameBoy,Contra the Alien Wars,$49.75,$400.00
GameBoy,GameBoy System Tetris Pack,$70.00,$264.33
GameBoy,Knight Quest,$257.88,$954.33
GameBoy,Bomberman,$15.00,$52.20
GameBoy,Black Original Gameboy,$88.83,$349.99
GameBoy,Game Genie for Gameboy,$32.99,$48.06
GameBoy,Spiderman 2,$19.99,$124.50
GameBoy,Toxic Crusaders,$306.82,"$1,972.34"
GameBoy,Heiankyo Alien,$8.50,$42.99
GameBoy,Tennis,$9.70,$37.50
GameBoy,Golf,$10.15,$47.80
GameBoy,Monopoly,$10.39,$25.01
GameBoy,Balloon Kid,$16.82,$100.40
GameBoy,Amazing Spiderman,$13.97,$58.00
GameBoy,Qix,$9.66,$33.99
GameBoy,Universal Soldier,$38.07,$146.90
GameBoy,Tetris 2,$12.06,$34.17
GameBoy,Catrap,$49.41,$200.50
GameBoy,Mortal Kombat II,$16.99,$77.50
GameBoy,Bugs Bunny Crazy Castle 2,$7.93,$30.08
GameBoy,Earthworm Jim,$21.84,$90.00
GameBoy,Jurassic Park,$15.00,$88.36
GameBoy,Bubble Ghost,$29.99,$172.26
GameBoy,Road Rash,$22.86,$199.13
GameBoy,Ms. Pac-Man,$9.86,$31.68
GameBoy,Zelda Link's Awakening [Player's Choice],$35.00,$150.00
GameBoy,Game Boy Pocket [Green],$57.87,$149.95
GameBoy,Original Gameboy System [Legend Of Zelda Link's Awakening Bundle],$118.42,$449.99
GameBoy,Super R.C. Pro-Am,$6.33,$25.43
GameBoy,007 James Bond,$13.45,$59.60
GameBoy,The Simpsons Bart and the Beanstalk,$52.15,$849.99
GameBoy,Avenging Spirit,$148.12,$630.34
GameBoy,Great Greed,$135.25,$705.20
GameBoy,Sneaky Snakes,$22.25,$96.84
GameBoy,Bonk's Adventure,$29.99,$279.99
GameBoy,Ren & Stimpy Space Cadet Adventures,$7.67,$94.98
GameBoy,Original Gameboy Green,$55.17,$209.00
GameBoy,Toy Story,$5.98,$47.38
GameBoy,Fastest Lap,$21.85,$112.57
GameBoy,Double Dragon,$14.95,$34.99
GameBoy,Sword of Hope II,$141.24,$594.97
GameBoy,The Punisher,$26.99,$300.00
GameBoy,Yoshi's Cookie,$10.73,$25.47
GameBoy,Yellow Game Boy Pocket,$73.92,$274.78
GameBoy,Kirby's Star Stacker,$26.97,$209.91
GameBoy,Kirby's Block Ball,$25.24,$150.57
GameBoy,Original Gameboy Red,$78.13,$150.00
GameBoy,Revenge of the Gator,$12.50,$51.16
GameBoy,Shaq Fu,$158.26,$220.00
GameBoy,WWF Raw,$5.72,$65.19
GameBoy,Wave Race,$7.62,$55.12
GameBoy,Darkwing Duck,$48.81,$239.48
GameBoy,Daedalian Opus,$7.65,$20.50
GameBoy,Tamagotchi,$12.97,$40.00
GameBoy,The Simpsons Bart vs the Juggernauts,$18.65,$95.00
GameBoy,Gameboy Camera [Gold],$849.81,"$3,228.52"
GameBoy,Mario's Picross,$49.99,$112.08
GameBoy,Batman: Return of the Joker,$34.03,$227.57
GameBoy,Fortress of Fear,$12.50,$76.55
GameBoy,Personal Organizer & Phone Book,$15.40,$65.00
GameBoy,Game Boy Pocket [Extreme Green],$108.70,$657.48
GameBoy,Gameboy Original Yellow,$90.50,$203.43
GameBoy,Mighty Morphin Power Rangers,$17.34,$90.28
GameBoy,Rolan's Curse 2,$183.57,$999.99
GameBoy,Atomic Punk,$29.99,$269.13
GameBoy,Fist of the North Star,$9.39,$102.98
GameBoy,Tiny Toon Adventures Babs' Big Break,$12.35,$69.95
GameBoy,Ice Blue Game Boy Pocket,$99.99,$375.00
GameBoy,F1 Race [Four Player Adapter Bundle],$17.75,$37.48
GameBoy,Harvest Moon,$30.70,$141.98
GameBoy,Kwirk,$10.00,$47.11
GameBoy,Mickey's Dangerous Chase,$9.72,$34.32
GameBoy,Nemesis,$13.85,$89.99
GameBoy,Ninja Taro,$75.99,$842.50
GameBoy,Beetlejuice,$78.11,$249.99
GameBoy,Mr. Chin's Gourmet Paradise,$13.99,$131.65
GameBoy,Sumo Fighter,$229.95,"$2,163.94"
GameBoy,Tetris Attack,$10.13,$41.06
GameBoy,F1 Pole Position,$189.99,"$1,057.42"
GameBoy,King of Fighters 95,$24.56,$119.99
GameBoy,Spiderman 3,$19.99,$301.16
GameBoy,Bill and Ted's Excellent Adventure,$18.89,$149.99
GameBoy,Gradius Interstellar Assault,$40.00,$299.99
GameBoy,Home Alone,$10.00,$59.99
GameBoy,Star Wars The Empire Strikes Back,$17.69,$73.84
GameBoy,Captain America and the Avengers,$103.75,$758.15
GameBoy,Gameboy [Black Play It Loud],$99.99,$300.00
GameBoy,Mystical Ninja Starring Goemon,$60.00,$420.05
GameBoy,"Pokemon Special Pikachu Edition: Red, Yellow, Blue [Perfect Guide]",$50.00,$65.05
GameBoy,Snow Brothers,$76.07,$333.52
GameBoy,Star Wars [Player's Choice],$11.47,$56.47
GameBoy,Gameboy Rechargeable Battery Pack/AC Adapter,$16.37,$37.11
GameBoy,Bubble Bobble Part 2,$30.99,$299.99
GameBoy,Taz-Mania,$9.99,$60.36
GameBoy,Light Boy,$27.71,$62.50
GameBoy,Burai Fighter Deluxe,$23.24,$199.99
GameBoy,Double Dragon II The Revenge,$18.97,$140.04
GameBoy,Duck Tales 2 [Player's Choice],$50.86,$160.00
GameBoy,Motocross Maniacs,$9.97,$40.06
GameBoy,Legend of the River King,$68.94,$173.08
GameBoy,Boomer's Adventure in Asmik World,$8.64,$53.88
GameBoy,Gremlins 2,$16.87,$72.49
GameBoy,Small Soldiers,$13.87,$71.44
GameBoy,The Smurfs,$12.97,$74.99
GameBoy,Zen Intergalactic Ninja,$50.87,$444.00
GameBoy,Battle Bull,$19.96,$72.27
GameBoy,Super Star Wars Return of the Jedi,$13.21,$89.99
GameBoy,Tiny Toon Adventures 2 Montana's Movie Madness,$13.18,$89.94
GameBoy,Alien vs Predator,$24.81,$225.88
GameBoy,Radar Mission,$10.18,$45.29
GameBoy,Stop that Roach,$40.00,$438.60
GameBoy,Aladdin,$11.79,$125.22
GameBoy,Bionic Commando,$57.95,$316.02
GameBoy,Wario Land Super Mario Land 3 [Not For Resale],$59.99,
GameBoy,Analogue Pocket [Indigo Anodized],$699.00,$825.00
GameBoy,Looney Tunes,$9.98,$32.39
GameBoy,Tecmo Bowl,$15.99,$34.57
GameBoy,Terminator 2 Judgment Day,$10.99,$65.25
GameBoy,Arcade Classic 3: Galaga and Galaxian,$19.72,$36.52
GameBoy,Home Alone 2 Lost In New York,$10.00,$37.50
GameBoy,Mickey Mouse Magic Wands,$14.46,$49.99
GameBoy,Darkman,$166.38,$405.00
GameBoy,Flintstones the Movie,$12.49,$50.56
GameBoy,Frogger,$10.00,$34.99
GameBoy,Rescue of Princess Blobette,$11.53,$93.48
GameBoy,Donkey Kong Land 2 [Player's Choice],$16.06,$64.23
GameBoy,Blaster Master Boy,$86.89,$669.85
GameBoy,Battleship,$8.07,$25.97
GameBoy,Gameboy [Green Play It Loud],$79.99,$300.00
GameBoy,Skate or Die Bad n Rad,$9.99,$87.32
GameBoy,Superman,$17.47,$120.98
GameBoy,Who Framed Roger Rabbit,$22.51,$162.52
GameBoy,4 Player Adapter,$7.60,$30.20
GameBoy,Real Ghostbusters,$41.88,$355.22
GameBoy,Flintstones King Rock Treasure Island,$51.78,$450.00
GameBoy,Maru's Mission,$17.49,$137.06
GameBoy,Nobunaga's Ambition,$22.33,$56.70
GameBoy,Pokemon Azul,$77.76,$295.47
GameBoy,Robocop vs The Terminator,$40.00,$292.17
GameBoy,Wheel of Fortune,$7.20,$19.99
GameBoy,NFL Football,$6.00,$26.14
GameBoy,Game Boy Storage Case,$35.00,$133.00
GameBoy,Extra Bases,$16.37,$52.19
GameBoy,Double Dragon III The Arcade Game,$19.12,$128.50
GameBoy,Battletoads in Ragnarok's World,$29.99,$149.94
GameBoy,Ghostbusters II,$39.61,$199.35
GameBoy,Godzilla,$18.33,$143.08
GameBoy,Quarth,$10.47,$37.66
GameBoy,Shanghai,$8.47,$28.24
GameBoy,The Rugrats Movie,$7.00,$40.57
GameBoy,Gameboy Camera [Red],$35.00,$70.00
GameBoy,Mysterium,$15.75,$75.71
GameBoy,Popeye 2,$27.81,$264.26
GameBoy,Tail Gator,$89.99,$558.66
GameBoy,Battle Arena Toshinden,$15.84,$147.49
GameBoy,Bugs Bunny Crazy Castle,$12.00,$39.99
GameBoy,Adventure Island II,$23.59,$172.61
GameBoy,Cool World,$99.99,$366.97
GameBoy,Burgertime Deluxe,$29.99,$67.99
GameBoy,Itchy and Scratchy Miniature Golf Madness,$62.96,$495.01
GameBoy,Oddworld Adventures,$11.42,$45.22
GameBoy,Pipe Dream,$9.99,$12.95
GameBoy,Speedy Gonzales,$17.04,$76.47
GameBoy,T2 The Arcade Game,$14.04,$48.91
GameBoy,The Fidgetts,$14.97,$189.95
GameBoy,Analogue Pocket [White],$335.17,
GameBoy,Alien 3,$28.18,$93.20
GameBoy,WWF Superstars,$11.52,$50.35
GameBoy,Bonk's Revenge,$61.10,$350.00
GameBoy,Battletoads & Double Dragon,$66.70,"$1,021.33"
GameBoy,Wayne's World,$110.22,$364.37
GameBoy,Dr. Franken,$15.01,$80.80
GameBoy,Lost World Jurassic Park,$18.24,$167.50
GameBoy,Metroid 2 Return of Samus [Player's Choice],$40.00,$189.95
GameBoy,Ninja Boy,$23.02,$213.80
GameBoy,Rolan's Curse,$34.23,$395.00
GameBoy,Analogue Pocket [Glow in the Dark],$387.00,$500.00
GameBoy,Bubsy II,$26.94,$398.71
GameBoy,Attack of the Killer Tomatoes,$24.69,$272.89
GameBoy,Tetris Blast,$10.38,$28.98
GameBoy,Cosmo Tank,$13.80,$80.00
GameBoy,Little Mermaid,$10.14,$53.19
GameBoy,Gameboy Camera [Yellow],$50.45,$52.00
GameBoy,Casper,$10.00,$68.41
GameBoy,In Your Face,$5.01,$32.47
GameBoy,Incredible Crash Dummies,$7.77,$52.61
GameBoy,Ishido: The Way of Stones,$13.22,$38.41
GameBoy,NIV Bible and Lost Levels of Joshua,$213.74,$754.19
GameBoy,Skate or Die: Tour de Thrash,$15.50,$164.47
GameBoy,Worms [Limited Run],$55.00,
GameBoy,Arcade Classic 2: Centipede and Millipede,$7.08,$26.78
GameBoy,Game Boy Camera [Blue],$53.02,$106.44
GameBoy,Daffy Duck,$26.21,$237.83
GameBoy,Donkey Kong Land [Not for Resale],$154.73,
GameBoy,Jurassic Park Part 2: The Chaos Continues,$27.49,$137.79
GameBoy,Kingdom Crusade,$21.67,$144.75
GameBoy,Mega Man: Dr Wily's Revenge [Player's Choice],$17.50,$150.00
GameBoy,Miner 2049er,$22.28,$268.91
GameBoy,Spiderman and the X-Men: Arcade's Revenge,$22.23,$225.00
GameBoy,Star Trek the Next Generation,$11.23,$39.75
GameBoy,Super Mario Land [Player's Choice],$16.66,$55.72
GameBoy,The Humans,$22.40,$99.80
GameBoy,Yogi Bear's Gold Rush,$18.99,$103.99
GameBoy,Centipede,$9.00,$26.49
GameBoy,Asteroids,$11.78,$66.01
GameBoy,Beavis and Butthead,$49.99,$166.22
GameBoy,Dick Tracy,$110.00,$304.85
GameBoy,Blades of Steel,$10.60,$40.25
GameBoy,Fish Dude,$78.00,$437.50
GameBoy,WWF King of the Ring,$10.58,$66.62
GameBoy,Castelian,$30.16,$112.36
GameBoy,Elevator Action,$26.99,$90.09
GameBoy,Gameboy Camera [Green],$41.29,$84.99
GameBoy,Gauntlet II,$41.50,$130.00
GameBoy,Getaway: High Speed II,$18.50,$149.99
GameBoy,InfoGenius: Spell Checker and Calculator,$11.99,$24.99
GameBoy,Jeopardy,$8.73,$24.73
GameBoy,Jimmy Connors Tennis,$80.41,$405.11
GameBoy,Joshua: The Battle of Jericho,$29.99,$119.99
GameBoy,Lemmings,$16.43,$67.90
GameBoy,Malibu Beach Volleyball,$6.78,$32.41
GameBoy,Mortal Kombat 3,$18.48,$77.64
GameBoy,Spanky's Quest,$22.56,$134.86
GameBoy,Trip World [Limited Run],$69.94,$70.00
GameBoy,Arcade Classic 4: Defender and Joust,$9.48,$28.99
GameBoy,Aerostar,$51.33,$549.99
GameBoy,Bubble Bobble,$25.42,$142.71
GameBoy,Joe and Mac,$34.95,$339.50
GameBoy,Super Mario Land 2 [Player's Choice],$19.10,$71.82
GameBoy,Nintendo World Cup,$8.77,$33.48
GameBoy,Amazing Penguin,$19.64,$71.65
GameBoy,Boxxle II,$39.99,$240.46
GameBoy,Analogue Pocket Fast Charging USB-C Power Supply,,
GameBoy,Cyraid,$25.21,$80.00
GameBoy,Donkey Kong Land [Player's Choice],$14.87,$51.50
GameBoy,Go Go Tank,$11.34,$79.96
GameBoy,Mickey's Ultimate Challenge,$15.65,$336.52
GameBoy,Mighty Morphin Power Rangers: The Movie,$22.89,$120.28
GameBoy,Super Scrabble,$8.47,$18.99
GameBoy,Swamp Thing,$50.00,$299.99
GameBoy,The Jungle Book,$9.95,$49.99
GameBoy,The Ren & Stimpy Show Veediots,$7.10,$79.99
GameBoy,Urban Strike,$12.99,$102.51
GameBoy,Wario Land Super Mario Land 3 [Player's Choice],$25.15,$95.61
GameBoy,Zool Ninja of the Nth Dimension,$48.01,$850.00
GameBoy,Booster Boy,$82.50,$313.50
GameBoy,Gameboy Cleaning Kit,$4.47,$17.76
GameBoy,Batman Forever,$12.64,$78.58
GameBoy,Addams Family,$15.65,$25.65
GameBoy,Tetris Plus,$12.00,$24.12
GameBoy,Blues Brothers,$31.57,$209.93
GameBoy,Bionic Battler,$25.16,$68.41
GameBoy,Gameboy Light [Yellow],$386.20,$555.02
GameBoy,Chessmaster,$10.67,$36.93
GameBoy,Frommer's Travel Guide,$13.98,$39.98
GameBoy,Hercules,$10.81,$123.91
GameBoy,Kung Fu Master,$30.07,$51.76
GameBoy,Nail n Scale,$24.97,$139.40
GameBoy,Navy Seals,$13.62,$99.53
GameBoy,Ninja Boy 2,$61.00,$439.76
GameBoy,Q Billion,$7.12,$20.36
GameBoy,R-Type,$20.56,$120.00
GameBoy,Spot the Cool Adventure,$10.11,$161.26
GameBoy,The Jetsons Robot Panic,$102.32,$499.91
GameBoy,Tom and Jerry,$12.30,$59.13
GameBoy,Top Gun Guts to Glory,$10.99,$113.06
GameBoy,Trax,$56.10,$330.13
GameBoy,Paperboy 2,$11.96,$24.68
GameBoy,Game Boy Game Link Cable,$7.87,$44.97
GameBoy,Battle Unit Zeoth,$19.48,$199.00
GameBoy,Metal Masters,$57.47,"$1,355.18"
GameBoy,Black Bass Lure Fishing,$4.81,$39.99
GameBoy,Hatris,$19.99,$85.09
GameBoy,Game Boy Shoulder Strap Case,$9.99,$37.96
GameBoy,Goal,$14.99,$112.02
GameBoy,Krusty's Fun House,$23.40,$100.00
GameBoy,Madden 96,$10.99,$49.99
GameBoy,Mortal Kombat and Mortal Kombat II,$19.49,$326.87
GameBoy,NBA All-Star Challenge,$6.31,$30.53
GameBoy,PGA European Tour,$9.91,$24.79
GameBoy,Penguin Wars,$12.35,$109.08
GameBoy,Pinball Fantasies,$21.13,$59.99
GameBoy,Pocahontas,$12.52,$79.96
GameBoy,Pokemon Yellow [Not For Resale],$270.48,
GameBoy,Spy vs. Spy,$22.15,$144.93
GameBoy,Super Black Bass,$21.59,$231.75
GameBoy,TaleSpin,$30.93,$226.26
GameBoy,Tetris [Player's Choice],$15.49,$80.00
GameBoy,The Adventures of Rocky and Bullwinkle and Friends,$10.07,$60.25
GameBoy,Winter Olympic Games Lillehammer 94,$9.23,$50.00
GameBoy,Asciiware Portable Carry-All DLX,$28.95,$110.01
GameBoy,Adventure Island,$20.00,$92.25
GameBoy,Arcade Classic: Asteroids and Missile Command,$8.00,$20.84
GameBoy,Sword of Hope,$45.79,$142.86
GameBoy,Game Boy Pocket AC Adapter,$15.99,$24.99
GameBoy,Analogue Pocket Dock,$154.99,
GameBoy,Analogue Pocket [Transparent Purple],,
GameBoy,Chase HQ,$11.00,$55.00
GameBoy,Dig Dug,$30.91,$116.46
GameBoy,Fortified Zone,$15.98,$179.58
GameBoy,Hit the Ice,$76.43,"$1,897.94"
GameBoy,Jeep Jamboree,$12.48,$159.98
GameBoy,Last Action Hero,$19.99,$310.00
GameBoy,Lethal Weapon,$25.00,$153.84
GameBoy,Maui Mallard in Cold Shadow,$40.00,$91.10
GameBoy,Micro Machines,$14.00,$47.40
GameBoy,NHL 96,$13.00,$82.93
GameBoy,Star Wars [Classic Edition],$33.24,$35.01
GameBoy,Super Off Road,$9.22,$25.00
GameBoy,The Flash,$21.38,$86.38
GameBoy,Total Carnage,$32.80,$220.43
GameBoy,All-Star Baseball 99,$11.19,$90.20
GameBoy,World Heroes 2 Jet,$44.78,$349.95
GameBoy,Bases Loaded,$6.68,$16.54
GameBoy,Singer Sewing Machine Operation Software,$122.56,$494.00
GameBoy,Alfred Chicken,$24.48,$225.34
GameBoy,Adventures of Star Saver,$42.66,$407.50
GameBoy,Choplifter  II,$23.48,$76.52
GameBoy,Wordtris,$9.85,$24.94
GameBoy,Game Light [Nuby],,
GameBoy,Battletoads & Double Dragon [Collector's Edition],$129.99,
GameBoy,Bust-a-Move 2 Arcade Edition,$16.99,$58.36
GameBoy,Deadeus,$74.55,$81.66
GameBoy,Double Dribble 5 on 5,$5.00,$26.28
GameBoy,Flipull,$10.75,$35.00
GameBoy,Ken Griffey Jr Presents Major League Baseball,$9.63,$48.10
GameBoy,Mercenary Force,$21.99,$86.96
GameBoy,Monster Truck Wars,$10.47,$39.77
GameBoy,RoboCop 2,$15.87,$109.98
GameBoy,Super Hunchback,$23.82,$243.86
GameBoy,The Lion King,$8.38,$54.94
GameBoy,Torpedo Range,$15.27,$47.15
GameBoy,Turrican,$28.76,$133.85
GameBoy,Analog Pocket Grape,,
GameBoy,Dexterity,$10.31,$54.95
GameBoy,Turn And Burn The F-14 Dogfight Simulator,$8.73,$44.99
GameBoy,Dr. Mario [Player's Choice],$11.98,$54.99
GameBoy,Game Boy Pocket Red [Target Kirby Value Pak],$59.99,"$1,495.00"
GameBoy,Casino FunPak,$5.99,$17.32
GameBoy,Cool Spot,$17.24,$277.23
GameBoy,Dragon's Lair: The Legend,$18.00,$88.49
GameBoy,Hyper Lode Runner,$8.54,$56.06
GameBoy,International Superstar Soccer,$13.44,$549.99
GameBoy,Iron Man X-O Manowar in Heavy Metal,$14.99,$423.33
GameBoy,Prehistorik Man,$42.79,$219.00
GameBoy,Samurai Shodown,$30.00,$120.46
GameBoy,Side Pocket,$10.96,$36.48
GameBoy,Sports Illustrated Championship Football & Baseball,$7.26,$35.28
GameBoy,Star Trek 25th Anniversary,$19.31,$57.21
GameBoy,Super Chase HQ,$14.08,$142.16
GameBoy,Super Mario Land 2 [Not For Resale],,
GameBoy,Tiny Toon Adventures Wacky Sports,$11.95,$75.00
GameBoy,Ultra Golf,$7.96,$21.74
GameBoy,WWF Warzone,$5.50,$42.50
GameBoy,Animaniacs,$9.66,$94.06
GameBoy,Bo Jackson: Two Games in One,$3.69,$24.89
GameBoy,RoboCop,$18.00,$82.50
GameBoy,4 in 1 Funpak Volume II,$7.00,$17.99
GameBoy,Barbie Game Girl,$10.31,$108.10
GameBoy,Analogue Pocket [Transparent Green],$499.98,$721.94
GameBoy,Felix the Cat,$97.48,$637.29
GameBoy,Game Boy Travel Bag,$18.27,$70.76
GameBoy,Gameshark,$31.57,$86.95
GameBoy,Heavyweight Championship Boxing,$9.99,$20.00
GameBoy,Kirby's Dream Land [Player's Choice],$22.51,$80.88
GameBoy,Kirby’s Dream Land 2 [Not for Resale],$205.00,
GameBoy,Mickey's Dangerous Chase [Player's Choice],$10.12,$53.51
GameBoy,Muhammad Ali Heavyweight Boxing,$19.99,$314.00
GameBoy,NBA Jam Tournament Edition,$10.98,$55.00
GameBoy,Nintendo Gameboy System [Wal-Mart Arcade Set],$115.79,$440.00
GameBoy,Quest Arrest [Homebrew],$31.36,$33.65
GameBoy,Robin Hood Prince of Thieves,$9.95,$99.99
GameBoy,StarHawk,$92.95,$104.99
GameBoy,Tom and Jerry Frantic Antics,$9.88,$89.41
GameBoy,Top Rank Tennis,$7.75,$31.30
GameBoy,World Circuit Series,$12.47,$103.97
GameBoy,Wave Race [Player's Choice],$8.00,$69.69
GameBoy,Crystal Quest,$19.99,$82.17
GameBoy,The Illuminator,$20.00,$77.02
GameBoy,Large Nintendo Gameboy Travel Case,,
GameBoy,4 in 1 Fun Pak,$7.06,$24.71
GameBoy,ASCII Game Boy System Showcase,,
GameBoy,Analogue Pocket Transparent Blue,$510.00,$609.00
GameBoy,Avenging Spirit [Limited Run],$50.85,$59.95
GameBoy,Bugs Bunny Crazy Castle 2 [Player's Choice],$9.35,$49.99
GameBoy,Faceball 2000,$23.49,$66.94
GameBoy,Final Fantasy Legend III [Sunsoft],$21.87,$101.75
GameBoy,Foreman for Real,$6.67,$25.05
GameBoy,Judge Dredd,$12.00,$96.00
GameBoy,Kirby's Dream Land 2 [Player's Choice],$37.25,$161.88
GameBoy,Lock n Chase,$11.06,$61.47
GameBoy,Lunar Journey [Homebrew],,
GameBoy,Mouse Trap Hotel,$9.06,$105.01
GameBoy,Mulan,$12.53,$50.00
GameBoy,New Chessmaster,$12.38,$19.90
GameBoy,Out of Gas,$28.49,$235.56
GameBoy,Raging Fighter,$8.18,$63.05
GameBoy,Ring Rage,$16.09,$80.13
GameBoy,Silver Gameboy Pocket [Black Screen Frame],$52.55,$199.99
GameBoy,Spot the Video Game,$12.08,$42.02
GameBoy,Vegas Stakes,$7.21,$18.09
GameBoy,Wario Land II [Not for Resale],$60.70,
GameBoy,Zoop,$8.99,$29.99
GameBoy,Super Breakout,$11.48,$45.41
GameBoy,Boggle Plus,$8.99,$20.43
GameBoy,NBA All-Star Challenge 2,$8.49,$26.91
GameBoy,Berlitz Spanish Translator,$16.04,$48.75
GameBoy,Boxxle,$12.13,$45.97
GameBoy,Addams Family Pugsley's Scavenger Hunt,$31.85,$189.92
GameBoy,Analogue Pocket Hard Case,$77.06,
GameBoy,Analogue Pocket [Indigo],,$662.46
GameBoy,Analogue Pocket [Orange Spice],,
GameBoy,Analogue Pocket [Pink],,
GameBoy,Analogue Pocket [Silver],,
GameBoy,Buster Bros,$40.00,$349.50
GameBoy,Donkey Kong Land 2 [Not for Resale],$125.22,
GameBoy,Dr. Franken II,$16.13,$160.50
GameBoy,Dragonheart Fire & Steel,$14.43,$85.92
GameBoy,Exodus: Journey to the Promised Land,$32.64,$124.10
GameBoy,Game Boy Printer Paper,$22.44,
GameBoy,GameBoy Pocket Gold [Limited Edition],$150.00,$249.95
GameBoy,Gameboy Light [Gold],$112.50,$278.76
GameBoy,Gameboy System [White Play It Loud],$204.40,$776.72
GameBoy,HAL Wrestling,$10.75,$74.25
GameBoy,Hook,$13.06,$14.91
GameBoy,Hunt for Red October,$12.29,$38.34
GameBoy,Indiana Jones Last Crusade,$20.00,$123.06
GameBoy,Jungle Strike,$20.83,$61.50
GameBoy,Klax,$12.26,$81.22
GameBoy,Lamborghini American Challenge,$18.60,$69.49
GameBoy,Loopz,$18.47,$58.00
GameBoy,Marble Madness,$11.62,$41.30
GameBoy,Milon's Secret Castle,$15.31,$132.99
GameBoy,Missile Command,$11.41,$54.50
GameBoy,NBA Jam,$9.99,$35.00
GameBoy,Pac-in-Time,$21.78,$61.44
GameBoy,Pinocchio,$15.46,$83.92
GameBoy,Pit-Fighter,$10.38,$59.73
GameBoy,Play Action Football,$5.24,$22.99
GameBoy,Power Racer,$14.99,$85.54
GameBoy,Prince of Persia,$20.00,$123.92
GameBoy,Pyramids of Ra,$14.83,$76.17
GameBoy,Q*bert,$19.99,$59.49
GameBoy,Rampart,$26.70,$118.70
GameBoy,Rod Land: Collector's Edition,$48.37,$53.95
GameBoy,Roger Clemens' MVP Baseball,$5.81,$39.97
GameBoy,SeaQuest DSV,$15.11,$134.36
GameBoy,Snoopy's Magic Show,$11.33,$50.89
GameBoy,Solomon's Club,$18.93,$66.99
GameBoy,Sports Illustrated for Kids the Ultimate Triple Dare,$9.35,$155.22
GameBoy,Star Wars [Premium Edition],$51.01,$63.00
GameBoy,Taz Mania 2,$10.87,$48.59
GameBoy,Tetris [Yellow],,
GameBoy,Track & Field,$8.27,$27.83
GameBoy,True Lies,$19.96,$102.65
GameBoy,Tumble Pop,$48.64,$589.12
GameBoy,Turok Battle of the Bionosaurs,$19.55,$129.05
GameBoy,Ultima Runes of Virtue,$36.85,$140.00
GameBoy,Ultima Runes of Virtue II,$54.98,$294.99
GameBoy,WCW The Main Event,$40.28,$243.75
GameBoy,WildSnake,$10.00,$38.00
GameBoy,Game Boy Compact Carrying Case,$98.62,$100.00
GameBoy,Brain Drain,$10.27,$30.32
GameBoy,Arcade Classic: Super Breakout and Battlezone,$12.31,$22.25
GameBoy,Desert Strike Return to the Gulf,$15.00,$64.95
GameBoy,Altered Space,$21.35,$147.43
GameBoy,Primal Rage,$12.93,$106.18
GameBoy,007 James Bond [Player's Choice],$15.72,$60.66
GameBoy,Caesar's Palace,$7.39,$15.13
GameBoy,Dead Heat Scramble,$10.47,$39.75
GameBoy,Bill Elliott's NASCAR Fast Tracks,$7.95,$31.49
GameBoy,Hudson Hawk,$27.48,$119.99
GameBoy,Best of the Best Championship Karate,$10.62,$79.13
GameBoy,Cool Ball,$67.47,$349.99
GameBoy,Chuck Rock,$19.99,$237.50
GameBoy,WWF Superstars 2,$10.82,$50.55
GameBoy,Dennis the Menace,$9.07,$213.43
GameBoy,Brainbender,$8.83,$34.97
GameBoy,Elite Soccer,$16.39,$248.11
GameBoy,High Stakes,$6.26,$21.29
GameBoy,Jack Nicklaus Golf,$9.99,$19.62
GameBoy,Lazlo's Leap,$33.88,$139.99
GameBoy,Megalit,$30.15,$113.49
GameBoy,PGA Tour 96,$5.99,$19.99
GameBoy,Pagemaster,$7.91,$80.00
GameBoy,Serpent,$19.88,$92.48
GameBoy,Solitaire Fun Pak,$8.09,$23.79
GameBoy,Speedball 2,$14.37,$69.04
GameBoy,Spiritual Warfare,$54.76,$199.00
GameBoy,Star Trek Generations Beyond the Nexus,$21.57,$69.99
GameBoy,Super Battletank,$11.07,$39.99
GameBoy,Tarzan Lord of the Jungle,$9.77,$112.64
GameBoy,Wario Blast [Not for Resale],$150.00,
GameBoy,World Bowling,$7.39,$19.99
GameBoy,NHL Hockey 95,$11.21,$47.42
GameBoy,Street Racer,$14.77,$81.30
GameBoy,Bram Stoker's Dracula,$19.24,$100.20
GameBoy,2 In 1: Flying Warriors / Fighting Simulator,$9.71,$26.01
GameBoy,Days of Thunder,$20.99,$75.62
GameBoy,2021: Moon Escape,$30.00,$69.95
GameBoy,Adulting [Homebrew],,
GameBoy,Amazing Penguin [Limited Run],$32.71,$33.95
GameBoy,Analogue Fast Charging Power Supply,,
GameBoy,Analogue Pocket - Gold,,
GameBoy,Analogue Pocket Adapter Set,$74.85,$95.03
GameBoy,Analogue Pocket Dock [White],,
GameBoy,Analogue Pocket Fast Charging USB-C Cable,,
GameBoy,Analogue Pocket Link Cable,,
GameBoy,Analogue Pocket Nanoloop Analogue Sync Cable,,
GameBoy,Analogue Pocket Nanoloop Midi USB-A Cable,,
GameBoy,Analogue Pocket Nanoloop Midi in,,
GameBoy,Analogue Pocket Tempered Glass Screen,,
GameBoy,Analogue Pocket [Berry],,
GameBoy,Analogue Pocket [Black Anodized],,$850.00
GameBoy,Analogue Pocket [Blue],,
GameBoy,Analogue Pocket [Grape],$500.00,
GameBoy,Analogue Pocket [Kiwi],,
GameBoy,Analogue Pocket [Natural Anodized],$799.50,$950.00
GameBoy,Analogue Pocket [Noir Anodized],$650.00,$700.00
GameBoy,Analogue Pocket [Red],,
GameBoy,Analogue Pocket [Teal],,$560.00
GameBoy,Analogue Pocket [Transparent Clear],$514.79,$585.79
GameBoy,Analogue Pocket [Transparent Orange],,$519.99
GameBoy,Analogue Pocket [Transparent Red],,$499.00
GameBoy,Analogue Pocket [Transparent Smoke],,
GameBoy,Analogue Pocket [Yellow],,$500.00
GameBoy,Annihilator,,
GameBoy,Battle Arena Toshinden [Yellow],,
GameBoy,CLICK!CASE Video Game Case,,
GameBoy,Caesars Palace (Arcadia),$5.50,$12.71
GameBoy,Championship Pool,$7.47,$33.26
GameBoy,Cutthroat Island,$12.25,$60.52
GameBoy,Dango Dash,,
GameBoy,Deadeus [Collector's Edition],$125.50,$169.99
GameBoy,Deadeus [Limited Collector's Edition Homebrew],,
GameBoy,Donkey Kong [Player's Choice],$22.98,$71.01
GameBoy,Escape 2042: The Truth Defenders [Homebrew],,$131.97
GameBoy,EverDrive GB,$55.58,$91.50
GameBoy,EverDrive GB X5,$75.00,
GameBoy,EverDrive GB X7,$130.00,$147.50
GameBoy,F-15 Strike Eagle,$18.99,$130.00
GameBoy,F1 Race [Player's Choice],$6.73,$25.37
GameBoy,FIFA International Soccer,$8.98,$33.89
GameBoy,FIFA Soccer '96,$9.18,$45.22
GameBoy,FIFA Soccer 97,$12.00,$23.76
GameBoy,FIFA: Road To World Cup 98,,
GameBoy,Faux Alligator Leather Game Boy Travel Case,,
GameBoy,Ferrari Grand Prix Challenge,$13.24,$30.00
GameBoy,Flap Happy,,
GameBoy,Flying Arrows,,
GameBoy,Frank Thomas Big Hurt Baseball,$6.48,$24.56
GameBoy,Game Boy 6 Game Pak Cases,$12.84,$24.43
GameBoy,Game Boy Pocket Blue Funtography Pak,,
GameBoy,Game Boy Pocket Green Funtography Pak,$125.00,$475.00
GameBoy,Game Boy Pocket Red Funtography Pak,,
GameBoy,Game Boy Pocket Yellow Funtography Pak,,
GameBoy,Game of Harmony,$12.00,$48.17
GameBoy,GameBoy Pocket Blue [Tetris Attack Bundle],,
GameBoy,GameBoy Video Game Preserver,$10.99,$43.48
GameBoy,Gameboy Action Light,$24.29,$92.45
GameBoy,Gameboy Cartridge Dust Cover,,
GameBoy,Gameboy Pocket [Walmart Edition],$129.40,$492.76
GameBoy,Gameboy Travel Case,$16.77,
GameBoy,Gameboy Travel Case Portaboy,,
GameBoy,Gear Works,$19.99,$86.41
GameBoy,Gelatinous [Kickstarter Edition],,
GameBoy,George Foreman's KO Boxing,$9.81,$37.25
GameBoy,Glory Hunters,$63.44,$111.50
GameBoy,Godzilla [Player's Choice],,
GameBoy,Golf [Player's Choice],$6.11,$43.92
GameBoy,High Frequency Game Boy Light & Magnifier,$15.00,$57.00
GameBoy,Hunchback of Notre Dame,$30.00,$131.74
GameBoy,Hyperkin Square,,
GameBoy,Jeopardy Platinum Edition,$11.90,$37.19
GameBoy,Jeopardy Sports Edition,$10.00,$22.49
GameBoy,Jeopardy Teen Tournament,$11.13,$93.00
GameBoy,Jordan vs Bird One on One,$21.00,$88.60
GameBoy,Jurassic Park Part 2: The Chaos Continues [Collector's Edition],$64.88,$166.75
GameBoy,Jurassic Park [Collector's Edition],$23.06,
GameBoy,Ken Griffey Jr. Presents Major League Baseball [Not for Resale],$182.61,
GameBoy,Kirby’s Block Ball [Not for Resale],$89.99,
GameBoy,Kudzu,$22.52,
GameBoy,Legion Of Evil,$90.00,
GameBoy,Leo Legend [Homewbrew],,
GameBoy,Little Mermaid [Player's Choice],$9.95,$40.00
GameBoy,Lost Terminal [Homebrew],$28.00,
GameBoy,Lost Treasure Of Lima,,
GameBoy,Madden 95,$5.25,$22.46
GameBoy,Madden 97,$13.70,$60.50
GameBoy,Maiden Of The Dark,,
GameBoy,Mega Man 2 [Player's Choice],$23.49,$135.00
GameBoy,Melon Journey Pocket,$67.98,$76.74
GameBoy,Metal Masters [Limited Run],$29.99,$45.00
GameBoy,Micro Doctor [Homebrew],$24.00,
GameBoy,ModRetro Chromatic [Cloud] [Sapphire],,
GameBoy,Museum on a Cart [Homebrew],,
GameBoy,NAKI Action Light,,
GameBoy,NBA Live 96,$8.58,$35.02
GameBoy,NFL Quarterback Club,$4.00,$15.95
GameBoy,NFL Quarterback Club 2,$6.03,$23.40
GameBoy,NFL Quarterback Club 96,$7.00,$23.24
GameBoy,NUBY Power Pak,,
GameBoy,NUBY Travel-Tote Game Boy Carrying Case,,
GameBoy,Naki Brite Beam,$34.91,$132.62
GameBoy,Nigel Mansell's World Championship Racing,$9.99,$35.22
GameBoy,Nintendo Game Boy Organizer,,
GameBoy,Nintendo Gameboy System [Super Mario Land Bundle],$52.63,$219.39
GameBoy,Nintendo Gameboy Travel Pouch,$14.94,$56.77
GameBoy,Olympic Summer Games,$7.45,$19.99
GameBoy,Oni [Homewbrew],,
GameBoy,Pac-Attack,$19.04,$59.57
GameBoy,Pac-Man [Player's Choice],,
GameBoy,Panel Action Bingo,$10.00,$27.99
GameBoy,Phobos Dere.GB,,$49.99
GameBoy,Pikachu Yellow Carrying Case Bag,,
GameBoy,Pinball Dreams,$14.24,$80.16
GameBoy,Pokemon Brown Version [Homebrew],$24.99,
GameBoy,Pokemon Center Red & Blue Music Collection: Game Boy Jukebox,$130.00,
GameBoy,Pokemon Game Boy Holder,,
GameBoy,Power Mission,$14.99,$84.21
GameBoy,Prophecy of the Viking Child,$18.01,$104.35
GameBoy,Race Days,$14.42,$107.34
GameBoy,Race Drivin,$12.65,$37.73
GameBoy,Rescue Of Princess Blobette [Collector's Edition Limited Run],$34.98,
GameBoy,Rescue of Princess Blobette [Limited Run],$29.71,$42.60
GameBoy,Riddick Bowe Boxing,$9.82,$45.61
GameBoy,Small Nintendo Gameboy Travel Case,,
GameBoy,Snow Bros. Nick & Tom,$39.99,
GameBoy,Spanky's Quest [Limited Run],$26.50,$30.63
GameBoy,Sports Illustrated Golf Classic,$5.98,$35.00
GameBoy,Star Wars The Empire Strikes Back [Classic Edition],$50.00,
GameBoy,Star Wars The Empire Strikes Back [Premium Edition],$41.00,$81.67
GameBoy,Star Wars: The Empire Strikes Back [Capcom],$32.00,$112.11
GameBoy,StarHawk [Limited Run],$34.99,$36.06
GameBoy,Stargate,$13.13,$66.43
GameBoy,Street Fighter II [Player’s Choice],$21.99,$106.14
GameBoy,Submarine 9,,
GameBoy,Super Mario Land [Nintendo Classics],,
GameBoy,Super R.C. Pro-Am [Player's Choice],$8.00,$27.24
GameBoy,Tennis [Player's Choice],$8.00,$39.99
GameBoy,Tesserae,$11.76,$23.00
GameBoy,Tetris Attack [Not for Resale],$185.00,
GameBoy,The Shapeshifter 2 [Limited Kickstarter Edition],,
GameBoy,The Shapeshifter [Homebrew],$132.50,$150.66
GameBoy,The Shapeshifter [Kickstarter Edition],,
GameBoy,The Warp Coin Catastrophe,$149.99,
GameBoy,Tobu Tobu Girl Deluxe [Homebrew],,
GameBoy,Track Meet,$10.86,$57.37
GameBoy,Traumatarium [Homebrew],$39.99,
GameBoy,We're Back A Dinosaur Story,$10.95,$251.74
GameBoy,Where Is My Body [Homebrew],$49.99,
GameBoy,Wordzap,$10.47,$28.03
GameBoy,World Cup 98,$10.89,$81.53
GameBoy,Worms [Limited Run Collector's Edition],$4.39,$17.39
GameBoy,Worms: Collector's Edition,$49.99,
GameBoy,Genuine Nintendo Spare Part: Game Pak Storage Case,$3.96,$15.05
GameBoy,Game Boy Tote,,
GameBoy,Game Tunes Stereo FM Tuner,,
GameBoy,Analogue Pocket Developer Kit,,
GameBoy,Analogue Pocket [Dandelion],,
GameBoy,Tales of Monsterland,$115.00,
GameBoy,Tales of Monsterland [Dark Edition],$200.00,
GameBoy,1UP Card Console Cleaner,,
GameBoy,InterAct Travelpak Fanny Pack,,
GameBoy,Game Boy Video Link,$4.99,
GameBoy,Genesis [Homebrew],$12.49,$42.95
GameBoy,Deadeus [incube8],$54.79,$131.96
GameBoy,IndestructoTank,,
GameBoy,Magipanels,,
GameBoy,Gunship [incube8],,
GameBoy,BreakThru,$9.91,$23.92
GameBoy,Aladdin [THQ],$4.81,$63.49
GameBoy,College Slam,$8.14,$54.99
GameBoy,Bugs Bunny Crazy Castle [Player's Choice],$11.29,$56.46
GameBoy,Sanrio Carnival,$13.39,$52.17
GameBoy,Centipede [Accolade],$17.99,$249.99
GameBoy,G-Zero [Homebrew],,
GameBoy,Berlitz French Translator,$12.00,$23.03
GameBoy,Kirby's Pinball Land [Player's Choice],$13.71,$43.44
GameBoy,Racing Set,$125.14,$485.00
GameBoy,Cliffhanger,$18.22,$179.99
GameBoy,The Shapeshifter 2 [Homebrew],$165.00,
GameBoy,Dr. Mario [Player's Choice Rated E],,
GameBoy,Zelda Link's Awakening [Not for Resale],,
GameBoy,Game Boy Organizer [Blue],,
GameBoy,Traumatarium Penitent,,$31.00
GameBoy,Game Boy Storage Case [GB-70],$60.00,$228.00
GameBoy,Jelly Boy [Limited Run],,
GameBoy,Jurassic Park [Limited Run],$100.00,
GameBoy,Game Light Plus,$27.28,$117.80
GameBoy,NUBY Carry Case For Nintendo's Game Boy,,
GameBoy,Brick 'N' Destroy,,
GameBoy,Jaguar JN-100 Sewing Machine,,
GameBoy,Tail Gator [Limited Run],$28.25,$41.95
GameBoy,Labtec Game Boy Stereo Headphones LT-17,,
GameBoy,Labtec Game Boy Stereo Headphones,,
GameBoy,Universal Game Link Cable,$34.07,
GameBoy,InterAct Game Storage Cases,,
GameBoy,Joyplus Handy Carry Protective Carrying Case For Your Game Boy,,
GameBoy,HandyPak,$25.99,$115.14
GameBoy,Game Keeper,$30.00,$114.00
GameBoy Color,Pokemon Crystal,$176.01,$811.18
GameBoy Color,Pokemon Gold,$66.49,$287.21
GameBoy Color,Pokemon Silver,$64.47,$262.18
GameBoy Color,Pokemon Special Edition Gameboy Color System,$116.00,$944.08
GameBoy Color,Game Boy Color Atomic Purple,$73.95,$219.71
GameBoy Color,Pokemon Pinball,$29.99,$101.67
GameBoy Color,Zelda Oracle of Ages,$56.35,$213.75
GameBoy Color,Zelda Link's Awakening DX,$56.83,$199.99
GameBoy Color,Zelda Oracle of Seasons,$56.97,$205.46
GameBoy Color,Pokemon Trading Card Game,$29.99,$154.11
GameBoy Color,Super Mario Bros Deluxe,$27.99,$68.08
GameBoy Color,Game Boy Color Teal,$71.83,$185.11
GameBoy Color,Pokemon Gold and Silver Special Edition Gameboy Color,$119.59,"$1,060.45"
GameBoy Color,Resident Evil Gaiden,$229.99,$748.39
GameBoy Color,Metal Gear Solid,$138.51,$379.99
GameBoy Color,Shantae,$624.99,"$2,112.95"
GameBoy Color,Game Boy Color Kiwi,$75.50,$236.62
GameBoy Color,Game Boy Color Grape,$72.63,$187.14
GameBoy Color,Donkey Kong Country,$25.51,$69.51
GameBoy Color,Kirby Tilt and Tumble,$69.97,$232.50
GameBoy Color,Wario Land 3,$30.99,$106.00
GameBoy Color,Game Boy Color Yellow,$75.81,$136.46
GameBoy Color,Yu-Gi-Oh Dark Duel Stories,$6.77,$66.56
GameBoy Color,The Machine [Incube8],,
GameBoy Color,Pokemon Puzzle Challenge,$34.79,$320.00
GameBoy Color,Tetris DX,$29.99,$66.44
GameBoy Color,Mario Tennis,$30.00,$71.01
GameBoy Color,Dragon Warrior Monsters,$34.28,$135.53
GameBoy Color,Pokemon Crystal [Not For Resale],$650.02,
GameBoy Color,Mega Man Xtreme 2,$34.99,$160.00
GameBoy Color,Game Boy Color Berry,$81.71,$162.37
GameBoy Color,Tommy Hilfiger Gameboy Color,$137.69,$750.00
GameBoy Color,Dragon Warrior III,$50.00,$154.97
GameBoy Color,Mario Golf,$30.07,$75.00
GameBoy Color,Dragon Warrior I and II,$42.28,$120.25
GameBoy Color,Survival Kids,$177.91,$519.24
GameBoy Color,Conker's Pocket Tales,$21.80,$131.08
GameBoy Color,Dragon Ball Z Legendary Super Warriors,$21.37,$86.98
GameBoy Color,Game and Watch Gallery 2,$9.32,$40.00
GameBoy Color,Mega Man Xtreme,$40.45,$120.00
GameBoy Color,The Simpsons Night of the Living Treehouse of Horror,$26.31,$79.00
GameBoy Color,Bomberman Pocket,$15.83,$54.52
GameBoy Color,Wario Land II,$45.50,$131.48
GameBoy Color,Game and Watch Gallery 3,$12.30,$40.00
GameBoy Color,Hamtaro Ham-Hams Unite!,$33.62,$79.99
GameBoy Color,Revelations the Demon Slayer,$69.09,$313.52
GameBoy Color,Harry Potter Sorcerers Stone,$13.96,$38.91
GameBoy Color,GameBoy Color Kiwi Pokemon Crystal Limited,$403.09,$499.95
GameBoy Color,Lemmings,$24.87,$50.00
GameBoy Color,V-Rally Edition 99,$14.99,$23.75
GameBoy Color,Warriors of Might and Magic,$12.94,$17.99
GameBoy Color,Legend of the River King,$76.67,$225.63
GameBoy Color,Lufia The Legend Returns,$96.87,$174.95
GameBoy Color,Mission Impossible,$9.95,$25.03
GameBoy Color,Harry Potter Chamber of Secrets,$13.70,$44.99
GameBoy Color,Little Nicky,$44.99,$241.48
GameBoy Color,Legend of the River King 2,$105.00,$375.90
GameBoy Color,Pokemon Pikachu 2 GS,$77.49,$137.57
GameBoy Color,Gameboy Color [Red],$59.99,$249.99
GameBoy Color,Tony Hawk 2,$6.44,$17.44
GameBoy Color,Warlocked,$61.22,$112.79
GameBoy Color,Shrek Fairy Tales Freakdown,$7.98,$19.99
GameBoy Color,Crystalis,$54.92,$112.71
GameBoy Color,Spiderman,$14.20,$61.21
GameBoy Color,Perfect Dark,$33.56,$82.41
GameBoy Color,Scooby Doo Classic Creep Capers,$9.99,$32.68
GameBoy Color,Tarzan,$8.57,$26.29
GameBoy Color,Wendy Every Witch Way,$130.00,$412.65
GameBoy Color,SpongeBob SquarePants Legend of the Lost Spatula,$10.00,$46.66
GameBoy Color,Spiderman 2 The Sinister Six,$16.40,$126.26
GameBoy Color,Grand Theft Auto 2,$44.99,$141.10
GameBoy Color,Dragon Warrior Monsters 2 Tara's Adventure,$54.64,$187.20
GameBoy Color,Dragon Warrior Monsters 2 Cobi's Journey,$50.00,$143.14
GameBoy Color,Game Boy Color Atomic Purple [Limited Edition Bundle],$346.15,$900.00
GameBoy Color,Pokemon Silver [Not for Resale],$412.50,
GameBoy Color,Bionic Commando Elite Forces,$30.21,$77.92
GameBoy Color,Star Wars Episode I Racer,$14.99,$37.57
GameBoy Color,Grand Theft Auto,$38.75,$175.00
GameBoy Color,Pokemon Gold [Not For Resale],$429.82,
GameBoy Color,R-Type DX,$32.50,$75.75
GameBoy Color,Oddworld Adventures 2,$18.55,$52.63
GameBoy Color,Shadowgate Classic,$17.52,$36.23
GameBoy Color,Smurfs Nightmare,$16.00,$51.21
GameBoy Color,Quest for Camelot,$5.03,$21.21
GameBoy Color,Titus the Fox,$23.95,$190.00
GameBoy Color,Tony Hawk,$7.47,$23.36
GameBoy Color,Pac-Man Special Color Edition,$15.00,$37.87
GameBoy Color,Buzz Lightyear of Star Command,$6.52,$31.59
GameBoy Color,Gameshark [Special Edition for Pokemon Crystal],$150.00,$390.00
GameBoy Color,Shantae [Limited Run],$81.19,$85.50
GameBoy Color,Spawn,$50.01,$210.33
GameBoy Color,Magi-Nation,$22.38,$80.00
GameBoy Color,Azure Dreams,$75.98,$182.25
GameBoy Color,Bomberman Quest,$101.01,$516.38
GameBoy Color,Metal Walker,$68.77,$155.00
GameBoy Color,Power Quest,$21.15,$110.00
GameBoy Color,Zelda: Oracle Of Ages [1st Print Foil Box],$56.16,$150.20
GameBoy Color,TNN Outdoors Fishing Champ,$8.68,$31.00
GameBoy Color,Frogger 2,$6.81,$33.31
GameBoy Color,Game Boy Pocket Ice Blue [Target Zelda Bundle],$385.32,"$1,001.84"
GameBoy Color,A Bug's Life,$5.78,$19.35
GameBoy Color,GameShark V3.1 For Game Boy Color And Pocket,,
GameBoy Color,Lucky Luke,$22.75,$83.94
GameBoy Color,Gameshark Pro,$36.00,$99.95
GameBoy Color,Ghosts 'n Goblins,$90.00,$286.16
GameBoy Color,MTV Sports Skateboarding,$5.00,$12.95
GameBoy Color,Ms. Pac-Man Special Color Edition,$9.20,$25.48
GameBoy Color,Rayman,$19.33,$51.77
GameBoy Color,Toy Story 2,$7.78,$20.01
GameBoy Color,Harvest Moon,$32.99,$119.99
GameBoy Color,Powerpuff Girls Bad Mojo Jojo,$10.73,$26.81
GameBoy Color,Looney Tunes Carrot Crazy,$8.61,$39.50
GameBoy Color,Mickey's Racing Adventure,$10.46,$34.16
GameBoy Color,Earthworm Jim Menace 2 Galaxy,$17.94,$80.00
GameBoy Color,Gex Enter the Gecko,$9.73,$34.50
GameBoy Color,Monster Rancher Battle Card,$11.77,$57.08
GameBoy Color,Rampage World Tour,$14.89,$41.88
GameBoy Color,Gameshark,$47.84,$59.95
GameBoy Color,Project S-11,$38.86,$135.97
GameBoy Color,Bomberman Max Red Challenger,$19.81,$46.07
GameBoy Color,Frogger,$13.01,$27.98
GameBoy Color,Quest Brian's Journey,$77.45,$239.21
GameBoy Color,Blade,$33.14,$188.94
GameBoy Color,Dragon's Lair,$38.38,$91.74
GameBoy Color,Monsters Inc,$3.97,$25.83
GameBoy Color,Alice in Wonderland,$25.65,$89.70
GameBoy Color,Bugs Bunny Crazy Castle 3,$11.50,$34.99
GameBoy Color,Tomb Raider,$17.06,$67.62
GameBoy Color,Bust-A-Move 4,$15.41,$40.02
GameBoy Color,Alone In The Dark The New Nightmare,$32.49,$59.96
GameBoy Color,Modretro Chromatic [GameStop],$165.25,$220.00
GameBoy Color,Harry Potter,$11.49,$30.72
GameBoy Color,Pokemon Crystal [Error],$230.77,$600.00
GameBoy Color,Rayman 2,$45.70,$199.99
GameBoy Color,Rocket Power Getting Air,$7.98,$20.00
GameBoy Color,Pong The Next Level,$9.61,$14.49
GameBoy Color,Power Rangers Lightspeed Rescue,$7.98,$40.63
GameBoy Color,Return of Ninja,$104.99,$698.12
GameBoy Color,Turok 2 Seeds of Evil,$10.99,$37.19
GameBoy Color,WWF Wrestlemania 2000,$7.99,$31.95
GameBoy Color,Blaster Master Enemy Below,$46.24,$138.19
GameBoy Color,Croc 2,$10.38,$60.00
GameBoy Color,Marble Madness,$12.74,$27.06
GameBoy Color,Powerpuff Girls Paint the Townsville Green,$8.67,$29.99
GameBoy Color,Speedy Gonzales Aztec Adventure,$15.49,$82.11
GameBoy Color,X-men Mutant Academy,$7.99,$21.28
GameBoy Color,Beauty and the Beast A Board Game Adventure,$8.68,$19.95
GameBoy Color,Monster Rancher Explorer,$14.45,$56.88
GameBoy Color,Montezumas Return,$14.59,$46.79
GameBoy Color,X-men Wolverines Rage,$16.49,$40.33
GameBoy Color,Disney's Dinosaur,$6.37,$20.73
GameBoy Color,Harvest Moon 2,$39.47,$169.96
GameBoy Color,Looney Tunes Twouble,$8.22,$40.00
GameBoy Color,Magical Tetris Challenge,$24.62,$52.68
GameBoy Color,Mortal Kombat 4,$25.69,$58.89
GameBoy Color,NBA 3 on 3 Featuring Kobe Bryant,$9.04,$44.23
GameBoy Color,Snow White and the Seven Dwarfs,$9.00,$27.51
GameBoy Color,Space Marauder,$86.64,$260.29
GameBoy Color,Toki Tori,$39.99,$87.04
GameBoy Color,007 World Is Not Enough,$14.24,$19.99
GameBoy Color,Cruis'n Exotica,$13.30,$75.44
GameBoy Color,Cubix Robots for Everyone Race N Robots,$5.92,$19.95
GameBoy Color,Magical Drop,$34.99,$71.22
GameBoy Color,Rampage 2,$17.05,$50.31
GameBoy Color,Sabrina Animated Series Zapped,$12.70,$92.88
GameBoy Color,Tazmanian Devil Munching Madness,$9.04,$26.00
GameBoy Color,WWF Attitude,$9.07,$41.89
GameBoy Color,Hime's Quest,$63.44,$63.50
GameBoy Color,Aladdin,$15.35,$65.91
GameBoy Color,Buck And The Cursed Cartridge,$45.00,
GameBoy Color,Godzilla The Series,$15.17,$69.05
GameBoy Color,Ken Griffey Jr's Slugfest,$6.19,$34.81
GameBoy Color,Powerpuff Girls Battle Him,$8.32,$40.78
GameBoy Color,Robopon Sun Version,$74.04,$248.78
GameBoy Color,Rugrats Time Travelers,$7.00,$22.96
GameBoy Color,Wacky Races,$21.67,$65.50
GameBoy Color,Mickey's Speedway USA,$14.26,$44.39
GameBoy Color,Batman Beyond: Return of the Joker,$17.99,$86.11
GameBoy Color,Batman: Chaos in Gotham,$29.99,$131.80
GameBoy Color,Dracula Crazy Vampire,$19.01,$90.30
GameBoy Color,Duke Nukem,$34.80,$120.50
GameBoy Color,Harvest Moon 3,$64.50,$205.44
GameBoy Color,LEGO Alpha Team,$8.93,$29.00
GameBoy Color,Madden 2002,$7.56,$15.99
GameBoy Color,Shantae [Limited Run Collector's Edition],$92.50,$118.30
GameBoy Color,The Grinch,$12.00,$47.76
GameBoy Color,The Jungle Book: Mowgli's Wild Adventure,$5.41,$31.95
GameBoy Color,Tomb Raider Curse of the Sword,$18.72,$65.25
GameBoy Color,720,$6.25,$13.08
GameBoy Color,Daffy Duck Fowl Play,$16.06,$50.00
GameBoy Color,Deja Vu I and II,$38.32,$87.89
GameBoy Color,Heroes of Might and Magic,$17.68,$51.40
GameBoy Color,Motocross Maniacs 2,$31.99,$85.85
GameBoy Color,Mr Nutz,$19.99,$101.77
GameBoy Color,NHL Blades of Steel 2000,$17.93,$137.48
GameBoy Color,Pokemon Master Pokedex,$50.30,$130.78
GameBoy Color,Rampart for Gameboy Color,$13.48,$20.00
GameBoy Color,Ready 2 Rumble Boxing,$13.41,$31.49
GameBoy Color,Stuart Little Journey Home,$5.74,$11.81
GameBoy Color,Tiny Toon Adventures Buster Saves the Day,$16.05,$45.79
GameBoy Color,WWF Betrayal,$12.54,$58.00
GameBoy Color,X-Men Mutant Wars,$15.09,$87.00
GameBoy Color,Worm Light,$40.00,
GameBoy Color,Classic Bubble Bobble,$27.97,$100.00
GameBoy Color,LEGO Island 2,$7.49,$27.88
GameBoy Color,Mat Hoffman's Pro BMX,$5.66,$12.00
GameBoy Color,Street Fighter Alpha Warriors' Dreams,$48.67,$127.50
GameBoy Color,Tetris [ModRetro Edition],$44.52,$115.75
GameBoy Color,The Mummy Returns,$10.21,$29.52
GameBoy Color,Tom and Jerry,$9.48,$20.00
GameBoy Color,Trip World DX,$64.99,$70.14
GameBoy Color,Wings of Fury,$6.99,$21.28
GameBoy Color,Worms Armageddon,$22.99,$49.99
GameBoy Color,All-Star Baseball 2000,$2.97,$13.52
GameBoy Color,Rugrats in Paris,$5.88,$19.49
GameBoy Color,Carmageddon,$15.59,$20.55
GameBoy Color,GameBoy Color Carrying Case,$18.83,$48.96
GameBoy Color,Lil Monster,$21.74,$283.36
GameBoy Color,NFL Blitz 2000,$7.19,$17.24
GameBoy Color,Pokemon Crystal [Misprint],$735.00,"$1,818.18"
GameBoy Color,Portal Runner,$12.56,$16.00
GameBoy Color,Rats,$13.50,$58.97
GameBoy Color,Sabrina the Animated Series Spooked,$15.00,$56.53
GameBoy Color,Shaun Palmers Pro Snowboarder,$4.08,$10.00
GameBoy Color,The Flintstones Burgertime in Bedrock,$37.63,$132.51
GameBoy Color,Towers Lord Baniff's Deceit,$18.73,$29.23
GameBoy Color,Turok 3 Shadow of Oblivion,$18.99,$54.89
GameBoy Color,Turok Rage Wars,$10.38,$55.12
GameBoy Color,Zelda Oracle of Seasons [Not for Resale],$161.18,
GameBoy Color,Analogue Pocket [Green],$250.00,
GameBoy Color,Trouballs,$7.10,$15.52
GameBoy Color,Zebco Fishing,$9.99,$26.10
GameBoy Color,Army Men 2,$8.02,$19.93
GameBoy Color,Austin Powers Welcome to my Underground Lair,$7.99,$24.99
GameBoy Color,Doug's Big Game,$11.68,$56.13
GameBoy Color,Dragonyhm,$44.50,$81.00
GameBoy Color,Hello Kitty's Cube Frenzy,$16.60,$32.06
GameBoy Color,Hot Wheels Stunt Track Driver,$9.11,$38.12
GameBoy Color,Little Mermaid 2 Pinball Frenzy,$14.99,$45.84
GameBoy Color,NSYNC Get to the Show,$5.04,$13.30
GameBoy Color,New Adventures of Mary-Kate & Ashley,$4.01,$9.99
GameBoy Color,Pocket Pikachu,$55.50,$170.01
GameBoy Color,Prince of Persia,$21.99,$61.51
GameBoy Color,Road Champs,$6.74,$10.00
GameBoy Color,Star Wars Yoda Stories,$17.88,$69.41
GameBoy Color,Terrifying 9/11 [Homebrew],,
GameBoy Color,The Lion King Simbas Mighty Adventure,$11.84,$57.00
GameBoy Color,Tonka Construction Site,$5.89,$12.99
GameBoy Color,Unearthed,$50.00,$78.50
GameBoy Color,Zelda Oracle of Ages [Not for Resale],$116.74,
GameBoy Color,Men in Black the Series,$5.99,$21.38
GameBoy Color,Asteroids,$9.98,$29.23
GameBoy Color,Aliens Thanatos Encounter,$49.99,$193.18
GameBoy Color,Buffy the Vampire Slayer,$21.38,$59.96
GameBoy Color,Driver,$8.65,$29.38
GameBoy Color,Knockout Kings,$7.48,$20.00
GameBoy Color,Microsoft Pinball Arcade,$37.49,$74.71
GameBoy Color,NHL 2000,$10.99,$37.11
GameBoy Color,Resident Evil [Homebrew],$19.88,
GameBoy Color,Rhino Rumble,$88.55,$199.99
GameBoy Color,Toy Story Racer,$13.00,$43.99
GameBoy Color,Winnie The Pooh Adventures in the 100 Acre Woods,$5.61,$13.63
GameBoy Color,Worms Armageddon [Limited Run],$51.91,$56.97
GameBoy Color,Xtreme Sports,$16.41,$120.00
GameBoy Color,Zelda: Oracle Of Seasons [1st Print Foil Box],,
GameBoy Color,Singer Izek 1500,$145.75,$699.99
GameBoy Color,1942,$50.39,$116.69
GameBoy Color,Animorphs,$13.78,$33.28
GameBoy Color,Antz,$6.52,$13.50
GameBoy Color,Army Men,$14.50,$31.63
GameBoy Color,Barbie Ocean Discovery,$7.99,$18.00
GameBoy Color,Commander Keen,$30.74,$74.12
GameBoy Color,Dexter's Laboratory Robot Rampage,$10.00,$49.99
GameBoy Color,Dukes of Hazzard Racing for Home,$9.59,$41.36
GameBoy Color,ET the Extra Terrestrial: Escape from Planet Earth,$9.69,$17.99
GameBoy Color,GameBoy Color Tech Demo,$239.00,$621.40
GameBoy Color,International Superstar Soccer 99,$25.00,$52.97
GameBoy Color,Land Before Time,$15.90,$29.99
GameBoy Color,Looney Tunes Collector Alert!,$11.00,$34.96
GameBoy Color,Mega Memory Card,$35.41,$64.98
GameBoy Color,NBA in the Zone 99,$3.89,$15.75
GameBoy Color,Paperboy,$15.82,$42.00
GameBoy Color,Star Ocean: Blue Sphere [Homebrew],$31.24,$40.00
GameBoy Color,Star Wars Episode I: Obi-Wan's Adventures,$22.92,$55.36
GameBoy Color,Tony Hawk 3,$5.40,$17.37
GameBoy Color,Top Gear Pocket,$15.63,$33.84
GameBoy Color,Ultra Pinball Thrillride,$22.13,$75.00
GameBoy Color,Yars' Revenge,$9.50,$29.99
GameBoy Color,Armorines Project SWARM,$6.00,$19.05
GameBoy Color,Black Bass Lure Fishing,$8.75,$29.99
GameBoy Color,Hime's Quest [Orange],$84.98,
GameBoy Color,Game Boy Pocket Red [Dr. Mario Best Buy],$65.75,$147.20
GameBoy Color,102 Dalmatians Puppies to the Rescue,$7.41,$19.99
GameBoy Color,Army Men Sarge's Heroes 2,$10.75,$23.85
GameBoy Color,Bassmasters Classic,$6.58,$16.67
GameBoy Color,Bugs Bunny Crazy Castle 4,$16.49,$54.26
GameBoy Color,Dave Mirra Freestyle BMX,$7.94,$18.50
GameBoy Color,Gold and Glory: The Road to El Dorado,$10.00,$49.53
GameBoy Color,Heroes of Might and Magic 2,$50.00,$145.00
GameBoy Color,Hexcite,$10.11,$22.49
GameBoy Color,Jeff Gordon XS Racing,$9.16,$13.99
GameBoy Color,Mask of Zorro,$6.24,$36.83
GameBoy Color,Polaris SnoCross,$14.80,$27.18
GameBoy Color,Racin Ratz,$6.02,$21.11
GameBoy Color,Razor Freestyle Scooter,$5.48,$8.14
GameBoy Color,San Francisco Rush 2049,$6.71,$23.39
GameBoy Color,Shamus,$10.00,$19.95
GameBoy Color,Spy vs. Spy,$16.76,$53.55
GameBoy Color,The Mummy,$15.44,$39.99
GameBoy Color,Toonsylvania,$12.70,$34.86
GameBoy Color,Vigilante 8,$19.98,$119.99
GameBoy Color,Who Wants To Be A Millionaire 2nd Edition,$4.99,$13.47
GameBoy Color,Xena Warrior Princess,$49.99,$125.00
GameBoy Color,Action Man,$14.55,$25.00
GameBoy Color,Army Men Air Combat,$10.25,$22.99
GameBoy Color,Atlantis The Lost Empire,$7.95,$32.30
GameBoy Color,Austin Powers Oh Behave,$15.00,$35.00
GameBoy Color,Babe and Friends,$6.01,$19.81
GameBoy Color,Baby T-Rex,,
GameBoy Color,Ballistic,$9.21,$16.00
GameBoy Color,Barbie Magic Genie Adventure,$6.05,$13.30
GameBoy Color,Bomberman Max Blue Champion,$21.44,$86.02
GameBoy Color,Catwoman,$15.82,$75.00
GameBoy Color,Centipede,$9.65,$23.00
GameBoy Color,Chase HQ Secret Police,$11.49,$73.75
GameBoy Color,Chicken Run,$9.07,$42.02
GameBoy Color,Croc,$9.99,$64.74
GameBoy Color,Donald Duck Going Quackers,$12.32,$42.66
GameBoy Color,ESPN International Track and Field,$7.47,$8.68
GameBoy Color,Emperor's New Groove,$10.26,$37.31
GameBoy Color,Evel Knievel,$15.82,$108.01
GameBoy Color,Galaga Destination Earth,$30.73,$76.81
GameBoy Color,International Superstar Soccer 2000,$17.11,$33.74
GameBoy Color,LEGO Racers,$9.64,$24.98
GameBoy Color,Las Vegas Cool Hand,$5.01,$12.29
GameBoy Color,Logical,$10.13,$29.74
GameBoy Color,Looney Tunes,$13.87,$58.79
GameBoy Color,Looney Tunes Marvin Strikes Back,$11.93,$62.17
GameBoy Color,Looney Tunes Racing,$11.58,$42.50
GameBoy Color,Mary-Kate and Ashley Get a Clue,$4.02,$12.59
GameBoy Color,Men in Black the Series 2,$5.53,$29.95
GameBoy Color,Monster Brain Editor for Pokemon Gold & Silver,,
GameBoy Color,Mr. Driller,$75.45,$137.66
GameBoy Color,NFL Blitz,$9.90,$21.26
GameBoy Color,No Fear Downhill Mountain Bike Racing,$109.82,$109.82
GameBoy Color,Pokemon Crystal Clear [Homebrew],$68.36,
GameBoy Color,Pooh and Tigger's Hunny Safari,$8.48,$22.36
GameBoy Color,Quest Fantasy Challenge,$14.03,$50.48
GameBoy Color,Rainbow Six,$8.52,$21.09
GameBoy Color,Road Rash,$18.99,$64.95
GameBoy Color,Shanghai Pocket,$6.88,$21.99
GameBoy Color,Snoopy Tennis,$19.99,$53.23
GameBoy Color,Space Invaders,$16.50,$44.79
GameBoy Color,Tech Deck Skateboarding,$8.79,$29.95
GameBoy Color,The Adventures of Elmo in Grouchland,$5.20,$14.33
GameBoy Color,The Rugrats Movie,$8.37,$27.17
GameBoy Color,Tonka Raceway,$5.00,$24.23
GameBoy Color,Top Gear Pocket 2,$31.03,$116.18
GameBoy Color,Tweety's High-Flying Adventure,$10.35,$65.00
GameBoy Color,Uno,$7.50,$19.57
GameBoy Color,VIP,$13.95,$14.95
GameBoy Color,Gex 3: Deep Cover Gecko,$9.93,$30.00
GameBoy Color,Indiana Jones Infernal Machine,$36.50,$131.25
GameBoy Color,Modretro Chromatic [Inferno],,
GameBoy Color,Mega Man World DX,$56.82,$156.24
GameBoy Color,AirForce Delta,$14.95,$143.67
GameBoy Color,Arthur's Absolutely Fun Day,$9.96,$52.95
GameBoy Color,Battletanx,$11.99,$36.00
GameBoy Color,Blue's Clues Blue's Alphabet Book,$7.40,$19.16
GameBoy Color,Boarder Zone,$6.25,$17.45
GameBoy Color,Caesar's Palace 2,$5.86,$14.98
GameBoy Color,Catz,$9.25,$18.52
GameBoy Color,Diva Starz Mall Mania,$6.31,$20.50
GameBoy Color,Dogz,$6.50,$20.59
GameBoy Color,ET the Extra Terrestrial and the Cosmic Garden,$9.35,$29.81
GameBoy Color,ET the Extra Terrestrial: Digital Companion,$7.98,$13.61
GameBoy Color,Godzilla Monster Wars,$14.99,$97.50
GameBoy Color,Inspector Gadget,$20.27,$103.49
GameBoy Color,International Rally,$13.79,$214.97
GameBoy Color,Kelly Club,$9.00,$41.09
GameBoy Color,Mary-Kate and Ashley Pocket Planner,$8.76,$17.48
GameBoy Color,Millennium Winter Sports,$4.99,$15.00
GameBoy Color,NASCAR Racers,$9.00,$26.39
GameBoy Color,NBA In The Zone 2000,$10.99,$67.31
GameBoy Color,NBA Showtime,$9.50,$35.08
GameBoy Color,NFL Blitz 2001,$10.12,$31.79
GameBoy Color,Pitfall Beyond the Jungle,$13.97,$34.99
GameBoy Color,Puzzled,$12.99,$44.65
GameBoy Color,Rescue Heroes Fire Frenzy,$5.54,$19.90
GameBoy Color,Roadsters,$7.49,$9.10
GameBoy Color,Rocky Mountain Trophy Hunter,$6.93,$19.88
GameBoy Color,Roswell Conspiracies Aliens Myths Legends,$15.38,$40.00
GameBoy Color,Sesame Street Elmo's 123s,$5.95,$19.65
GameBoy Color,Sesame Street Elmo's ABCs,$7.06,$19.99
GameBoy Color,Test Drive 6,$9.27,$20.08
GameBoy Color,Test Drive Off-Road 3,$15.18,$33.81
GameBoy Color,Tom and Jerry Mouse Attacks,$9.27,$52.19
GameBoy Color,Top Gun Firestorm,$17.50,$49.99
GameBoy Color,Ultimate Paintball,$6.62,$27.00
GameBoy Color,Ultimate Surfing,$11.26,$82.49
GameBoy Color,Walt Disney World Quest: Magical Racing Tour,$6.88,$19.99
GameBoy Color,Wild Thornberry's Rambler,$6.28,$23.36
GameBoy Color,Woody Woodpecker Racing,$8.80,$60.63
GameBoy Color,10 Pin Bowling,$15.11,$43.10
GameBoy Color,All-Star Baseball 2001,$6.27,$11.83
GameBoy Color,Antz Racing,$8.50,$35.00
GameBoy Color,Arcade Hits: Joust and Defender,$11.53,$22.50
GameBoy Color,Arcade Hits: Moon Patrol and Spy Hunter,$14.99,$29.74
GameBoy Color,Armada FX Racers,$8.94,$28.76
GameBoy Color,Atari 90's Rewind Collection [Modretro],,
GameBoy Color,Barbie Fashion Pack,$7.21,$15.25
GameBoy Color,Barbie Pet Rescue,$5.97,$13.27
GameBoy Color,Battleship,$9.99,$16.99
GameBoy Color,Batty Zabella [Homebrew],,
GameBoy Color,Best of Entertainment Pack,$46.31,$101.99
GameBoy Color,Billy Bobs Huntin-n-Fishin,$8.49,$24.99
GameBoy Color,Blades of Steel,$18.60,$42.45
GameBoy Color,Bob the Builder Fix it Fun,$4.99,$18.99
GameBoy Color,Bub-O Escape,$50.00,$58.25
GameBoy Color,Bust-A-Move Millennium,$13.99,$30.00
GameBoy Color,Cannon Fodder,$40.47,$121.11
GameBoy Color,Casper,$15.59,$72.38
GameBoy Color,Championship Motocross 2001,$8.68,$50.00
GameBoy Color,Chantey,$12.12,$33.49
GameBoy Color,Chessmaster,$10.67,$28.61
GameBoy Color,Croc [25th Anniversary Edition],$11.53,$29.99
GameBoy Color,CyberTiger,$7.24,$27.54
GameBoy Color,Deer Hunter,$7.99,$22.49
GameBoy Color,Donkey Kong Country [Not For Resale],,
GameBoy Color,Dragon Dance,$18.32,$54.90
GameBoy Color,Dragon Tales Dragon Adventures,$6.43,$22.21
GameBoy Color,Dragon Tales Dragon Wings,$7.96,$24.00
GameBoy Color,ECW Hardcore Revolution,$8.18,$42.50
GameBoy Color,ESPN National Hockey Night,$10.18,$22.71
GameBoy Color,Ecli,,
GameBoy Color,Extreme Sports with the Berenstain Bears,$6.83,$34.64
GameBoy Color,F-18 Thunder Strike,$9.03,$20.27
GameBoy Color,F.C.P.: First Contact Protocol,$31.74,
GameBoy Color,F1 World Grand Prix II,$22.50,$50.00
GameBoy Color,FIFA 2000,$17.33,$59.73
GameBoy Color,Force 21,$8.00,$27.50
GameBoy Color,Formula One 2000,$14.27,$96.47
GameBoy Color,Game Tote,$8.99,$23.37
GameBoy Color,Gameboy Color AC Adapter,,
GameBoy Color,Gas Station Story,,
GameBoy Color,Gobs of Games,$9.91,$25.00
GameBoy Color,Gravitorque DX,,
GameBoy Color,Gumball In Trick-Or-Treat Land [Homebrew],,
GameBoy Color,Hamtaro Ham-Hams Unite! [Not For Resale],$173.36,
GameBoy Color,Hands of Time,$34.07,$78.35
GameBoy Color,Harley Davidson Race Across America,$22.57,$29.27
GameBoy Color,Harry Potter to Kenja no Ishi,,
GameBoy Color,Hermano,$35.00,$42.49
GameBoy Color,Hole in One Golf,$16.54,$57.23
GameBoy Color,Hoyle Card Games,$9.99,$19.00
GameBoy Color,Hoyle Casino,$9.99,$16.40
GameBoy Color,Hunter X Hunter: Hunter no Keifu,,
GameBoy Color,Hunter x Hunter: Kindan no Hihou,$29.99,$77.97
GameBoy Color,Infinitron 2016,,
GameBoy Color,Inspector Waffles: Early Days,,
GameBoy Color,InterAct Link Cable Colors,,
GameBoy Color,International Track & Field,$5.83,$13.33
GameBoy Color,Jeremy McGrath SuperCross 2000,$4.81,$18.25
GameBoy Color,Jim Henson's Bear in the Big Blue House,$13.01,$19.28
GameBoy Color,Jim Henson's Muppets,$7.99,$23.50
GameBoy Color,JumpStart Dino Adventure Field Trip,$5.01,$14.08
GameBoy Color,Klax,$9.52,$26.00
GameBoy Color,Klustar,$6.40,$13.01
GameBoy Color,LEGO Stunt Rally,$8.28,$25.34
GameBoy Color,Ladyhawke: Time Flies,,
GameBoy Color,M&M's Mini Madness,$6.83,$24.83
GameBoy Color,Madden 2000,$6.65,$17.33
GameBoy Color,Madden 2001,$7.19,$10.50
GameBoy Color,Magic & Legend Time Knights [Homebrew],,
GameBoy Color,Mario Tennis [Not for Resale],$21.54,
GameBoy Color,Mary-Kate and Ashley Crush Course,$6.05,$7.35
GameBoy Color,Mary-Kate and Ashley Winner's Circle,$7.11,$13.33
GameBoy Color,Matchbox Caterpillar Construction Zone,$8.34,$25.00
GameBoy Color,Matchbox Emergency Patrol,$6.47,$17.98
GameBoy Color,Mega Man World DX Collextion,,
GameBoy Color,Mia Hamm Soccer Shootout,$4.14,$23.77
GameBoy Color,Micro Machines I and 2 Twin Turbo,$13.86,$59.99
GameBoy Color,Micro Machines V3,$10.50,$50.00
GameBoy Color,Microsoft 6 in 1 Puzzle Collection,$15.13,$21.85
GameBoy Color,Missile Command,$10.47,$28.99
GameBoy Color,Modretro Chromatic [Wave],,
GameBoy Color,Monopoly,$9.50,$24.98
GameBoy Color,NASCAR 2000,$10.10,$27.50
GameBoy Color,NASCAR Challenge,$9.99,$28.96
GameBoy Color,NASCAR Heat,$7.60,$21.92
GameBoy Color,NBA Hoopz,$10.68,$36.99
GameBoy Color,NBA Jam 2001,$13.10,$24.99
GameBoy Color,NBA Jam 99,$9.21,$27.80
GameBoy Color,Nicktoons Racing,$8.46,$15.34
GameBoy Color,Nintendo Gameboy Color Pouch,,
GameBoy Color,Nintendo Gameboy Color Travel Bag,$17.85,$46.41
GameBoy Color,Nushi Tsuri Adventure: Kite no Bouken,,
GameBoy Color,Nyghtmare The Ninth King,,
GameBoy Color,Nyko Power Pak,$29.99,$77.97
GameBoy Color,Original Shell Protector,,
GameBoy Color,Planet of the Apes,$8.93,$22.07
GameBoy Color,Playmobil Hype,$24.27,$59.00
GameBoy Color,Playmobil Laura,$14.05,$39.15
GameBoy Color,Pocket Bowling,$10.00,$34.00
GameBoy Color,Pocket Music,$10.91,$30.00
GameBoy Color,Pokemon Trading Card Game 2 [Homebrew],$25.00,
GameBoy Color,Powa [Homebrew],,
GameBoy Color,Powa! [Limited Edition Homebrew],,
GameBoy Color,Power Rangers Time Force,$9.97,$20.50
GameBoy Color,Power Spike Pro Beach Volleyball,$5.10,$12.95
GameBoy Color,Pro Darts,$6.03,$16.97
GameBoy Color,Pro Pool,$6.99,$21.90
GameBoy Color,Project S-11 [Modretro],,$34.65
GameBoy Color,Pure Ride,$5.08,$10.23
GameBoy Color,Puzzle Master,$24.48,$197.46
GameBoy Color,Q*bert,$23.40,$51.54
GameBoy Color,Rayman [ModRetro Classics Collection],,
GameBoy Color,Repugnant Bounty,$90.84,
GameBoy Color,Return of the Ninja [Limited Run Collector's Edition],$97.38,$119.77
GameBoy Color,Return of the Ninja [Limited Run],$74.99,$76.25
GameBoy Color,Ronaldo V-Soccer,$10.24,$57.00
GameBoy Color,Rox,$15.28,$29.95
GameBoy Color,Rugrats Totally Angelica,$6.36,$16.76
GameBoy Color,Sabrina The Animated Series: ZAPPED,,
GameBoy Color,Self Simulated,$29.00,
GameBoy Color,Sesame Street Sports,$10.44,$19.99
GameBoy Color,Sgt. Rock On the Frontline,$44.99,$217.50
GameBoy Color,Shantae And The Seven Sirens [Retro Pax Exclusive],$13.81,$37.98
GameBoy Color,Shantae: 1/2 Genie Hero [PAX Exclusive],,
GameBoy Color,Super Breakout,$8.49,$14.99
GameBoy Color,TJ Lavin's Ultimate BMX,$4.36,$9.99
GameBoy Color,TOCA Touring Car Championship,$10.42,$38.80
GameBoy Color,Test Drive 2001,$12.10,$36.13
GameBoy Color,Test Drive Cycles,$6.00,$19.99
GameBoy Color,Test Drive Le Mans,$15.00,$24.99
GameBoy Color,Tetris DX [Not For Resale],$99.99,
GameBoy Color,The Mayor Of Sanctuary,$45.00,$89.26
GameBoy Color,Tiger Woods 2000,$6.56,$18.13
GameBoy Color,Toki Tori [Limited Run],$37.95,$46.49
GameBoy Color,Toki Tori [Ultimate Edition],$30.69,$39.95
GameBoy Color,Tom and Jerry Mouse Hunt,$15.00,$29.99
GameBoy Color,Toobin',$10.18,$10.21
GameBoy Color,Trick Boarder,$6.51,$78.08
GameBoy Color,Triple Play 2001,$7.97,$18.45
GameBoy Color,Ultimate Fighting Championship,$10.58,$30.00
GameBoy Color,Vegas Games,$6.34,$18.55
GameBoy Color,WCW Mayhem,$9.99,$23.75
GameBoy Color,WDL Thunder Tanks,$7.25,$17.51
GameBoy Color,Wario Land 3 [Not for Resale],$53.85,
GameBoy Color,Wicked Plague,$26.99,$38.99
GameBoy Color,Worms Armageddon [Collector's Edition],$72.99,
GameBoy Color,Xtreme Sports [Limited Run],$64.99,
GameBoy Color,Xtreme Wheels,$10.00,$26.26
GameBoy Color,Yogi Bear Great Balloon Blast,$12.07,$29.10
GameBoy Color,Zoboomafoo Playtime in Zobooland,$19.95,$41.21
GameBoy Color,Tyrannosaurus Tex,,$65.60
GameBoy Color,Madcatz Car Adapter,,
GameBoy Color,Pokettohiro,,
GameBoy Color,Doc Cosmos [Homebrew],$49.00,
GameBoy Color,Fix My Heart,,
GameBoy Color,Zephyr's Pass,$37.95,$39.95
GameBoy Color,Woody Woodpecker,$13.06,$58.13
GameBoy Color,Dream Shark - Part 1,,
GameBoy Color,Pine Creek,$39.99,$90.00
GameBoy Color,Pine Creek [Collector's Edition],$317.97,
GameBoy Color,The Year After [Collector's Edition],$84.99,
GameBoy Color,D*Fuzed,,
GameBoy Color,The Machine [Collector's Edition],$87.50,
GameBoy Color,Wing Warriors,$49.99,
GameBoy Color,Puyo Puyo Gaiden: Puyo Wars,,
GameBoy Color,Mad Catz Gameboy Color Battery Ac Adapter,,
GameBoy Color,Mega Man World DX 5,,
GameBoy Color,Mega Man World DX 3,,
GameBoy Color,Mega Man World DX 2,,
GameBoy Color,Mega Man World DX 4,,
GameBoy Color,In The Dark 2,$25.00,$34.99
GameBoy Color,Patchy Matchy Puzzle Surfing,,
GameBoy Color,Tales Of Monster Land DX,,
GameBoy Color,Mad Catz Gameboy Light,$8.00,$20.80
GameBoy Color,Chunkout,,
GameBoy Color,Blob Light,$24.06,
GameBoy Color,Power Rumble Fx,,
GameBoy Color,Gameboy Pocket AC Adapter,,
GameBoy Color,Codebreaker,$24.95,$64.87
GameBoy Color,Super JetPak DX,$29.99,$49.00
GameBoy Color,HandyPak 2,$17.05,$46.88
GameBoy Color,InterAct  PulsePak Color,$7.64,$21.02
GameBoy Color,HandyPak Color,$23.04,
GameBoy Advance,Pokemon Emerald,$249.50,$617.87
GameBoy Advance,Pokemon FireRed,$146.18,$367.43
GameBoy Advance,Pokemon Ruby,$122.71,$375.00
GameBoy Advance,Pokemon LeafGreen Version,$132.39,$391.35
GameBoy Advance,Pokemon Sapphire,$104.31,$295.63
GameBoy Advance,Zelda Minish Cap,$89.49,$203.05
GameBoy Advance,Zelda Link to the Past,$27.74,$78.00
GameBoy Advance,Black Gameboy Advance SP,$117.72,$181.25
GameBoy Advance,Metroid Fusion,$40.05,$146.22
GameBoy Advance,Glacier Gameboy Advance System,$74.33,$167.35
GameBoy Advance,Cobalt Gameboy Advance SP,$99.48,$230.61
GameBoy Advance,Super Mario Advance 4: Super Mario Bros. 3,$18.98,$57.05
GameBoy Advance,Pokemon Emerald [Plays On DS],"$1,397.73","$3,075.00"
GameBoy Advance,Mario Kart Super Circuit,$19.40,$64.02
GameBoy Advance,Metroid Zero Mission,$62.76,$198.87
GameBoy Advance,Super Mario World: Super Mario Advance 2,$20.13,$62.33
GameBoy Advance,Super Mario Advance,$14.90,$49.00
GameBoy Advance,Golden Sun,$34.92,$104.25
GameBoy Advance,Pokemon Mystery Dungeon Red Rescue Team,$34.44,$138.77
GameBoy Advance,Red Gameboy Advance SP,$103.94,$165.15
GameBoy Advance,Mario and Luigi Superstar Saga,$25.27,$75.14
GameBoy Advance,Pokemon Pinball Ruby and Sapphire,$65.62,$289.99
GameBoy Advance,Platinum Gameboy Advance SP,$94.78,$180.00
GameBoy Advance,Graphite Gameboy Advance SP [AGS-101],$155.33,$358.45
GameBoy Advance,Yoshi's Island: Super Mario Advance 3,$17.37,$64.17
GameBoy Advance,Fire Emblem,$65.00,$177.50
GameBoy Advance,NES Gameboy Advance SP,$141.22,$450.99
GameBoy Advance,Final Fantasy Tactics Advance,$26.86,$80.06
GameBoy Advance,Indigo Gameboy Advance System,$83.17,$207.59
GameBoy Advance,GBA Micro,$188.08,$327.54
GameBoy Advance,Kirby Nightmare in Dreamland,$27.80,$100.45
GameBoy Advance,Castlevania Aria of Sorrow,$101.39,$197.00
GameBoy Advance,Pikachu Gameboy Advance SP,$190.56,"$1,946.64"
GameBoy Advance,Castlevania Circle of the Moon,$25.37,$58.37
GameBoy Advance,GBA Micro [20th Anniversary Edition],$219.97,$599.99
GameBoy Advance,Pokemon FireRed [Player's Choice],$147.59,$326.29
GameBoy Advance,Wario Land 4,$34.99,$135.43
GameBoy Advance,Fire Emblem Sacred Stones,$52.22,$152.36
GameBoy Advance,Pearl Blue GameBoy Advance SP [AGS-101],$119.37,$275.00
GameBoy Advance,Dragon Ball Z Legacy of Goku,$13.54,$65.06
GameBoy Advance,Kingdom Hearts Chain of Memories,$19.97,$83.26
GameBoy Advance,Donkey Kong Country,$19.45,$67.49
GameBoy Advance,Final Fantasy I & II Dawn of Souls,$21.23,$42.55
GameBoy Advance,Final Fantasy VI Advance,$75.65,$126.44
GameBoy Advance,Golden Sun The Lost Age,$35.00,$103.67
GameBoy Advance,Dragon Ball Z Legacy of Goku II,$25.25,$109.34
GameBoy Advance,Gameboy Advance SP [Groudon Edition],"$2,077.42","$4,500.00"
GameBoy Advance,Pokemon LeafGreen Version [Player's Choice],$139.99,$326.95
GameBoy Advance,Dragon Ball Advanced Adventure,$93.55,$427.45
GameBoy Advance,Kirby and the Amazing Mirror,$37.37,$139.36
GameBoy Advance,Wario Ware Twisted,$70.00,$156.33
GameBoy Advance,Advance Wars,$35.68,$101.25
GameBoy Advance,Final Fantasy IV Advance,$24.91,$65.00
GameBoy Advance,Zelda Edition Gameboy Advance SP,$227.32,$500.00
GameBoy Advance,Pearl Pink Gameboy Advance SP [AGS-101],$124.99,$238.41
GameBoy Advance,Zelda [Classic NES Series],$31.50,$89.00
GameBoy Advance,SpongeBob SquarePants Gameboy Advance SP,$158.46,$737.01
GameBoy Advance,Pokemon Center New York System,$124.00,"$1,931.32"
GameBoy Advance,White Gameboy Advance System,$80.00,$132.50
GameBoy Advance,Sonic Advance,$24.04,$71.63
GameBoy Advance,Yu-Gi-Oh Eternal Duelist Soul,$10.36,$49.99
GameBoy Advance,Zelda II The Adventure of Link [Classic NES Series],$24.32,$76.00
GameBoy Advance,The Simpsons Road Rage,$14.36,$40.00
GameBoy Advance,Drill Dozer,$98.50,$175.25
GameBoy Advance,Eon Ticket,$390.91,
GameBoy Advance,Dragon Ball Z Buu's Fury,$30.00,$229.36
GameBoy Advance,Final Fantasy V Advance,$29.52,$86.71
GameBoy Advance,Sonic Advance 3,$20.00,$86.01
GameBoy Advance,Gameboy Advance Fuchsia Pink,$62.00,$71.49
GameBoy Advance,Mario vs. Donkey Kong,$16.20,$58.25
GameBoy Advance,E-Reader,$63.35,$69.99
GameBoy Advance,Yoshi Topsy Turvy,$25.49,$81.79
GameBoy Advance,Pac-Man Collection,$7.92,$13.71
GameBoy Advance,Sonic Advance 2,$24.49,$102.37
GameBoy Advance,Namco Museum,$6.57,$14.84
GameBoy Advance,Castlevania Double Pack,$61.25,$149.28
GameBoy Advance,Super Mario Bros [Classic NES Series],$26.59,$66.86
GameBoy Advance,Ninja Five O,$306.77,$792.50
GameBoy Advance,Crash Bandicoot the Huge Adventure,$12.31,$42.62
GameBoy Advance,Sonic Battle,$45.00,$172.86
GameBoy Advance,Wario Ware Mega Microgames,$27.63,$87.82
GameBoy Advance,Castlevania Harmony of Dissonance,$41.08,$121.98
GameBoy Advance,Metal Slug Advance,$85.62,$225.50
GameBoy Advance,Hamtaro Ham Ham Heartbreak,$66.72,$119.95
GameBoy Advance,Sword of Mana,$27.28,$68.11
GameBoy Advance,Advance Wars 2,$23.25,$61.38
GameBoy Advance,Froggers Adventures Temple of Frog,$6.03,$12.50
GameBoy Advance,Tales of Phantasia,$34.45,$73.92
GameBoy Advance,Donkey Kong Country 2,$21.90,$70.00
GameBoy Advance,Pokemon LeafGreen Version [Not for Resale],$833.30,
GameBoy Advance,Yu-Gi-Oh Sacred Cards,$10.00,$49.99
GameBoy Advance,Midnight Blue GameBoy Advance System [Toys R Us Edition],$106.99,$565.33
GameBoy Advance,GBA Micro Silver,$202.92,$260.00
GameBoy Advance,Animal Crossing Series 4 E-Reader,$99.99,
GameBoy Advance,Lime and Orange Gameboy Advance SP,$127.76,$749.97
GameBoy Advance,Donkey Kong Country 3,$18.09,$79.00
GameBoy Advance,Metroid [Classic NES Series],$25.15,$85.37
GameBoy Advance,Mario Party Advance,$18.13,$109.33
GameBoy Advance,Harvest Moon Friends Mineral Town,$29.54,$80.00
GameBoy Advance,Boktai The Sun in Your Hands,$124.99,$230.05
GameBoy Advance,F-Zero Maximum Velocity,$20.00,$42.06
GameBoy Advance,Spyro Season of Ice,$6.61,$27.93
GameBoy Advance,Mega Man and Bass,$27.60,$97.37
GameBoy Advance,Tactics Ogre: The Knight of Lodis,$53.99,$154.65
GameBoy Advance,GBA Micro Black,$179.95,$555.00
GameBoy Advance,Dragon Ball Z Taiketsu,$7.22,$37.89
GameBoy Advance,Grand Theft Auto Advance,$43.37,$218.67
GameBoy Advance,Spyro 2 Season of Flame,$9.08,$35.00
GameBoy Advance,Codebreaker,$39.99,$78.00
GameBoy Advance,Mega Man Zero,$27.42,$107.48
GameBoy Advance,Yu-Gi-Oh World Wide Edition,$10.73,$47.00
GameBoy Advance,Mario Golf Advance Tour,$32.50,$69.99
GameBoy Advance,One Piece,$117.51,$449.00
GameBoy Advance,Mega Man Battle Network,$39.88,$101.49
GameBoy Advance,Dragon Ball Z Supersonic Warriors,$16.49,$90.00
GameBoy Advance,Mario Tennis Power Tour,$29.44,$58.43
GameBoy Advance,Gunstar Super Heroes,$35.00,$73.07
GameBoy Advance,Mega Man Battle Network 3 Blue,$15.00,$67.88
GameBoy Advance,Mario Pinball Land,$15.79,$62.75
GameBoy Advance,Tetris Worlds,$15.37,$24.84
GameBoy Advance,Zelda Link to the Past [Player's Choice],$42.52,$79.94
GameBoy Advance,Ozzy and Drix,$20.23,$183.21
GameBoy Advance,Ultimate Winter Games,$15.25,$22.38
GameBoy Advance,F-Zero GP Legend,$34.50,$50.00
GameBoy Advance,Pokemon Emerald [Case Bundle],$646.52,"$1,424.32"
GameBoy Advance,Sonic The Hedgehog Genesis,$16.15,$58.85
GameBoy Advance,Tony Hawk 2,$10.32,$26.61
GameBoy Advance,Platinum Gameboy Advance System,$43.55,$129.97
GameBoy Advance,Tribal Gameboy Advance SP,$85.43,$187.95
GameBoy Advance,Castlevania [Classic NES Series],$27.76,$73.97
GameBoy Advance,Banjo Kazooie Grunty's Revenge,$24.95,$87.50
GameBoy Advance,Harry Potter Chamber of Secrets,$8.54,$20.00
GameBoy Advance,Super Monkey Ball Jr.,$10.97,$34.04
GameBoy Advance,Red Target Gameboy Advance System,$109.49,"$1,162.74"
GameBoy Advance,Pokemon Emerald [Not for Resale],$614.89,
GameBoy Advance,Medabots: Metabee,$90.00,$259.99
GameBoy Advance,Shining Force: Resurrection of the Dark Dragon,$55.00,$133.13
GameBoy Advance,Tiny Toon Adventures: Scary Dreams,$135.11,$280.00
GameBoy Advance,Dragon Ball GT Transformation,$15.25,$85.00
GameBoy Advance,Pokemon FireRed [Not for Resale],$750.00,
GameBoy Advance,Breath of Fire,$27.97,$131.06
GameBoy Advance,Gameboy Advance Wireless Adapter,$30.00,
GameBoy Advance,Spiderman,$9.02,$31.29
GameBoy Advance,Spiderman 2,$9.40,$30.51
GameBoy Advance,Godzilla Domination,$34.05,$95.00
GameBoy Advance,Mega Man Battle Network 3 White,$14.75,$59.00
GameBoy Advance,Pirates of the Caribbean,$4.99,$12.93
GameBoy Advance,Lunar Legend,$34.21,$95.00
GameBoy Advance,Doom,$22.24,$127.93
GameBoy Advance,Grim Adventures of Billy & Mandy,$13.45,$22.97
GameBoy Advance,Mega Man Battle Network 4 Blue Moon,$14.47,$69.95
GameBoy Advance,Yu-Gi-Oh World Championship Tournament 2004,$10.97,$39.60
GameBoy Advance,Game and Watch Gallery 4,$12.99,$50.29
GameBoy Advance,Action Replay,$107.95,$229.95
GameBoy Advance,Harry Potter Sorcerers Stone,$7.92,$28.72
GameBoy Advance,Pokemon Aura Mew Distribution,,
GameBoy Advance,Super Mario Advance 4 Series 2 E-Reader,,
GameBoy Advance,Dragon Ball Z Collectible Card Game,$11.99,$69.99
GameBoy Advance,Dragon Ball Z The Legacy of Goku I & II,$47.39,$156.55
GameBoy Advance,Black Gameboy Advance System,$57.72,$313.00
GameBoy Advance,Crash Bandicoot Purple,$12.27,$29.05
GameBoy Advance,Dr. Mario [Classic NES Series],$15.97,$31.18
GameBoy Advance,Nightmare Before Christmas: The Pumpkin King,$35.00,$108.58
GameBoy Advance,Star Wars Episode III Revenge of the Sith,$15.10,$35.97
GameBoy Advance,Boktai 2 Solar Boy Django,$163.60,$281.07
GameBoy Advance,Crash Bandicoot 2 N-tranced,$12.00,$44.78
GameBoy Advance,Pearl Blue Gameboy Advance SP,$88.29,$239.53
GameBoy Advance,Teenage Mutant Ninja Turtles,$16.02,$71.48
GameBoy Advance,Klonoa Empire of Dreams,$40.07,$125.09
GameBoy Advance,Mega Man Battle Network 5 Team Protoman,$18.98,$63.80
GameBoy Advance,Astro Boy Omega Factor,$66.66,$134.36
GameBoy Advance,DemiKids Dark Version,$139.99,$501.54
GameBoy Advance,Famicom Gameboy Advance SP,$140.00,$217.50
GameBoy Advance,Breath of Fire II,$30.17,$99.55
GameBoy Advance,Donkey Kong Classic NES Series,$16.26,$58.39
GameBoy Advance,Lord of the Rings Return of the King,$25.00,$49.50
GameBoy Advance,SpongeBob SquarePants The Movie,$9.07,$26.48
GameBoy Advance,Yu-Gi-Oh Dungeon Dice Monsters,$13.99,$50.49
GameBoy Advance,Car Battler Joe,$175.00,$450.00
GameBoy Advance,Harvest Moon More Friends of Mineral Town,$29.03,$95.34
GameBoy Advance,Lord of the Rings Fellowship of the Ring,$9.88,$29.48
GameBoy Advance,Super Street Fighter II,$23.93,$93.09
GameBoy Advance,Final Fight One,$25.40,$76.33
GameBoy Advance,Gameshark,$108.22,$167.91
GameBoy Advance,Mega Man Battle Network 2,$24.99,$112.79
GameBoy Advance,Lufia Ruins of Lore,$51.25,$189.13
GameBoy Advance,Jet Grind Radio,$102.92,$249.95
GameBoy Advance,Mega Man Zero 3,$33.56,$100.82
GameBoy Advance,Finding Nemo,$5.36,$13.09
GameBoy Advance,Sigma Star Saga,$34.36,$62.97
GameBoy Advance,Activision Anthology,$22.99,$45.50
GameBoy Advance,Mega Man Battle Network 4 Red Sun,$15.26,$85.00
GameBoy Advance,Mega Man Zero 4,$27.01,$82.35
GameBoy Advance,TMNT,$31.38,$70.00
GameBoy Advance,Bomberman Tournament,$15.00,$39.94
GameBoy Advance,Gold GameBoy Advance SP [Super Mario Advance 4 Bundle],$386.34,$849.95
GameBoy Advance,Lady Sia,$30.74,$104.74
GameBoy Advance,Phantasy Star Collection,$30.81,$77.54
GameBoy Advance,Pokemon Sapphire [Not for Resale],$999.00,
GameBoy Advance,Rayman Advance,$10.00,$43.00
GameBoy Advance,Gameboy Advance Game Link Cable,$24.20,$46.62
GameBoy Advance,Star Wars Flight of Falcon,$7.00,$20.62
GameBoy Advance,DK King of Swing,$19.80,$75.28
GameBoy Advance,Lord of the Rings Two Towers,$12.99,$38.25
GameBoy Advance,Spyro Attack of the Rhynocs,$14.49,$50.95
GameBoy Advance,Zoids Legacy,$67.61,$165.89
GameBoy Advance,Konami Collector's Series Arcade Advanced,$6.50,$14.98
GameBoy Advance,Pocky and Rocky With Becky,$140.00,$783.75
GameBoy Advance,SpongeBob SquarePants Battle for Bikini Bottom,$7.68,$29.99
GameBoy Advance,Summon Night Swordcraft Story,$129.98,$179.95
GameBoy Advance,Tekken Advance,$18.20,$53.84
GameBoy Advance,The Incredible Hulk,$5.99,$32.13
GameBoy Advance,Visteon Gameboy Advance Console,$675.00,"$1,675.00"
GameBoy Advance,GBA Video Pokemon Johto Photo Finish and Playing with Fire,$16.76,$72.49
GameBoy Advance,Mega Man Battle Network 5 Team Colonel,$14.90,$81.56
GameBoy Advance,Yu-Gi-Oh Ultimate Masters,$26.52,$59.38
GameBoy Advance,Crash and Spyro Superpack: Purple & Orange,$11.01,$27.45
GameBoy Advance,Shantae Advance: Risky Revolution,$69.77,$82.18
GameBoy Advance,Mega Man Zero 2,$22.00,$102.50
GameBoy Advance,Shaman King Master of Spirits,$16.25,$54.99
GameBoy Advance,Shining Soul,$68.99,$149.99
GameBoy Advance,LEGO Star Wars,$9.06,$27.00
GameBoy Advance,Lilo and Stitch,$13.37,$36.06
GameBoy Advance,King of Fighters EX2 Howling Blood,$79.95,$184.47
GameBoy Advance,Spiderman Mysterio's Menace,$19.72,$72.47
GameBoy Advance,Street Fighter Alpha 3,$27.43,$105.84
GameBoy Advance,The Sims Bustin Out,$19.81,$31.28
GameBoy Advance,Capcom Classics Mini Mix,$12.99,$29.11
GameBoy Advance,Disney Channel Gameboy Advance SP,$800.00,"$1,760.00"
GameBoy Advance,Klonoa 2 Dream Champ Tournament,$47.54,$147.48
GameBoy Advance,Yu-Gi-Oh Reshef of Destruction,$14.95,$71.63
GameBoy Advance,Naruto Ninja Council,$13.88,$49.99
GameBoy Advance,Chronicles of Narnia Lion Witch and the Wardrobe,$7.61,$12.47
GameBoy Advance,DemiKids Light Version,$95.00,$434.88
GameBoy Advance,Double Dragon Advance,$40.72,$209.49
GameBoy Advance,Midnight Club Street Racing,$7.99,$11.16
GameBoy Advance,Risk / Battleship / Clue,$6.06,$6.31
GameBoy Advance,Shrek 2,$6.96,$15.49
GameBoy Advance,Air Hockey E-Reader,$0.99,$2.18
GameBoy Advance,Bomberman [Classic NES Series],$15.00,$39.59
GameBoy Advance,LEGO Star Wars II Original Trilogy,$7.71,$23.70
GameBoy Advance,Moto Racer Advance,$151.64,$614.95
GameBoy Advance,Pinobee Wings of Adventure,$9.44,$24.35
GameBoy Advance,Star X,$14.00,$30.25
GameBoy Advance,Gameboy advance sp onyx,$105.85,$118.63
GameBoy Advance,Board Game Classics,$5.45,$11.99
GameBoy Advance,Lime Green Gameboy Advance SP,$108.11,$423.37
GameBoy Advance,Cartoon Network Speedway,$5.99,$17.97
GameBoy Advance,Teenage Mutant Ninja Turtles 2 Battle Nexus,$15.00,$82.00
GameBoy Advance,Yu-Gi-Oh 7 Trials to Glory,$12.77,$59.75
GameBoy Advance,GBA Video Pokemon For Ho-Oh The Bells Toll and A Hot Water Battle,$14.13,$72.49
GameBoy Advance,GBA Video Pokemon I Choose You and Here Comes the Squirtle Squad,$29.99,$117.87
GameBoy Advance,Harry Potter Prisoner of Azkaban,$16.71,$41.85
GameBoy Advance,Need for Speed Underground,$10.87,$38.81
GameBoy Advance,WWE Road To WrestleMania X8,$10.13,$34.00
GameBoy Advance,Yu-Gi-Oh GX Duel Academy,$32.83,$81.38
GameBoy Advance,Dogz,$5.12,$10.56
GameBoy Advance,Drome Racers,$27.60,$115.00
GameBoy Advance,GBA Video Shrek 2,$32.38,$69.99
GameBoy Advance,Iridion 3D,$9.19,$30.12
GameBoy Advance,Monsters Inc,$5.65,$17.47
GameBoy Advance,Shrek 2 and Shark Tale 2 in 1,$8.98,$12.97
GameBoy Advance,Star Wars Trilogy Apprentice Of The Force,$10.99,$38.09
GameBoy Advance,Yu-Gi-Oh Destiny Board Traveler,$8.59,$26.65
GameBoy Advance,Dungeons & Dragons Eye of the Beholder,$15.00,$46.05
GameBoy Advance,Earthworm Jim,$17.80,$48.30
GameBoy Advance,Indigo Gameboy Advance System [Target Edition],$84.06,$278.00
GameBoy Advance,Need for Speed Most Wanted,$13.19,$35.10
GameBoy Advance,Pinball of the Dead,$40.58,$85.85
GameBoy Advance,Banjo Pilot,$34.47,$250.00
GameBoy Advance,Gameboy Advance SP [Rayquaza Edition],$201.74,$443.83
GameBoy Advance,Medal of Honor Infiltrator,$30.57,$95.00
GameBoy Advance,SpongeBob SquarePants Revenge of the Flying Dutchman,$7.30,$29.99
GameBoy Advance,Spyro Orange The Cortex Conspiracy,$9.00,$35.00
GameBoy Advance,Super Ghouls 'N Ghosts,$55.56,$122.48
GameBoy Advance,Who Are You? Gameboy Advance SP,$71.00,$158.29
GameBoy Advance,Yu Yu Hakusho Spirit Detective,$9.90,$37.50
GameBoy Advance,Orange Gameboy Advance System,$79.00,$173.80
GameBoy Advance,Star Wars Episode II Attack of the Clones,$4.03,$16.00
GameBoy Advance,Advance Guardian Heroes,$31.99,$61.24
GameBoy Advance,Ice Climber [Classic NES Series],$14.25,$39.50
GameBoy Advance,Krazy Racers,$21.05,$99.99
GameBoy Advance,Riviera The Promised Land,$42.89,$97.50
GameBoy Advance,Scooby Doo Mystery Mayhem,$8.30,$24.51
GameBoy Advance,Dragon Ball Z Buu's Fury / GT Transformation,$49.38,$250.00
GameBoy Advance,Gameboy Advance Glacier Console [Pokemon Crystal Bundle],$317.35,$687.50
GameBoy Advance,Rebelstar Tactical Command,$28.47,$55.00
GameBoy Advance,The Urbz Sims in the City,$25.57,$62.00
GameBoy Advance,Shining Soul II,$91.99,$189.99
GameBoy Advance,Cars,$4.99,$12.86
GameBoy Advance,Onimusha Tactics,$40.29,$119.99
GameBoy Advance,Medabots AX: Metabee,$15.24,$80.24
GameBoy Advance,Beyblade V Force,$5.19,$22.50
GameBoy Advance,Duel Masters Sempai Legends,$8.13,$26.99
GameBoy Advance,Excitebike [Classic NES Series],$24.97,$51.28
GameBoy Advance,Magical Quest 3 Starring Mickey and Donald,$85.59,$299.62
GameBoy Advance,Mortal Kombat Advance,$19.99,$114.50
GameBoy Advance,Sonic Advance & Sonic Pinball Party,$39.30,$98.65
GameBoy Advance,Yggdra Union,$65.34,$93.10
GameBoy Advance,Dora the Explorer Super Spies,$4.91,$14.90
GameBoy Advance,Ghost Rider,$23.37,$71.50
GameBoy Advance,Medabots: Rokusho Version,$64.56,$170.00
GameBoy Advance,Rayman 3,$15.59,$46.03
GameBoy Advance,Sonic Pinball Party,$40.01,$179.99
GameBoy Advance,Ultimate Spiderman,$15.17,$49.95
GameBoy Advance,Masters of the Universe,$15.77,$82.27
GameBoy Advance,Duel Masters Kaijudo Showdown,$7.39,$26.46
GameBoy Advance,Gameboy Advance SP [Charizard Edition],$389.99,"$1,000.00"
GameBoy Advance,Robopon 2 Cross Version,$131.99,$674.98
GameBoy Advance,Samurai Jack The Amulet Of Time,$14.82,$51.74
GameBoy Advance,Van Helsing,$8.50,$20.55
GameBoy Advance,Kong 8th Wonder of the World,$9.67,$26.05
GameBoy Advance,Crash Nitro Kart,$8.92,$36.78
GameBoy Advance,Gold Gameboy Advance SP,$117.41,$437.94
GameBoy Advance,Madagascar,$6.97,$9.99
GameBoy Advance,Spiderman 3,$12.71,$45.00
GameBoy Advance,Spiderman Battle for New York,$9.99,$40.79
GameBoy Advance,Onyx & Platinum Gameboy Advance SP,$128.73,$359.96
GameBoy Advance,Rocket Power Zero Gravity Zone,$3.97,$16.59
GameBoy Advance,Spy Kids 3D Game Over,$4.75,$10.20
GameBoy Advance,Summon Night Swordcraft Story 2,$90.00,$182.54
GameBoy Advance,007 Everything or Nothing,$10.73,$23.50
GameBoy Advance,Dr. Mario / Puzzle League,$19.50,$35.63
GameBoy Advance,Fear Factor Unleashed,$6.14,$9.99
GameBoy Advance,Jurassic Park III Island Attack,$18.23,$99.99
GameBoy Advance,Lizzie McGuire 3,$6.00,$10.95
GameBoy Advance,Magical Quest 2 Starring Mickey and Minnie,$14.97,$75.00
GameBoy Advance,SSX Tricky,$10.97,$36.07
GameBoy Advance,The Incredibles,$4.95,$13.00
GameBoy Advance,Blender Bros,$41.41,$193.11
GameBoy Advance,Pirates of the Caribbean Dead Man's Chest,$6.49,$14.97
GameBoy Advance,Scooby Doo 2: Monsters Unleashed,$4.83,$12.95
GameBoy Advance,Tony Hawk Underground 2,$11.32,$22.44
GameBoy Advance,Urban Yeti,$169.06,$314.72
GameBoy Advance,Wing Commander Prophecy,$15.35,$19.95
GameBoy Advance,GBA Video Pokemon Beach Blank-out Blastoise and Go West Young Meowth,$22.50,$100.00
GameBoy Advance,Mega Man Battle Chip Challenge,$20.99,$94.74
GameBoy Advance,NHL 2002,$32.40,$62.46
GameBoy Advance,Power Rangers SPD,$9.92,$28.85
GameBoy Advance,Super Mario Advance 4: Super Mario Bros. 3 [Not for Resale],$21.33,
GameBoy Advance,Super Mario World: Super Mario Advance 2 [Player's Choice],$29.21,$57.42
GameBoy Advance,The Lion King 1 1/2,$5.99,$15.96
GameBoy Advance,Game Boy Advance SP Cobalt Blue Target Spider-Man 2,$171.87,$366.66
GameBoy Advance,Battlebots Design and Destroy,$4.99,$16.97
GameBoy Advance,Ecks vs. Sever,$20.24,$30.00
GameBoy Advance,GBA Video Sonic X Volume 1,$15.00,$43.72
GameBoy Advance,Gradius Galaxies,$26.59,$74.95
GameBoy Advance,Jackie Chan Adventures,$14.99,$91.78
GameBoy Advance,Jurassic Park III Park Builder,$25.76,$56.43
GameBoy Advance,Kim Possible 3,$10.16,$24.99
GameBoy Advance,Mega Man Battle Network 6 Cybeast Falzar,$23.94,$87.27
GameBoy Advance,Quad Desert Fury,$3.94,$9.20
GameBoy Advance,Star Wars The New Droid Army,$7.33,$26.57
GameBoy Advance,Super Puzzle Fighter 2,$29.95,$57.98
GameBoy Advance,Super Dodge Ball Advance,$9.99,$38.21
GameBoy Advance,Tony Hawk 4,$6.58,$17.99
GameBoy Advance,Bomberman Max 2 Red,$10.88,$52.88
GameBoy Advance,Doom II,$23.17,$169.99
GameBoy Advance,Gameboy Advance Console [Pokemon Crystal Bundle],$375.00,$800.00
GameBoy Advance,Harry Potter and the Goblet of Fire,$7.14,$18.99
GameBoy Advance,LEGO Bionicle,$8.38,$31.47
GameBoy Advance,Naruto Ninja Council 2,$12.95,$64.95
GameBoy Advance,Texas Hold Em Poker,$4.82,$8.16
GameBoy Advance,Deadpool,$50.00,$82.48
GameBoy Advance,GBA Video SpongeBob SquarePants Volume 2,$11.99,$25.00
GameBoy Advance,Gameshark SP,$132.49,$256.65
GameBoy Advance,Lizzie McGuire on the Go,$7.19,$15.31
GameBoy Advance,Monster Rancher Advance 2,$20.41,$77.61
GameBoy Advance,Pearl White Gameboy Advance SP,$79.95,$749.99
GameBoy Advance,Rugrats Castle Capers,$5.79,$24.99
GameBoy Advance,Strawberry Shortcake Summertime Adventure,$7.70,$15.02
GameBoy Advance,Ultimate Beach Soccer,$97.50,"$1,612.80"
GameBoy Advance,Wolfenstein 3D,$24.30,$65.00
GameBoy Advance,River City Ransom,$34.99,$72.38
GameBoy Advance,Contra Advance Alien Wars,$36.99,$133.99
GameBoy Advance,Driver 2 Advance,$7.50,$26.04
GameBoy Advance,Fortress,$4.25,$15.75
GameBoy Advance,Juka and the Monophonic Menace,$87.60,$208.88
GameBoy Advance,Mario Party E-Reader,$44.95,$122.47
GameBoy Advance,Mazes of Fate,$92.46,$99.99
GameBoy Advance,Road Trip Shifting Gears,$34.95,$119.00
GameBoy Advance,Yoshi's Island: Super Mario Advance 3 [Player's Choice],$65.51,$84.75
GameBoy Advance,The Hobbit,$12.30,$29.30
GameBoy Advance,Danny Phantom The Ultimate Enemy,$8.99,$41.29
GameBoy Advance,Iridion II,$39.95,$88.42
GameBoy Advance,Pac-Man [Classic NES Series],$11.30,$28.80
GameBoy Advance,V-Rally 3,$91.71,$96.41
GameBoy Advance,Game Boy Advance SP Super Mario Bros 3 Bundle,,
GameBoy Advance,Jazz Jackrabbit,$82.50,$196.34
GameBoy Advance,Shantae Advance: Risky Revolution [Collector's Edition],$137.99,$179.99
GameBoy Advance,Ace Combat Advance,$10.64,$23.00
GameBoy Advance,Broken Sword The Shadow of the Templars,$6.55,$20.00
GameBoy Advance,Monster Rancher Advance,$18.52,$58.78
GameBoy Advance,Scooby Doo Cyber Chase And Mystery Mayhem,$10.75,$28.27
GameBoy Advance,Butt Ugly Martians BKM Battles,$6.47,$15.00
GameBoy Advance,Cima The Enemy,$51.79,$100.00
GameBoy Advance,Duel Masters Shadow of The Code,$45.00,$127.43
GameBoy Advance,Fairly Odd Parents Shadow Showdown,$4.30,$13.64
GameBoy Advance,GBA Micro Pearl Blue,,
GameBoy Advance,Gameboy Advance Console & E-Reader Bundle,$95.01,$537.83
GameBoy Advance,Hamtaro Ham-ham Games,$21.49,$40.38
GameBoy Advance,Kim Possible: Revenge of Monkey Fist,$9.99,$32.99
GameBoy Advance,Madden 2003,$4.99,$8.27
GameBoy Advance,Mario Kart Super Circuit [Not for Resale],$28.10,
GameBoy Advance,Mario and Luigi Superstar Saga [Player's Choice],$31.75,$75.54
GameBoy Advance,Ripping Friends World's Most Manly Men,$7.49,$23.47
GameBoy Advance,Sabre Wulf,$65.59,$144.50
GameBoy Advance,Driven,$10.30,$22.67
GameBoy Advance,007 Nightfire,$23.87,$37.32
GameBoy Advance,Aladdin,$57.38,$128.50
GameBoy Advance,Barbie Groovy Games,$6.68,$11.29
GameBoy Advance,Kim Possible 2,$9.04,$30.20
GameBoy Advance,Magical Quest Starring Mickey and Minnie,$15.00,$72.66
GameBoy Advance,R-Type III The Third Lightning,$38.48,$79.95
GameBoy Advance,Rugrats Go Wild,$8.28,$10.37
GameBoy Advance,Scurge Hive,$50.00,$84.98
GameBoy Advance,Tony Hawk 3,$7.42,$22.80
GameBoy Advance,Yu Yu Hakusho Tournament Tactics,$12.97,$35.00
GameBoy Advance,Cartoon Network Superpack,$9.57,$9.59
GameBoy Advance,Crazy Taxi Catch a Ride,$13.59,$45.09
GameBoy Advance,FIFA 06,$9.99,$17.92
GameBoy Advance,GBA Video Nicktoons Collection Volume 3,$105.00,$149.97
GameBoy Advance,Game Boy Advance SP Pokemon Sapphire Version Limited Edition Super Pak,,
GameBoy Advance,Hot Wheels: Stunt Track Challenge & World Race,$4.16,$12.79
GameBoy Advance,Max Payne,$59.16,$92.57
GameBoy Advance,Mother 3 [Homebrew],$19.71,$75.21
GameBoy Advance,Pac-Man World 2,$13.84,$30.28
GameBoy Advance,Santa Clause 3 The Escape Clause,$4.47,$13.75
GameBoy Advance,Super Mario Advance [Player's Choice],$25.72,$46.91
GameBoy Advance,Teenage Mutant Ninja Turtles Double Pack,$31.62,$156.63
GameBoy Advance,iQue Gameboy Advance,$224.91,$485.94
GameBoy Advance,Barbie Secret Agent Barbie,$10.18,$14.66
GameBoy Advance,Game Boy Advance SP Pokemon Ruby Version Limited Edition Super Pak,,
GameBoy Advance,I Spy Challenger,$5.02,$9.37
GameBoy Advance,IQue Game Boy Advance SP Dog [Blue],,
GameBoy Advance,Jimmy Neutron Boy Genius,$6.99,$16.97
GameBoy Advance,Mega Man Battle Network 6 Cybeast Gregar,$28.04,$134.93
GameBoy Advance,Metroid Fusion [Not for Resale],$54.00,
GameBoy Advance,Monopoly,$6.56,$16.14
GameBoy Advance,Mouse Trap / Operation / Simon,$2.00,$7.97
GameBoy Advance,Mucha Lucha: Mascaritas of the Lost Code,$4.66,$19.07
GameBoy Advance,Pitfall The Lost Expedition,$8.78,$13.92
GameBoy Advance,Robotech The Macross Saga,$12.66,$71.41
GameBoy Advance,Rocket Power Dream Scheme,$5.12,$20.86
GameBoy Advance,Serious Sam Advance,$29.74,$73.33
GameBoy Advance,Smashing Drive,$22.50,$57.50
GameBoy Advance,Splinter Cell,$11.95,$24.24
GameBoy Advance,Spy Hunter & Super Sprint,$8.41,$9.29
GameBoy Advance,Surf Blue Gameboy Advance SP,$103.76,$450.00
GameBoy Advance,The Bible Game,$10.90,$31.58
GameBoy Advance,Tony Hawk Underground,$8.16,$18.99
GameBoy Advance,GameShark [Karabiner],$115.78,$216.74
GameBoy Advance,A Sound of Thunder,$44.99,$222.75
GameBoy Advance,Blue Game Boy Advance System,$50.00,$98.68
GameBoy Advance,Bomberman Max 2 Blue,$13.24,$40.19
GameBoy Advance,CT Special Forces,$25.09,$60.00
GameBoy Advance,Cruis'n Velocity,$10.61,$38.00
GameBoy Advance,Digimon Battle Spirit,$20.27,$115.84
GameBoy Advance,GBA Video Cartoon Network Collection Limited Edition,$14.12,$22.66
GameBoy Advance,GBA Video Teenage Mutant Ninja Turtles Volume 1,$12.94,$19.99
GameBoy Advance,Glacier Gameboy Advance System [Circuit City Limited Edition Bundle],$64.95,$142.89
GameBoy Advance,Harry Potter Quidditch World Cup,$7.80,$16.88
GameBoy Advance,Herbie Fully Loaded,$4.00,$14.86
GameBoy Advance,Marble Madness & Klax,$5.74,$13.31
GameBoy Advance,Ms. Pac-Man Maze Madness,$6.31,$15.00
GameBoy Advance,Pokemon Emerald SP Carrying Case,$62.50,$133.33
GameBoy Advance,Prince of Persia Sands of Time,$11.86,$34.14
GameBoy Advance,Scooby Doo,$7.93,$24.99
GameBoy Advance,SimCity 2000,$15.00,$32.94
GameBoy Advance,Space Channel 5 Ulalas Cosmic Attack,$87.42,$142.50
GameBoy Advance,Spirits and Spells,$31.52,$279.90
GameBoy Advance,Street Jam Basketball,$5.91,$6.69
GameBoy Advance,Super Hornet FA-18F,$5.99,$11.28
GameBoy Advance,Tak and the Power of JuJu,$8.32,$17.76
GameBoy Advance,Teen Titans 2,$21.21,$102.05
GameBoy Advance,Xevious [Classic NES Series],$9.05,$24.98
GameBoy Advance,Zelda Minish Cap [Not for Resale],$137.75,
GameBoy Advance,Zone of the Enders The Fist of Mars,$37.12,$130.00
GameBoy Advance,Backyard Baseball,$12.91,$23.63
GameBoy Advance,Baldur's Gate Dark Alliance,$56.90,$121.74
GameBoy Advance,Barbie and the Magic of Pegasus,$13.61,$20.62
GameBoy Advance,Berenstain Bears and the Spooky Old Tree,$8.00,$39.00
GameBoy Advance,Bubble Bobble Old and New,$32.36,$72.67
GameBoy Advance,CT Special Forces 2,$39.99,$47.17
GameBoy Advance,Chu Chu Rocket,$22.20,$46.44
GameBoy Advance,Drill Dozer [Not for Resale],$300.00,
GameBoy Advance,Fairly Odd Parents Enter the Cleft,$7.69,$18.15
GameBoy Advance,GBA Video Yu-Gi-Oh Yugi vs. Joey,$8.19,$19.87
GameBoy Advance,GT Advance Championship Racing,$7.72,$22.98
GameBoy Advance,Gremlins Stripe vs Gizmo,$14.50,$93.23
GameBoy Advance,Hot Potato,$4.83,$12.50
GameBoy Advance,Invincible Iron Man,$55.28,$150.00
GameBoy Advance,It's Mr Pants,$19.75,$28.97
GameBoy Advance,Open Season,$4.99,$9.47
GameBoy Advance,Operation Armored Liberty,$4.00,$9.34
GameBoy Advance,Over the Hedge,$6.72,$10.30
GameBoy Advance,Rayman Raving Rabbids,$8.56,$18.93
GameBoy Advance,Scooby Doo Unmasked,$12.44,$33.60
GameBoy Advance,Sega Smash Pack,$11.67,$34.69
GameBoy Advance,SpongeBob SquarePants Lights Camera Pants,$7.38,$19.95
GameBoy Advance,Spy Hunter,$9.99,$20.25
GameBoy Advance,Spyro Superpack,$13.64,$40.00
GameBoy Advance,Super Robot Taisen Original Generation,$31.95,$67.59
GameBoy Advance,Tom and Jerry Magic Ring,$5.13,$16.24
GameBoy Advance,Tom and Jerry Tales,$16.83,$46.50
GameBoy Advance,Powerdock SP,,
GameBoy Advance,Pitfall Mayan Adventure,$6.73,$16.72
GameBoy Advance,Fantastic 4,$7.54,$17.60
GameBoy Advance,GBA Video All Grown Up Volume 1,$4.99,$9.98
GameBoy Advance,Altered Beast Guardian of the Realms,$24.98,$80.99
GameBoy Advance,Backyard Baseball 2007,$8.50,$15.05
GameBoy Advance,Backyard Football 2007,$4.00,$11.00
GameBoy Advance,Britney's Dance Beat,$5.36,$15.64
GameBoy Advance,Buffy the Vampire Slayer Wrath of the Darkhul King,$64.69,$99.04
GameBoy Advance,Charlie and the Chocolate Factory,$6.92,$12.98
GameBoy Advance,Columns Crown,$11.37,$29.20
GameBoy Advance,Defender,$6.69,$18.13
GameBoy Advance,Earthworm Jim 2,$35.00,$223.33
GameBoy Advance,Ed Edd N Eddy Jawbreakers,$10.00,$41.12
GameBoy Advance,Elf the Movie,$12.72,$27.99
GameBoy Advance,Fantastic 4 Flame On,$11.03,$39.42
GameBoy Advance,GBA Video Shark Tale,$17.94,$25.91
GameBoy Advance,GBA Video SpongeBob SquarePants Volume 1,$10.25,$21.66
GameBoy Advance,GT Advance 3 Pro Concept Racing,$11.33,$20.71
GameBoy Advance,Gauntlet and Rampart,$12.09,$13.99
GameBoy Advance,Jimmy Neutron Attack of the Twonkies,$4.65,$12.50
GameBoy Advance,Jurassic Park III DNA Factor,$10.86,$72.17
GameBoy Advance,King of Fighters EX Neo Blood,$21.60,$60.26
GameBoy Advance,LEGO Island 2,$9.34,$30.21
GameBoy Advance,Legend of Spyro A New Beginning,$10.73,$36.46
GameBoy Advance,Legend of Spyro The Eternal Night,$21.05,$42.96
GameBoy Advance,Madden 2005,$6.29,$17.99
GameBoy Advance,Monster House,$9.83,$23.88
GameBoy Advance,Oddworld Munch's Oddysee,$11.91,$24.99
GameBoy Advance,Pac-Man World,$10.15,$21.76
GameBoy Advance,Pokemon Mystery Dungeon Red Rescue Team [Walmart DVD Bundle],$171.88,$366.67
GameBoy Advance,Pokemon Pinball Ruby and Sapphire [Not for Resale],$84.93,
GameBoy Advance,Pokemon Ruby [Not for Resale],$400.00,
GameBoy Advance,Shark Tale,$5.26,$10.00
GameBoy Advance,Suite Life of Zack and Cody Tipton Caper,$5.74,$9.75
GameBoy Advance,The Sims 2,$14.70,$26.21
GameBoy Advance,Treasure Planet,$8.30,$25.00
GameBoy Advance,X-Men: The Official Game,$9.50,$19.75
GameBoy Advance,Yu-Gi-Oh Double Pack 2,$12.80,$59.00
GameBoy Advance,Aggravation / Sorry /  Scrabble Jr,$2.31,$8.99
GameBoy Advance,Mission Impossible Operation Surma,$5.49,$15.00
GameBoy Advance,Top Gun Firestorm Advance,$6.14,$20.14
GameBoy Advance,Batman Begins,$12.99,$27.45
GameBoy Advance,Shantae Advance: Risky Revolution [VGP Exclusive],$84.99,$186.98
GameBoy Advance,Blackthorne,$38.82,$73.47
GameBoy Advance,Boulder Dash EX,$24.99,$54.80
GameBoy Advance,Catz,$6.04,$8.39
GameBoy Advance,Digimon Battle Spirit 2,$21.89,$123.65
GameBoy Advance,Digimon Racing,$19.96,$101.25
GameBoy Advance,ESPN Final Round Golf 2002,$7.46,$12.80
GameBoy Advance,Fire Pro Wrestling,$8.84,$25.71
GameBoy Advance,GBA Video Dragon Ball GT Volume 1,$13.10,$27.98
GameBoy Advance,GBA Video Shrek & Shark Tale,$61.95,$97.16
GameBoy Advance,GBA Video SpongeBob SquarePants Volume 3,$20.11,$32.93
GameBoy Advance,Motocross Maniacs Advance,$7.94,$49.99
GameBoy Advance,Need for Speed Carbon Own the City,$9.00,$24.99
GameBoy Advance,Popeye Rush for Spinach,$13.09,$71.99
GameBoy Advance,Power Rangers Dino Thunder,$5.97,$22.99
GameBoy Advance,Princess Natasha: Student Secret Agent Princess,$4.08,$5.95
GameBoy Advance,Rayman 10th Anniversary Collection,$20.99,$103.48
GameBoy Advance,Rock 'n Roll Racing,$28.46,$67.34
GameBoy Advance,Shaman King Sprinting Wolf,$12.99,$39.99
GameBoy Advance,Space Invaders,$24.75,$34.87
GameBoy Advance,SpongeBob SquarePants Super Sponge,$9.37,$35.78
GameBoy Advance,Spy Kids Challenger,$4.22,$16.01
GameBoy Advance,Turok Evolution,$20.48,$64.68
GameBoy Advance,World Championship Poker,$3.97,$9.02
GameBoy Advance,American Bass Challenge,$8.16,$22.88
GameBoy Advance,Atomic Betty,$6.19,$29.17
GameBoy Advance,Avatar the Last Airbender,$14.67,$24.95
GameBoy Advance,Backyard Basketball,$8.17,$17.97
GameBoy Advance,Backyard Hockey,$7.96,$17.31
GameBoy Advance,Connect Four/Trouble/Perfection,$3.99,$8.62
GameBoy Advance,Crash of the Titans,$12.23,$34.13
GameBoy Advance,Egg Mania,$10.40,$21.00
GameBoy Advance,Gauntlet Dark Legacy,$37.05,$94.95
GameBoy Advance,Gumby vs. the Astrobots,$16.47,$34.95
GameBoy Advance,Inspector Gadget,$11.22,$45.00
GameBoy Advance,Monster Trucks,$4.04,$10.75
GameBoy Advance,Nicktoons Attack of the Toybots,$7.99,$14.49
GameBoy Advance,Night Trap,$30.00,$37.13
GameBoy Advance,Paperboy & Rampage,$11.99,$22.39
GameBoy Advance,Pokemon Mystery Dungeon Red Rescue Team [Not for Resale],$107.49,
GameBoy Advance,Pong / Asteroids / Yar's Revenge,$7.25,$7.49
GameBoy Advance,Road Rash Jailbreak,$10.22,$16.81
GameBoy Advance,Shrek the Third,$6.89,$17.98
GameBoy Advance,Silent Hill: Play Novel [Homebrew],$18.00,
GameBoy Advance,The Incredibles Rise of the Underminer,$4.46,$14.92
GameBoy Advance,Zelda Link to the Past [Not for Resale],$33.53,
GameBoy Advance,World Poker Tour,$4.85,$5.19
GameBoy Advance,Shrek Reekin' Havoc,$7.13,$25.38
GameBoy Advance,Action Replay Max,$110.00,$195.33
GameBoy Advance,Baseball Advance,$17.35,$35.00
GameBoy Advance,Battle B-Daman,$10.65,$29.77
GameBoy Advance,Battlebots Beyond the Battlebox,$7.19,$175.00
GameBoy Advance,Candy Land/Chutes and Ladders/Memory,$4.18,$9.49
GameBoy Advance,Charlotte's Web,$5.37,$9.99
GameBoy Advance,Disney Princess,$7.98,$17.95
GameBoy Advance,Disney's Atlantis: The Lost Empire,$9.27,$19.99
GameBoy Advance,Flintstones Big Trouble in Bedrock,$10.61,$44.99
GameBoy Advance,Galidor Defenders of the Outer Dimension,$5.50,$12.50
GameBoy Advance,Game Boy Micro Game Link Cable,,
GameBoy Advance,Guilty Gear X Advance Edition,$30.00,$64.66
GameBoy Advance,Hot Wheels Stunt Track Challenge,$5.86,$13.00
GameBoy Advance,Midway's Greatest Arcade Hits,$7.54,$14.27
GameBoy Advance,Mighty Beanz Pocket Puzzles,$4.70,$20.02
GameBoy Advance,Mobile Suit Gundam Seed Battle Assault,$33.99,$118.42
GameBoy Advance,Monster Truck Madness,$7.31,$14.63
GameBoy Advance,Mortal Kombat Tournament Edition,$62.94,$242.50
GameBoy Advance,Mother 1+2 [Homebrew],$17.21,$50.89
GameBoy Advance,My Little Pony Runaway Rainbow,$9.00,$22.99
GameBoy Advance,Need for Speed Porsche Unleashed,$5.00,$15.00
GameBoy Advance,Need for Speed Underground 2,$11.93,$24.72
GameBoy Advance,Peter Pan,$8.62,$19.99
GameBoy Advance,Racing Gears Advance,$32.11,$59.50
GameBoy Advance,Samurai Deeper Kyo,$44.17,$77.42
GameBoy Advance,Shaun Palmers Pro Snowboarder,$5.00,$9.34
GameBoy Advance,Snood,$5.94,$15.23
GameBoy Advance,Stuntman,$9.95,$21.50
GameBoy Advance,Tom and Jerry in Infurnal Escape,$8.99,$27.61
GameBoy Advance,X2 Wolverines Revenge,$9.70,$17.22
GameBoy Advance,Yu-Gi-Oh Double Pack,$10.99,$56.42
GameBoy Advance,The Cat in the Hat,$8.65,$18.99
GameBoy Advance,Crash and Spyro Superpack: Season of Ice & Huge Adventure,$11.47,$27.33
GameBoy Advance,Sigma Star Saga DX,$29.67,$63.29
GameBoy Advance,Animal Crossing Series 1 E-Reader,$12.00,$49.95
GameBoy Advance,Back Track,$16.99,$53.37
GameBoy Advance,Batman Rise of Sin Tzu,$29.96,$101.41
GameBoy Advance,Black Gameboy Advance Carrying Case,,
GameBoy Advance,Chicken Little,$4.42,$11.82
GameBoy Advance,Crash Superpack,$10.50,$29.99
GameBoy Advance,Dexters Laboratory Chess Challenge,$10.17,$11.02
GameBoy Advance,Dora the Explorer: The Hunt for Pirate Pig's Treasure,$2.05,$10.24
GameBoy Advance,Fire Emblem Sacred Stones [Not for Resale],$64.69,
GameBoy Advance,Froggers Adventures 2 Lost Wand,$12.26,$26.49
GameBoy Advance,GBA Video Cartoon Network Collection [Premium Edition],$11.35,$26.46
GameBoy Advance,GBA Video Nicktoons Collection Volume 2,$8.07,$15.00
GameBoy Advance,GBA Video Shrek Movie,$51.04,$112.29
GameBoy Advance,Harry Potter and the Order of the Phoenix,$16.98,$36.16
GameBoy Advance,Ice Nine,$122.88,$273.70
GameBoy Advance,Little Mermaid Magic in Two Kingdoms,$11.23,$19.53
GameBoy Advance,Lizzie McGuire 2,$6.09,$13.92
GameBoy Advance,Looney Tunes Double Pack,$12.93,$17.05
GameBoy Advance,March of the Penguins,$3.47,$4.60
GameBoy Advance,Medabots AX: Rokusho,$14.99,$72.50
GameBoy Advance,Mortal Kombat Deadly Alliance,$27.28,$80.00
GameBoy Advance,Namco Museum 50th Anniversary,$14.06,$24.95
GameBoy Advance,No Rules Get Phat,$5.43,$22.49
GameBoy Advance,Paws & Claws Pet Resort,$5.85,$9.95
GameBoy Advance,Piglet's Big Game,$9.00,$37.81
GameBoy Advance,Polly Pocket Super Splash Island,$4.99,$14.95
GameBoy Advance,Power Rangers Ninja Storm,$10.00,$30.86
GameBoy Advance,Power Rangers Time Force,$9.99,$19.99
GameBoy Advance,Rainbow Six Rogue Spear,$12.15,$23.81
GameBoy Advance,Rocket Power Beach Bandits,$5.20,$17.61
GameBoy Advance,Spirit Stallion of the Cimarron Search for Homeland,$7.66,$20.49
GameBoy Advance,Strawberry Shortcake: Summertime Adventure [Special Edition],$4.00,$80.50
GameBoy Advance,Super Robot Taisen Original Generation 2,$49.51,$89.95
GameBoy Advance,Tak 2 The Staff of Dreams,$4.00,$11.95
GameBoy Advance,Tak Great Juju Challenge,$7.88,$16.00
GameBoy Advance,Tarzan Return to the Jungle,$6.99,$16.92
GameBoy Advance,That's So Raven 2 Supernatural Style,$4.39,$9.99
GameBoy Advance,The Sims 2: Pets,$10.34,$27.17
GameBoy Advance,The Tower SP,$75.00,$91.39
GameBoy Advance,The Wild,$6.51,$7.99
GameBoy Advance,Wade Hixton's Counter Punch,$39.89,$54.90
GameBoy Advance,Winx Club,$19.79,$27.03
GameBoy Advance,Zelda Minish Cap [Not for Resale Demo],$216.66,
GameBoy Advance,F-14 Tomcat,$5.21,$12.00
GameBoy Advance,Dynasty Warriors Advance,$9.81,$27.49
GameBoy Advance,SpongeBob SquarePants Creature from Krusty Krab,$10.30,$26.32
GameBoy Advance,Animal Crossing Series 2 E-Reader,$45.70,
GameBoy Advance,Barbie Princess and the Pauper,$19.99,$30.00
GameBoy Advance,Boxing Fever,$5.74,$17.12
GameBoy Advance,Bratz: The Movie,$6.67,$11.12
GameBoy Advance,Brother Bear,$5.39,$10.99
GameBoy Advance,Cabela's Big Game Hunter,$7.19,$14.22
GameBoy Advance,Chicken Shoot,$4.00,$8.15
GameBoy Advance,Cinderella Magical Dreams,$6.21,$17.99
GameBoy Advance,Daredevil,$15.90,$70.00
GameBoy Advance,David Beckham Soccer,$8.58,$125.82
GameBoy Advance,Disney Sports Basketball,$33.50,$204.68
GameBoy Advance,Dual Blades,$19.99,$93.45
GameBoy Advance,Fairly Odd Parents: Breakin' Da Rules,$5.41,$19.99
GameBoy Advance,GBA Video Disney Channel Collection Volume 1,$24.99,$68.39
GameBoy Advance,Gekido Advance Kintaro's Revenge,$33.70,$105.50
GameBoy Advance,Hello Kitty Happy Party Pals,$19.99,$41.87
GameBoy Advance,Horsez,$7.62,$11.53
GameBoy Advance,Hot Wheels Velocity X,$3.00,$17.13
GameBoy Advance,Hot Wheels World Race,$5.67,$22.47
GameBoy Advance,LEGO Racers 2,$10.64,$28.56
GameBoy Advance,Life/Yahtzee/Payday,$5.24,$8.86
GameBoy Advance,MadCatz Protective Handheld Carrying Case,,
GameBoy Advance,Madagascar Operation Penguin,$4.25,$14.20
GameBoy Advance,Mario Kart Super Circuit [Player's Choice],$21.74,$54.97
GameBoy Advance,Mario Pinball Land [Not for Resale],$16.83,
GameBoy Advance,Nicktoons Unite,$4.02,$17.27
GameBoy Advance,Paws and Claws Dogs and Cats Best Friends,$3.98,$11.28
GameBoy Advance,Ratatouille,$6.79,$19.37
GameBoy Advance,Rave Master Special Attack Force,$12.57,$37.00
GameBoy Advance,Rescue Heroes Billy Blazes,$11.32,$59.99
GameBoy Advance,Scooby Doo Cyber Chase,$10.00,$39.98
GameBoy Advance,Scooby Doo Movie Double Pack,$14.48,$32.80
GameBoy Advance,Shaman King Soaring Hawk,$10.66,$43.22
GameBoy Advance,Splinter Cell Pandora Tomorrow,$12.98,$31.76
GameBoy Advance,TRON 2.0 Killer App,$17.50,$43.00
GameBoy Advance,Teen Titans,$14.96,$54.75
GameBoy Advance,The Cheetah Girls,$5.70,$11.86
GameBoy Advance,The Mummy,$23.21,$75.00
GameBoy Advance,Turbo Turtle Adventure,$26.75,$62.50
GameBoy Advance,Unfabulous,$5.30,$5.75
GameBoy Advance,WWF Road to Wrestlemania,$9.25,$35.00
GameBoy Advance,X-men Reign of Apocalypse,$17.52,$80.40
GameBoy Advance,XXX,$8.86,$25.48
GameBoy Advance,Yu-Gi-Oh Destiny Board Traveler [2 Game Packs],$36.82,$81.00
GameBoy Advance,Zatch Bell Electric Arena,$20.54,$70.78
GameBoy Advance,NFL Blitz 2002,$7.13,$14.42
GameBoy Advance,2006 FIFA World Cup,$12.28,$22.93
GameBoy Advance,Action Replay: Ultimate Codes Pokemon,,
GameBoy Advance,An American Tail Fievel's Gold Rush,$13.04,$66.47
GameBoy Advance,Arthur and the Invisibles,$3.49,$6.25
GameBoy Advance,Atari Anniversary Advance,$8.00,$24.95
GameBoy Advance,Backyard Baseball 2006,$8.18,$18.00
GameBoy Advance,Ballistic Ecks vs Sever,$19.70,$47.50
GameBoy Advance,Barbie Horse Adventures Blue Ribbon Race,$4.74,$12.25
GameBoy Advance,Battle B-Daman: Fire Spirits,$11.25,$27.25
GameBoy Advance,Beyblade Grevolution,$13.25,$46.74
GameBoy Advance,Cartoon Network Block Party,$7.07,$19.93
GameBoy Advance,Danny Phantom The Urban Jungle,$11.93,$29.17
GameBoy Advance,Dark Arena,$14.50,$36.67
GameBoy Advance,Desert Strike Advance,$16.90,$30.84
GameBoy Advance,Driver 3,$35.87,$57.97
GameBoy Advance,FIFA 2005,$8.18,$12.97
GameBoy Advance,GBA Video Cartoon Network Collection Platinum Edition,$12.58,$19.99
GameBoy Advance,Garfield The Search for Pooky,$10.35,$38.57
GameBoy Advance,Harlem Globetrotters World Tour,$4.25,$7.95
GameBoy Advance,Hugo The Evil Mirror,$10.73,$16.02
GameBoy Advance,James Pond Codename Robocod,$10.28,$24.99
GameBoy Advance,Justice League Chronicles,$9.00,$47.50
GameBoy Advance,Kelly Slater's Pro Surfer,$5.21,$7.99
GameBoy Advance,Kid's Cards,$1.81,$12.65
GameBoy Advance,LEGO Star Wars [Bonus Figure],$58.82,$127.49
GameBoy Advance,Medal of Honor Underground,$8.52,$31.34
GameBoy Advance,Nicktoons Freeze Frame Frenzy,$7.00,$20.00
GameBoy Advance,Powerpuff Girls Him and Seek,$12.99,$44.99
GameBoy Advance,Prehistorik Man,$11.04,$34.99
GameBoy Advance,Robot Wars Advanced Destruction,$5.49,$11.48
GameBoy Advance,Rugrats I Gotta Go Party,$7.38,$22.02
GameBoy Advance,SSX 3,$8.31,$30.00
GameBoy Advance,Sega Rally Championship,$117.54,$675.00
GameBoy Advance,Shrek Hassle in the Castle,$7.12,$12.99
GameBoy Advance,Super Collapse II,$10.00,$20.00
GameBoy Advance,The Revenge of Shinobi,$14.33,$59.50
GameBoy Advance,The Scorpion King Sword of Osiris,$9.00,$31.99
GameBoy Advance,Tweety and the Magic Gems,$10.58,$69.95
GameBoy Advance,Worms World Party,$16.09,$32.99
GameBoy Advance,Yu-Gi-Oh Stairway To The Destined Duel,$9.99,$21.98
GameBoy Advance,Dexter's Laboratory: Deesaster Strikes [USA-1],$45.01,$99.02
GameBoy Advance,That's So Raven,$4.97,$9.86
GameBoy Advance,2 Games in 1 Double Pack: SpongeBob,$9.95,$22.00
GameBoy Advance,ATV Quad Power Racing,$4.33,$10.24
GameBoy Advance,Bionicle The Game,$4.99,$17.01
GameBoy Advance,Bratz,$10.27,$20.15
GameBoy Advance,Care Bears Care Quest,$12.00,$35.95
GameBoy Advance,Curious George,$9.84,$22.23
GameBoy Advance,Disney's Lizzie McGuire 2 Lizzie Diaries Game + TV Episode,$9.34,
GameBoy Advance,Dokapon Monster Hunter,$32.46,$172.50
GameBoy Advance,Donald Duck Advance,$13.87,$51.32
GameBoy Advance,Duke Nukem Advance,$42.86,$157.33
GameBoy Advance,ET the Extra Terrestrial,$7.80,$20.74
GameBoy Advance,Ed Edd N Eddy Mis-Edventures,$14.99,$34.91
GameBoy Advance,Elf Bowling 1 & 2,$24.53,$60.14
GameBoy Advance,Eragon,$7.97,$17.24
GameBoy Advance,GBA Video Fairly Odd Parents Volume 1,$6.70,$17.60
GameBoy Advance,GBA Video Jimmy Neutron Volume 1,$7.13,$21.61
GameBoy Advance,GBA Video Nicktoons Collection Volume 1,$6.63,$18.35
GameBoy Advance,GBA Video Super Robot Monkey Team Volume 1,$75.00,$134.99
GameBoy Advance,GBA Video The Proud Family Volume 1,$42.00,$126.20
GameBoy Advance,Game Boy Advance SP Screen Protectors,,
GameBoy Advance,Greg Hastings Tournament Paintball Maxed,$3.26,$11.47
GameBoy Advance,Hardcore Pinball,$19.77,$29.95
GameBoy Advance,Hi Hi Puffy AmiYumi Kaznapped,$13.99,$25.87
GameBoy Advance,Home on the Range,$4.42,$9.99
GameBoy Advance,Jimmy Neutron vs Jimmy Negatron,$8.65,$49.99
GameBoy Advance,Justice League Heroes Flash,$9.99,$30.00
GameBoy Advance,Karnaaj Rally,$22.45,$44.59
GameBoy Advance,Lilo and Stitch 2 Hamsterviel Havoc,$10.47,$44.53
GameBoy Advance,Lord of the Rings: The Third Age,$20.12,$40.00
GameBoy Advance,Mary-Kate and Ashley Girls Night Out,$6.99,$9.46
GameBoy Advance,Mech Platoon,$19.75,$34.29
GameBoy Advance,NASCAR Heat 2002,$9.50,$21.98
GameBoy Advance,NFL Blitz 2003,$10.00,$14.27
GameBoy Advance,Noddy A Day in Toyland,$5.13,$9.99
GameBoy Advance,Polarium Advance,$10.00,$19.99
GameBoy Advance,Shrek Superslam,$5.99,$10.66
GameBoy Advance,Stadium Games,$4.12,$14.99
GameBoy Advance,Super Bust-A-Move,$13.57,$46.76
GameBoy Advance,Super Duper Sumos,$9.97,$17.03
GameBoy Advance,Super Mario World: Super Mario Advance 2 [Not for Resale],$19.95,
GameBoy Advance,Tang Tang,$8.18,$18.47
GameBoy Advance,The Cat In The Hat [2005],,
GameBoy Advance,The Polar Express,$5.99,$20.34
GameBoy Advance,Ultimate Brain Games,$6.05,$12.52
GameBoy Advance,Ultimate Muscles Path Of The Superhero,$11.47,$65.09
GameBoy Advance,Uno and Skip-Bo,$5.25,$7.76
GameBoy Advance,Wario Land 4 [Not for Resale],$49.95,
GameBoy Advance,Wario Ware Mega Microgames [Not for Resale],$39.38,
GameBoy Advance,Word Safari: The Friendship Totems,$21.66,$61.89
GameBoy Advance,Mad Catz SP Car Charger,,
GameBoy Advance,Game Boy Advance System Toys R Us Pokemon Crystal Bundle,,
GameBoy Advance,Alex Rider Stormbreaker,$5.64,$11.83
GameBoy Advance,Alienators Evolution Continues,$6.66,$23.22
GameBoy Advance,American Dragon Jake Long Rise of the Huntsclan,$8.94,$31.87
GameBoy Advance,American Idol,$4.74,$10.92
GameBoy Advance,Animal Crossing Series 3 E-Reader,,
GameBoy Advance,Babar: To the Rescue,$11.37,$12.45
GameBoy Advance,Backyard Football,$6.48,$17.74
GameBoy Advance,Bratz Forever Diamondz,$8.62,$13.33
GameBoy Advance,Bruce Lee,$39.35,$150.00
GameBoy Advance,Centipede Breakout and Warlords,$4.55,$14.95
GameBoy Advance,Codename Kids Next Door Operation SODA,$7.09,$28.45
GameBoy Advance,Corvette,$6.52,$11.76
GameBoy Advance,Dead to Rights,$10.79,$15.99
GameBoy Advance,Defender of the Crown,$13.79,$36.41
GameBoy Advance,Dexter's Laboratory Deesaster Strikes,$4.47,$24.99
GameBoy Advance,Disney Sports Football,$18.49,$129.99
GameBoy Advance,Disney's Extreme Skate Adventure,$5.47,$12.43
GameBoy Advance,Donkey Kong Country 3 [Not for Resale],$22.26,
GameBoy Advance,Donkey Kong Country [Not for Resale],$30.01,
GameBoy Advance,Drake and Josh,$7.29,$18.15
GameBoy Advance,FIFA 07,$14.99,$24.72
GameBoy Advance,Family Feud,$8.50,$8.99
GameBoy Advance,Fire Pro Wrestling 2,$13.47,$51.95
GameBoy Advance,Foster's Home for Imaginary Friends,$9.99,$36.75
GameBoy Advance,Franklin's Great Adventures,$5.40,$16.77
GameBoy Advance,Frogger's Journey The Forgotten Relic,$7.18,$15.25
GameBoy Advance,GBA Video Codename Kids Next Door Volume 1,$8.00,$23.30
GameBoy Advance,GBA Video Fairly Odd Parents Volume 2,$7.50,$19.98
GameBoy Advance,GBA Video Shrek & Shrek 2,$77.30,$120.00
GameBoy Advance,GT Advance Racing 4 Pack,$20.10,$48.00
GameBoy Advance,Game Boy Advance Platinum Donkey Kong Bobblehead Bundle,,
GameBoy Advance,Gameboy Advance SP Carrying Case,$17.99,$35.67
GameBoy Advance,Gameboy Advance SP Travel Case,$22.49,$49.48
GameBoy Advance,Gameboy Advance SP [Torchic Edition],,
GameBoy Advance,Games Explosion,$4.21,$8.84
GameBoy Advance,Gem Smashers,$23.89,$134.60
GameBoy Advance,Golden Nugget Casino,$5.86,$6.20
GameBoy Advance,Hey Arnold! The Movie,$9.41,$38.99
GameBoy Advance,High School Musical Living the Dream,$2.47,$7.63
GameBoy Advance,Hot Wheels All Out,$4.88,$10.92
GameBoy Advance,IQue Game Boy Advance SP Mario,,
GameBoy Advance,Ice Age 2 The Meltdown,$4.19,$10.32
GameBoy Advance,Jimmy Neutron Jet Fusion,$6.60,$9.99
GameBoy Advance,Justice League Injustice for All,$10.81,$56.96
GameBoy Advance,Kirby Nightmare in Dreamland [Not for Resale],$56.50,
GameBoy Advance,LEGO Knights Kingdom,$6.63,$19.95
GameBoy Advance,Land Before Time Collection,$8.99,$22.50
GameBoy Advance,Lemony Snicket's A Series of Unfortunate Events,$6.50,$11.00
GameBoy Advance,Let's Ride Sunshine Stables,$4.31,$9.92
GameBoy Advance,Little League Baseball 2002,$30.43,$340.58
GameBoy Advance,Mario and Luigi Superstar Saga [Not for Resale],$54.99,
GameBoy Advance,Marvel Ultimate Alliance,$9.82,$33.59
GameBoy Advance,Matchbox Missions Air Land Sea Rescue & Emergency Response,$4.84,$11.99
GameBoy Advance,Meet the Robinsons,$6.00,$14.00
GameBoy Advance,Metroid Zero Mission [Not for Resale],$59.99,
GameBoy Advance,Monster Force,$7.27,$28.75
GameBoy Advance,Monster Trucks Quad Fury Double Pack,$5.34,$10.80
GameBoy Advance,Mr. Driller 2,$56.99,$81.17
GameBoy Advance,Ms. Pac-Man Maze Madness Pac-Man World,$6.99,$20.98
GameBoy Advance,NHL Hitz 2003,$23.16,$47.21
GameBoy Advance,Nickelodeon 4 Games on One Game Pack,$8.95,$12.47
GameBoy Advance,Nickelodeon 4 Games on One Game Pack [Movies],$120.00,$264.00
GameBoy Advance,Nicktoons Battle for Volcano Island,$9.14,$25.70
GameBoy Advance,Nicktoons Racing,$12.51,$31.99
GameBoy Advance,Pac-Man Pinball,$6.99,$15.00
GameBoy Advance,Phalanx,$22.60,$53.51
GameBoy Advance,Planet Monsters,$7.73,$22.69
GameBoy Advance,Planet of the Apes,$8.95,$14.99
GameBoy Advance,Power Rangers Double Pack,$8.48,$38.58
GameBoy Advance,Power Rangers Wild Force,$8.79,$27.37
GameBoy Advance,Puyo Pop,$24.99,$49.99
GameBoy Advance,Rayman Hoodlum's Revenge,$10.47,$23.44
GameBoy Advance,Red Zellers Gameboy Advance System,$84.95,$186.89
GameBoy Advance,Robopon 2 Ring Version,$119.99,$504.96
GameBoy Advance,Robots,$6.86,$14.35
GameBoy Advance,SD Gundam Force,$30.40,$90.00
GameBoy Advance,Sea Trader Rise of Taipan,$19.42,$49.15
GameBoy Advance,Sega Arcade Gallery,$21.85,$54.95
GameBoy Advance,Shaman King Master of Spirits 2,$55.00,$162.00
GameBoy Advance,Shrek 2 Beg for Mercy,$6.97,$14.44
GameBoy Advance,Sitting Ducks,$8.49,$23.18
GameBoy Advance,Sky Dancers,$5.23,$13.19
GameBoy Advance,Spiderman Double Pack,$13.75,$35.00
GameBoy Advance,Spiderman Mysterio's Menace / X-2 Wolverines Revenge,$21.14,$62.00
GameBoy Advance,SpongeBob's Atlantis SquarePantis,$6.99,$18.49
GameBoy Advance,Sports Illustrated For Kids Football,$3.35,$4.01
GameBoy Advance,Spy Muppets License to Croak,$8.48,$20.00
GameBoy Advance,Star Wars Episode I Jedi Power Battles,$16.61,$83.29
GameBoy Advance,Super Army War,$29.22,$81.83
GameBoy Advance,Super Dropzone,$7.20,$16.00
GameBoy Advance,Super Mario Advance 4 Series 1 E-Reader,$40.00,$69.95
GameBoy Advance,Superman Returns,$6.04,$16.00
GameBoy Advance,The Lost Vikings,$19.52,$56.59
GameBoy Advance,Tokyo Xtreme Racer Advance,$11.41,$60.00
GameBoy Advance,Tomb Raider Legend,$15.94,$31.99
GameBoy Advance,Tomb Raider the Prophecy,$17.92,$51.65
GameBoy Advance,Tony Hawk American Sk8land,$8.82,$19.29
GameBoy Advance,Top Gear Rally,$11.90,$29.62
GameBoy Advance,Totally Spies,$19.99,$41.27
GameBoy Advance,Ultimate Arcade Games,$10.55,$68.19
GameBoy Advance,Urban Champion E-Reader,$22.10,$54.25
GameBoy Advance,Woody Woodpecker in Crazy Castle 5,$12.56,$74.11
GameBoy Advance,Batman Vengeance,$14.85,$50.45
GameBoy Advance,Powerpuff Girls Mojo Jojo-A-Gogo,$11.00,$25.51
GameBoy Advance,Disney Princess Royal Adventure,$7.48,$10.98
GameBoy Advance,Bratz Rock Angelz,$11.97,$19.49
GameBoy Advance,Game Boy Advance Carrying Case [GB7],,
GameBoy Advance,Aero the Acro-Bat,$13.65,$69.39
GameBoy Advance,Airforce Delta Storm,$19.99,$49.03
GameBoy Advance,Amazing Virtual Sea-Monkeys,$25.00,$46.68
GameBoy Advance,Army Men Advance,$9.18,$20.77
GameBoy Advance,Avatar The Burning Earth,$10.59,$30.00
GameBoy Advance,BMX Trick Racer,$5.99,$17.43
GameBoy Advance,Bookworm,$20.00,$38.68
GameBoy Advance,Cabbage Patch Kids Patch Puppy Rescue,$9.77,$16.27
GameBoy Advance,Caesar's Palace Advance,$5.43,$16.18
GameBoy Advance,Camp Lazlo Leaky Lake Games,$9.95,$23.77
GameBoy Advance,Catwoman,$7.52,$14.94
GameBoy Advance,Colin McRae Rally 2.0,$46.15,$231.25
GameBoy Advance,Cross Town Heroes,$3.95,$10.50
GameBoy Advance,Crushed Baseball,$4.99,$17.28
GameBoy Advance,Cubix Robots for Everyone Clash N Bash,$10.77,$138.23
GameBoy Advance,Demon Driver,$4.42,$21.47
GameBoy Advance,Dinotopia The Timestone Pirates,$8.81,$24.96
GameBoy Advance,Dragon Tales Dragon Adventures,$12.81,$27.36
GameBoy Advance,ESPN X Games Skateboarding,$5.29,$10.67
GameBoy Advance,Extreme Ghostbusters,$17.99,$72.50
GameBoy Advance,GBA Video Cartoon Network Collection Volume 2,$11.55,$20.04
GameBoy Advance,GBA Video Disney Channel Collection Volume 2,$59.27,$119.97
GameBoy Advance,Gadget Racers,$19.23,$52.92
GameBoy Advance,Happy Feet,$5.57,$11.95
GameBoy Advance,Kao the Kangaroo,$11.11,$65.00
GameBoy Advance,Kong King of Atlantis,$8.93,$27.10
GameBoy Advance,Legends of Wrestling II,$12.73,$19.19
GameBoy Advance,Let's Ride! Dreamer,$3.25,$7.44
GameBoy Advance,Little Einsteins,$4.96,$13.99
GameBoy Advance,Mat Hoffman's Pro BMX,$4.56,$9.99
GameBoy Advance,Men in Black the Series,$6.66,$20.00
GameBoy Advance,Minority Report,$6.90,$15.67
GameBoy Advance,Nickelodeon All Grown Up Express Yourself,$4.50,$8.50
GameBoy Advance,Petz Hamsterz 2,$6.22,$7.88
GameBoy Advance,Pink Panther Pinkadelic Pursuit,$14.98,$90.00
GameBoy Advance,Pocket Dogs,$8.06,$13.95
GameBoy Advance,Ready 2 Rumble Boxing Round 2,$9.00,$19.70
GameBoy Advance,Samurai Deeper Kyo [DVD Bundle],$59.36,$126.77
GameBoy Advance,Scrabble Blast,$8.11,$14.95
GameBoy Advance,Shrek Smash and Crash Racing,$6.18,$10.98
GameBoy Advance,Silent Scope,$20.00,$76.82
GameBoy Advance,Starsky and Hutch,$8.03,$13.50
GameBoy Advance,Stuart Little 2,$3.63,$13.68
GameBoy Advance,Sudoku Fever,$6.41,$9.97
GameBoy Advance,Super Bubble Pop,$4.69,$12.99
GameBoy Advance,Superman Countdown to Apokolips,$8.96,$65.00
GameBoy Advance,Terminator 3 Rise of the Machines,$12.61,$37.88
GameBoy Advance,Texas Hold 'em Poker / Golden Nugget Casino,$7.63,$9.54
GameBoy Advance,The Proud Family,$9.96,$19.73
GameBoy Advance,Tiger Woods PGA Golf,$1.99,$7.47
GameBoy Advance,Top Gear GT Championship,$9.81,$50.01
GameBoy Advance,Top Gun Combat Zone,$6.34,$14.99
GameBoy Advance,Trollz Hair Affair,$8.18,$9.53
GameBoy Advance,Ty the Tasmanian Tiger 2 Bush Rescue,$8.46,$19.78
GameBoy Advance,Ty the Tasmanian Tiger 3,$7.57,$14.95
GameBoy Advance,Veggie Tales: LarryBoy and the Bad Apple,$6.00,$12.15
GameBoy Advance,Wacky Stackers,$9.49,$16.12
GameBoy Advance,Wild Thornberrys Movie,$5.00,$10.45
GameBoy Advance,Zoey 101,$7.27,$9.02
GameBoy Advance,Razor Freestyle Scooter,$3.75,$8.13
GameBoy Advance,Garfield And His Nine Lives,$14.60,$39.99
GameBoy Advance,Gameboy Advance SP AC Adaptor,$11.91,
GameBoy Advance,Red Gameboy Advance SP [F-Zero GP Legend Bundle],,
GameBoy Advance,3-in-1 Rec Room Challenge,$4.30,$13.64
GameBoy Advance,3-in-1 Sports Pack,$2.95,$6.97
GameBoy Advance,3D Pool,$4.97,$8.62
GameBoy Advance,ATV Thunder Ridge Riders,$5.97,$11.99
GameBoy Advance,Activision Motion Pack,$4.37,$9.35
GameBoy Advance,Agassi Tennis Generation,$3.99,$8.95
GameBoy Advance,Aggressive Inline,$7.15,$13.67
GameBoy Advance,All-Star Baseball 2003,$4.99,$18.48
GameBoy Advance,All-Star Baseball 2004,$10.77,$15.39
GameBoy Advance,Animal Snap,$4.69,$12.99
GameBoy Advance,Ant Bully,$3.50,$11.61
GameBoy Advance,Antz Extreme Racing,$6.50,$10.36
GameBoy Advance,Arctic Tale,$5.17,$6.45
GameBoy Advance,Army Men Operation Green,$19.49,$66.22
GameBoy Advance,Army Men Turf Wars,$17.47,$88.21
GameBoy Advance,Around the World in 80 Days,$4.92,$18.46
GameBoy Advance,Back to Stone,$25.32,$46.50
GameBoy Advance,Backyard Basketball 2007,$5.87,$12.48
GameBoy Advance,Backyard Football 2006,$7.84,$9.36
GameBoy Advance,Backyard Skateboarding,$3.92,$10.81
GameBoy Advance,Balloon Fight E-Reader,$8.99,$13.00
GameBoy Advance,Barbie Diaries High School Mystery,$6.49,$9.93
GameBoy Advance,Barbie Superpack,$9.86,$15.57
GameBoy Advance,Barbie as the Island Princess,$9.13,$15.47
GameBoy Advance,Barbie in The 12 Dancing Princesses,$14.89,$23.51
GameBoy Advance,Barnyard,$6.65,$11.16
GameBoy Advance,Baseball E-Reader,$6.15,$9.99
GameBoy Advance,Battle for Bikini Bottom & Freeze Frame Frenzy Double Pack,$7.96,$22.38
GameBoy Advance,Bee Game,$14.97,$299.98
GameBoy Advance,Big Mutha Truckers,$9.99,$15.99
GameBoy Advance,Bionicle Heroes,$12.17,$27.46
GameBoy Advance,Bionicle Matoran Adventures,$8.63,$31.01
GameBoy Advance,Bionicle Maze of Shadows,$7.49,$17.84
GameBoy Advance,Blades of Thunder,$8.03,$16.98
GameBoy Advance,Bratz Babyz,$10.00,$21.99
GameBoy Advance,Broken Circle [Homebrew],,
GameBoy Advance,Bumper GBA,,
GameBoy Advance,Cabela's Big Game Hunter 2005 Adventures,$6.60,$16.49
GameBoy Advance,Cabela's Sportsman's Pack,$2.95,$11.99
GameBoy Advance,Cars Mater-National Championship,$5.50,$13.49
GameBoy Advance,Cartoon Network Block Party & Cartoon Network Speedway,$9.38,$20.00
GameBoy Advance,Cartoon Network Speedway [Special Edition],$2.98,$6.56
GameBoy Advance,Casper,$13.96,$53.98
GameBoy Advance,Chessmaster,$17.99,$34.12
GameBoy Advance,Chicken Shoot 2,$5.01,$10.60
GameBoy Advance,Clu Clu Land E-Reader,$6.99,$14.52
GameBoy Advance,Collie Defense [Homebrew],,
GameBoy Advance,Crazy Chase,$19.76,$41.11
GameBoy Advance,Crouching Tiger Hidden Dragon,$14.95,$23.51
GameBoy Advance,DK King of Swing [Not for Resale],$25.33,
GameBoy Advance,Dave Mirra Freestyle BMX 2,$4.89,$13.83
GameBoy Advance,Dave Mirra Freestyle BMX 3,$7.31,$21.63
GameBoy Advance,Davis Cup Tennis,$5.66,$9.31
GameBoy Advance,Deal or No Deal,$7.54,$15.50
GameBoy Advance,Denki Blocks,$13.74,$34.99
GameBoy Advance,Digimon Battle Spirit [Bonus D-Tector Card],$109.38,$233.33
GameBoy Advance,Disney Party,$8.75,$22.96
GameBoy Advance,Disney Sports Motocross,$13.56,$80.50
GameBoy Advance,Disney Sports Skateboarding,$8.68,$99.99
GameBoy Advance,Disney Sports Snowboarding,$24.58,$141.23
GameBoy Advance,Disney Sports Soccer,$13.54,$87.47
GameBoy Advance,Disney Toon Jetix Gameboy Advance SP,,
GameBoy Advance,Dogz 2,$8.87,$16.85
GameBoy Advance,Dogz Fashion,$4.00,$9.45
GameBoy Advance,Donkey Kong 3 E-Reader,$5.32,$9.99
GameBoy Advance,Donkey Kong Country 2 [Not for Resale],$31.99,
GameBoy Advance,Donkey Kong E-Reader,$9.75,$15.75
GameBoy Advance,Dora The Explorer: Dora's World Adventure,$3.64,$12.66
GameBoy Advance,Dora the Explorer Double Pack,$7.56,$15.32
GameBoy Advance,Dora the Explorer Super Star Adventures,$4.27,$8.61
GameBoy Advance,Downforce,$13.86,$30.49
GameBoy Advance,Dr. Sudoku,$6.77,$8.30
GameBoy Advance,Dragon Ball Z Legacy of Goku II [Not for Resale],,
GameBoy Advance,Dragon Ball Z Taiketsu & Yu-Yu Hakusho: Spirit Detective,,
GameBoy Advance,ESPN Great Outdoor Games Bass 2002,$5.71,$11.98
GameBoy Advance,ESPN International Winter Sports 2002,$7.99,$13.00
GameBoy Advance,ESPN Winter X-Games: Snowboarding,$3.49,$10.27
GameBoy Advance,EZ Flash IV,,
GameBoy Advance,EZ-Flash Junior,,
GameBoy Advance,EZ-Flash Omega Definitive Edition,,
GameBoy Advance,Elland: The Crystal Wars,$1.00,$14.44
GameBoy Advance,Enchanted Once Upon Andalasia,$6.96,$16.29
GameBoy Advance,EverDrive GBA Mini,$90.42,$101.79
GameBoy Advance,EverDrive GBA X5,$108.68,$119.50
GameBoy Advance,EverGirl,$6.48,$14.26
GameBoy Advance,Excitebike E-Reader,$8.30,$13.25
GameBoy Advance,F-24 Stealth Fighter,$6.41,$18.98
GameBoy Advance,F-Zero Maximum Velocity [Not for Resale],$58.82,
GameBoy Advance,F1 2002,$13.61,$29.95
GameBoy Advance,FIFA 2003,$8.00,$13.75
GameBoy Advance,FIFA 2004,$6.98,$15.00
GameBoy Advance,Fairly Odd Parents Clash with the Anti-World,$7.84,$24.37
GameBoy Advance,Finding Nemo The Continuing Adventures,$8.47,$13.85
GameBoy Advance,Finding Nemo and Monsters Inc Bundle,$3.74,$12.51
GameBoy Advance,Fire Emblem: The Binding Blade [Homebrew],$20.99,$120.24
GameBoy Advance,Fire Emblem: The Last Promise,$17.58,$38.94
GameBoy Advance,Flushed Away,$4.38,$15.46
GameBoy Advance,Ford Racing 3,$7.83,$27.35
GameBoy Advance,Franklin The Turtle,$8.95,$11.57
GameBoy Advance,Freekstyle,$7.22,$23.49
GameBoy Advance,Frogger Advance: The Great Quest,$13.30,$29.99
GameBoy Advance,GBA Jukebox,$117.50,$258.50
GameBoy Advance,GBA Video Cartoon Network Collection Volume 1,$10.00,$21.74
GameBoy Advance,GBA Video Cartoon Network Collection [Special Edition],$12.50,$32.50
GameBoy Advance,GBA Video Dora the Explorer Volume 1,$7.68,$18.01
GameBoy Advance,GBA Video Nicktoons Collection Volume 1 [Not for Resale],$20.00,
GameBoy Advance,GBA Video Strawberry Shortcake Volume 1,$6.62,$29.02
GameBoy Advance,GT Advance 2 Rally Racing,$9.77,$21.62
GameBoy Advance,Game Boy Advance Intec Special Edition Bundle Pak [Toys R Us Exclusive],,
GameBoy Advance,Game Boy Advance SP Leather Case,,
GameBoy Advance,Game Boy Micro Converter Connector,,
GameBoy Advance,GameBoy Advance SP Pearl Green [AGS-101],,
GameBoy Advance,Gameboy Advance Carrying Case [Flower],,
GameBoy Advance,Gameboy Advance SP Action Pack,$120.31,$256.67
GameBoy Advance,Gameboy Advance SP Carrying Case [Blue],,
GameBoy Advance,Gameboy Advance SP Carrying Case [Gray],,
GameBoy Advance,Gameboy Advance SP Pink Bag,,
GameBoy Advance,Gameboy Advance SP [Bulbasaur Edition],,
GameBoy Advance,Gameboy Advance SP [Kyogre Edition],,
GameBoy Advance,Gameboy Advance SP [Metroid Bundle],,
GameBoy Advance,Gameboy Advance SP [Super Mario World Bundle],,
GameBoy Advance,Gamester GBA Case,,
GameBoy Advance,Gamester Game Changer,$24.48,$53.86
GameBoy Advance,Gamester Traplight,,
GameBoy Advance,Golf E-Reader,,$9.99
GameBoy Advance,Goodboy Galaxy,$36.75,$60.28
GameBoy Advance,Green Eggs and Ham,$7.99,$25.00
GameBoy Advance,Harry Potter Quidditch World Cup [Not for Resale],$10.00,
GameBoy Advance,High Heat Baseball 2002,$5.61,$9.89
GameBoy Advance,High Heat Baseball 2003,$7.41,$11.84
GameBoy Advance,Hot Wheels Burnin Rubber,$9.80,$24.99
GameBoy Advance,Hot Wheels: Velocity X & Hot Wheels: World Race,$5.18,$12.09
GameBoy Advance,IK+,,
GameBoy Advance,IQue Gameboy Advance SP DK,,
GameBoy Advance,IQue Gameboy Advance SP Dragon,$269.80,$593.56
GameBoy Advance,IQue Gameboy Advance [Black],,
GameBoy Advance,IQue Gameboy Advance [Silver],,
GameBoy Advance,Ice Age,$7.99,$21.58
GameBoy Advance,Ice Climber E-Reader,$15.50,
GameBoy Advance,Intec FM Radio Tuner,$19.96,$43.91
GameBoy Advance,Intec Game Buds,,
GameBoy Advance,Intec Lighted Screen Shield,$10.00,$21.33
GameBoy Advance,Interact Glow Guard Gamboy Advance Light,,
GameBoy Advance,Island: Extreme Stunts,$7.41,$19.95
GameBoy Advance,Jonny Moseley Mad Trix,$5.45,$7.15
GameBoy Advance,Kerplunk / Toss Across / Tip It,$4.89,$5.48
GameBoy Advance,Kill.Switch,$25.10,$34.97
GameBoy Advance,Killer 3D Pool,$4.98,$7.99
GameBoy Advance,Kirby and the Amazing Mirror [Not for Resale],$50.00,
GameBoy Advance,Koala Brothers Outback Adventures,$6.34,$11.10
GameBoy Advance,Kong The Animated Series,$8.31,$15.00
GameBoy Advance,Land Before Time Into the Mysterious Beyond,$9.53,$32.40
GameBoy Advance,Let's Ride Friends Forever,$5.49,$7.42
GameBoy Advance,Light Shield Advance,$17.50,$37.92
GameBoy Advance,Lime Gameboy Advance SP [Donkey Kong Country Bundle],$250.00,$549.99
GameBoy Advance,Looney Tunes Back in Action,$7.99,$20.43
GameBoy Advance,M&M's Blast,$5.52,$21.49
GameBoy Advance,M&M's Break'Em,$4.94,$10.49
GameBoy Advance,MLB Slugfest 2004,$17.00,$64.68
GameBoy Advance,MX 2002,$6.47,$7.53
GameBoy Advance,Mad Catz Ergo Grips SP Purple,,
GameBoy Advance,Mad Catz Flip Light,$23.41,$51.85
GameBoy Advance,Madagascar Operation Penguin and Shrek 2,$6.80,$13.59
GameBoy Advance,Madagascar and Shrek 2,$10.13,$28.31
GameBoy Advance,Madcatz Gameboy Advance Light,,
GameBoy Advance,Madcatz Magnifier Light,$4.16,$9.22
GameBoy Advance,Madcatz System Link Cable,$6.25,$13.33
GameBoy Advance,Madden 2002,$9.18,$12.99
GameBoy Advance,Madden 2004,$5.94,$14.75
GameBoy Advance,Madden 2006,$6.12,$10.50
GameBoy Advance,Madden 2007,$14.99,$21.10
GameBoy Advance,Major League Baseball 2K7,$10.02,$16.22
GameBoy Advance,Manhole E-Reader,$7.41,$25.00
GameBoy Advance,March of the Penguins [Plush Toy Gift Pack],$23.21,$49.51
GameBoy Advance,Mario Bros E-Reader,$13.75,$16.10
GameBoy Advance,Mario Golf Advance Tour [Not for Resale],$25.74,
GameBoy Advance,Mario Tennis Power Tour [Not for Resale],$26.00,
GameBoy Advance,Mario vs. Donkey Kong [Not for Resale],$18.01,
GameBoy Advance,Mary Kate and Ashley Sweet 16,$4.95,$10.40
GameBoy Advance,Math Patrol: The Kleptoid Threat,$23.41,$23.49
GameBoy Advance,Mike Tyson Boxing,$28.49,$38.95
GameBoy Advance,Millipede / Super Breakout / Lunar Lander,$7.15,$9.51
GameBoy Advance,Monster Jam Maximum Destruction,$5.99,$17.73
GameBoy Advance,Monster Trucks Mayhem,$4.85,$9.91
GameBoy Advance,Moto GP,$13.28,$25.59
GameBoy Advance,Motocross Challenge [Homebrew],,
GameBoy Advance,Muppet Pinball Mayhem,$29.60,$98.89
GameBoy Advance,NBA Jam 2002,$11.02,$24.39
GameBoy Advance,Nancy Drew Message in a Haunted Mansion,$14.84,$35.49
GameBoy Advance,Nickelodeon 4 Games on One Game Pack [USA-1],,
GameBoy Advance,Nintendo E-Reader Pack [E3 2002 Special Edition],,
GameBoy Advance,Nintendo Gameboy Advance SP Travel Pouch,,
GameBoy Advance,Nyko 6-Pak Care Case,$18.97,$41.73
GameBoy Advance,Nyko Strong Box,$14.99,$32.98
GameBoy Advance,Nyko Worm Light Plus,,
GameBoy Advance,Oriental Blue [Homebrew],$22.88,$84.99
GameBoy Advance,Over the Hedge Hammy Goes Nuts,$5.28,$18.56
GameBoy Advance,"Paperboy, Rampage, Marble Madness, Klax",$9.50,$26.01
GameBoy Advance,Paws & Claws Pet Vet,$3.70,$9.25
GameBoy Advance,Pelican GameBoy Link Cable,,
GameBoy Advance,Peter Pan The Motion Picture Event,$7.62,$10.75
GameBoy Advance,Petz Vet,$7.12,$15.00
GameBoy Advance,Phil of the Future,$5.47,$7.71
GameBoy Advance,Pinball E-Reader,$13.45,$14.96
GameBoy Advance,Pinball Tycoon,$6.32,$14.09
GameBoy Advance,Platinum Gameboy Advance SP [Walmart Edition],$320.31,$683.33
GameBoy Advance,Pocket Professor KwikNotes,$7.06,$18.68
GameBoy Advance,Pokemon LeafGreen Version [Play On DS],$118.18,$259.99
GameBoy Advance,Pokemon Outlaw [Homebrew],$18.75,$50.00
GameBoy Advance,Pokemon Radical Red [Homebrew],$20.00,$37.99
GameBoy Advance,Pokemon Snakewood [Homebrew],$24.34,
GameBoy Advance,Pong / Asteroids / Yar's Revenge / Millipede / Super Breakout / Lunar Lander,,
GameBoy Advance,Powder,$79.99,$137.99
GameBoy Advance,Powerpuff Girls Mojo Jojo / Dexter's Laboratory Deesaster Strikes,$1.99,$5.00
GameBoy Advance,Prince of Persia Sands of Time [Not for Resale],$9.32,
GameBoy Advance,Punch King,$11.74,$41.90
GameBoy Advance,Puppy Luv Spa and Resort,$5.35,$8.94
GameBoy Advance,Rampage Puzzle Attack,$8.99,$24.95
GameBoy Advance,Rapala Pro Fishing,$5.27,$15.00
GameBoy Advance,Reggie's Radical Adventures [Homebrew],$9.99,
GameBoy Advance,Reign of Fire,$8.61,$19.38
GameBoy Advance,RetroDotCards Series One,,
GameBoy Advance,Rock 'em Sock 'em Robots,$4.56,$16.00
GameBoy Advance,Rocky,$9.98,$21.80
GameBoy Advance,Sabrina The Teenage Witch,$10.12,$44.99
GameBoy Advance,Sabrina The Teenage Witch: Potion Commotion,$10.12,$22.26
GameBoy Advance,Salt Lake 2002,$4.25,$8.00
GameBoy Advance,Shamu's Deep Sea Adventures,$5.29,$13.50
GameBoy Advance,Shrek Swamp Kart Speedway,$4.99,$19.99
GameBoy Advance,Smuggler's Run,$4.87,$12.70
GameBoy Advance,Snood 2 On Vacation,$5.34,$9.99
GameBoy Advance,Soccer Kid,$13.70,$19.90
GameBoy Advance,Soccer Mania,$4.76,$23.90
GameBoy Advance,SpongeBob SquarePants and Fairly OddParents,$7.10,$19.99
GameBoy Advance,Sports Illustrated For Kids Baseball,$4.36,$9.50
GameBoy Advance,Strawberry Shortcake Sweet Dreams,$13.93,$21.00
GameBoy Advance,Street Racing Syndicate,$15.00,$16.99
GameBoy Advance,Strike Force Hydra,$12.80,$32.34
GameBoy Advance,Sum of All Fears,$9.99,$18.09
GameBoy Advance,Super Mario Advance [Not for Resale],$32.78,
GameBoy Advance,Super Robot Wars Faceplate For GBA Micro,,
GameBoy Advance,Surf's Up,$4.22,$13.00
GameBoy Advance,Ten Pin Alley 2,$7.06,$21.99
GameBoy Advance,Tennis e-Reader,$8.00,$11.99
GameBoy Advance,Tetris Worlds [First Edition],,
GameBoy Advance,The Incredibles and Finding Nemo,$4.99,$15.99
GameBoy Advance,The Jungle Book,$8.75,$31.73
GameBoy Advance,The Meating,,
GameBoy Advance,The Muppets On With the Show,$7.94,$16.00
GameBoy Advance,Three Stooges,$11.49,$24.99
GameBoy Advance,Three Stooges [Limited Run],$21.87,$46.66
GameBoy Advance,Thunder Alley,$8.09,$22.49
GameBoy Advance,Thunderbirds,$4.99,$10.00
GameBoy Advance,Tiger Woods 2004,$5.30,$15.19
GameBoy Advance,Tonka On The Job,$5.66,$11.84
GameBoy Advance,Tony Hawk Downhill Jam,$5.00,$13.04
GameBoy Advance,Tony Hawk Kelly Slater Double Pak,$6.45,$40.00
GameBoy Advance,Top Gear Rally [Not for Resale],$47.47,
GameBoy Advance,Top Spin 2,$7.95,$8.71
GameBoy Advance,Totally Spies 2 Undercover,$21.03,$29.60
GameBoy Advance,Tremblay Island [Homebrew],,$99.69
GameBoy Advance,Tringo,$5.11,$14.74
GameBoy Advance,Ultimate Card Games,$12.20,$20.44
GameBoy Advance,Ultimate Game Library Case,$67.49,$110.00
GameBoy Advance,Ultimate Puzzle Games,$12.25,$14.99
GameBoy Advance,Uno 52,$4.54,$8.82
GameBoy Advance,Uno Freefall,$5.73,$11.49
GameBoy Advance,Virtua Tennis,$6.00,$13.10
GameBoy Advance,Virtual Kasparov,$10.17,$22.99
GameBoy Advance,Visteon Nintendo Gameboy Advance + DVD Player,$625.00,"$1,675.00"
GameBoy Advance,WTA Tour Tennis,$5.80,$12.75
GameBoy Advance,WWE Survivor Series,$12.50,$24.99
GameBoy Advance,Waimanu: Grinding Blocks Adventure [Homebrew],,
GameBoy Advance,Wakeboarding Unleashed,$8.00,$45.22
GameBoy Advance,Whac-A-Mole,$4.55,$6.88
GameBoy Advance,Wild Thornberry's Chimp Chase,$5.00,$15.00
GameBoy Advance,Wings Advance,$32.49,$67.49
GameBoy Advance,Winnie the Pooh Rumbly Tumbly Adventure,$6.38,$12.00
GameBoy Advance,Winx Club Quest for the Codex,$18.09,$39.99
GameBoy Advance,Wireless Messenger,$11.25,$24.00
GameBoy Advance,Wisdom Tree Video Game Collection,,
GameBoy Advance,World Reborn [Homebrew],,
GameBoy Advance,World Tennis Stars,$5.74,$17.99
GameBoy Advance,X-Bladez Inline Skater,$3.47,$7.49
GameBoy Advance,XS Moto,$8.99,$35.00
GameBoy Advance,Xeno Crisis,$72.55,$89.13
GameBoy Advance,Yoshi's Island: Super Mario Advance 3 [Not for Resale],$16.77,
GameBoy Advance,Yu-Gi-Oh GX Duel Academy [Not for Resale],,
GameBoy Advance,Zapper,$7.39,$24.95
GameBoy Advance,ZooCube,$8.35,$13.99
GameBoy Advance,Mad Catz Ultra Link SP Cable,$6.56,$13.99
GameBoy Advance,Nintendo e-Reader Sample Pack,,
GameBoy Advance,Gameboy Advance Indigo E-Reader Bundle,,
GameBoy Advance,GameBoy Advance AC Adapter Set,$6.00,
GameBoy Advance,Kien [Homebrew],$20.00,
GameBoy Advance,Mat Hoffman's Pro BMX 2,$7.23,$12.34
GameBoy Advance,The Lion King 3,,
GameBoy Advance,Metalgun Slinger [Homebrew],,
GameBoy Advance,Monster Bass Fishing,$9.99,$15.64
GameBoy Advance,Brother Bear & March Of The Penguins 2-Pack,,
GameBoy Advance,EZ-Flash Omega,$57.99,$127.58
GameBoy Advance,Light Magnifier,$18.49,$34.94
GameBoy Advance,Sigma Star Saga DX [Collector's Edition],,
GameBoy Advance,Game Boy Advance Game Case 3-Pack,,
GameBoy Advance,Game Boy Advance Carrying Case,$29.99,$65.98
GameBoy Advance,Game Boy Carrying Case [GBA500],,
GameBoy Advance,GameBoy Micro AC Adapter,$9.99,$21.98
GameBoy Advance,Game Boy Micro Silver Bonus Pack [Blister],,
GameBoy Advance,Camo Faceplate Joystick,,
GameBoy Advance,Donkey Kong Jr E-Reader,$9.40,$9.99
GameBoy Advance,Pelican Game Jackets,,
GameBoy Advance,Twin Kickers,,
GameBoy Advance,Game Elements Wireless Headphones,,
Nintendo DS,Pokemon Platinum,$150.15,$210.44
Nintendo DS,Pokemon SoulSilver Version,$136.65,$257.00
Nintendo DS,Pokemon HeartGold Version,$162.63,$227.45
Nintendo DS,Pokemon Black Version 2,$136.57,$192.18
Nintendo DS,Pokemon Black,$88.98,$124.50
Nintendo DS,Pokemon Diamond,$44.99,$74.96
Nintendo DS,Pokemon White,$89.99,$119.00
Nintendo DS,Pokemon White Version 2,$152.85,$199.99
Nintendo DS,Pokemon Pearl,$43.58,$89.99
Nintendo DS,Cory in the House,$21.36,$38.24
Nintendo DS,New Super Mario Bros,$17.49,$24.98
Nintendo DS,Pokemon SoulSilver Version [Pokewalker],$203.59,$383.25
Nintendo DS,Mario Kart DS,$14.99,$21.84
Nintendo DS,Pokemon HeartGold Version [Pokewalker],$250.00,$443.51
Nintendo DS,Metroid Prime Hunters,$29.99,$58.38
Nintendo DS,Chrono Trigger,$80.00,$126.50
Nintendo DS,Zelda Phantom Hourglass,$23.99,$40.00
Nintendo DS,Black Nintendo DS Lite,$65.47,$120.00
Nintendo DS,Super Mario 64 DS,$18.25,$25.39
Nintendo DS,Pokemon Mystery Dungeon Explorers of Sky,$117.47,$158.20
Nintendo DS,Zelda Spirit Tracks,$44.29,$66.30
Nintendo DS,Pokemon Ranger,$27.14,$46.19
Nintendo DS,Animal Crossing Wild World,$28.50,$42.90
Nintendo DS,Mario & Luigi: Bowser's Inside Story,$15.73,$26.30
Nintendo DS,Mario Party DS,$13.60,$20.77
Nintendo DS,Pokemon Conquest,$75.51,$119.56
Nintendo DS,Black Nintendo DSi System,$63.75,$63.79
Nintendo DS,Kirby Super Star Ultra,$25.05,$40.45
Nintendo DS,Pokemon Mystery Dungeon Blue Rescue Team,$19.99,$39.99
Nintendo DS,Resident Evil Deadly Silence,$69.99,$178.93
Nintendo DS,Pokemon Mystery Dungeon Explorers of Darkness,$20.00,$31.63
Nintendo DS,Nintendo DSi XL Midnight Blue,$136.19,$200.00
Nintendo DS,Nintendo DSi XL Red Limited Edition,$132.50,$390.32
Nintendo DS,Red Crimson & Black Nintendo DS Lite,$66.75,$130.00
Nintendo DS,Pokemon Mystery Dungeon Explorers of Time,$26.99,$43.98
Nintendo DS,Pokewalker,$87.98,$248.07
Nintendo DS,Jewel Time Deluxe,$17.99,$19.06
Nintendo DS,Grand Theft Auto: Chinatown Wars,$30.97,$60.44
Nintendo DS,Pokemon Ranger Shadows of Almia,$30.50,$47.99
Nintendo DS,Dialga and Palkia Nintendo DS Lite,$162.14,$404.73
Nintendo DS,Cobalt & Black Nintendo DS Lite,$59.97,$119.99
Nintendo DS,Kingdom Hearts 358/2 Days,$32.10,$46.72
Nintendo DS,Mario and Luigi Partners in Time,$28.31,$50.00
Nintendo DS,Super Princess Peach,$28.47,$49.27
Nintendo DS,Coral Pink Nintendo DS Lite,$54.99,$102.75
Nintendo DS,Dragon Quest IX: Sentinels of the Starry Skies,$29.18,$43.55
Nintendo DS,Dragon Quest V Hand of the Heavenly Bride,$132.50,$175.17
Nintendo DS,Final Fantasy III,$13.55,$16.19
Nintendo DS,Sonic Rush,$21.56,$33.99
Nintendo DS,Mario Hoops 3 on 3,$14.84,$25.94
Nintendo DS,Pokemon Ranger: Guardian Signs,$37.60,$55.00
Nintendo DS,Yoshi's Island DS,$15.00,$25.00
Nintendo DS,Fire Emblem Shadow Dragon,$36.00,$65.50
Nintendo DS,Pokemon White Nintendo DSi System,$257.30,"$1,129.99"
Nintendo DS,Rhythm Heaven,$34.84,$49.99
Nintendo DS,Mario vs. Donkey Kong Mini-Land Mayhem,$9.40,$13.60
Nintendo DS,Nintendo DSi XL Bronze,$127.52,$226.71
Nintendo DS,Gold Zelda Nintendo DS Lite [Limited Edition],$109.99,$299.99
Nintendo DS,World Ends With You,$38.93,$54.50
Nintendo DS,White Nintendo DS Lite,$58.26,$84.98
Nintendo DS,Castlevania Dawn of Sorrow,$24.53,$41.83
Nintendo DS,Dragon Quest IV Chapters of the Chosen,$44.89,$84.75
Nintendo DS,Pokemon HeartGold Version [Figure Bundle],"$1,009.82","$1,450.00"
Nintendo DS,Solatorobo: Red The Hunter,$229.99,$330.00
Nintendo DS,Plants vs. Zombies,$17.68,$24.91
Nintendo DS,Fossil Fighters Champions,$75.00,$90.00
Nintendo DS,Castlevania Order of Ecclesia,$28.28,$57.76
Nintendo DS,Blue Nintendo DSi System,$59.47,$61.38
Nintendo DS,Brain Age,$5.31,$6.87
Nintendo DS,Diddy Kong Racing DS,$12.99,$21.78
Nintendo DS,Chrono Trigger [First Print],$46.79,$129.21
Nintendo DS,Coraline,$133.84,$187.33
Nintendo DS,LEGO Star Wars Complete Saga,$9.99,$10.45
Nintendo DS,Black Reshiram & Zekrom Edition Nintendo DSi,$228.65,$750.00
Nintendo DS,Golden Sun: Dark Dawn,$18.60,$23.99
Nintendo DS,Nintendogs Lab and Friends,$11.92,$14.75
Nintendo DS,Castlevania Portrait of Ruin,$24.52,$36.92
Nintendo DS,"999: 9 Hours, 9 Persons, 9 Doors",$52.72,$71.03
Nintendo DS,Cooking Mama,$15.52,$20.81
Nintendo DS,The Wizard of Oz: Beyond the Yellow Brick Road,$122.08,$200.88
Nintendo DS,Nintendo DSi XL Burgundy,$133.23,$199.95
Nintendo DS,Kirby Squeak Squad,$26.03,$45.00
Nintendo DS,Brain Age 2,$3.22,$6.99
Nintendo DS,Kirby: Mass Attack,$22.33,$34.82
Nintendo DS,Metroid Prime Pinball,$39.99,$115.92
Nintendo DS,Platinum DS System,$43.55,$129.14
Nintendo DS,Dragon Quest VI: Realms of Revelation,$49.50,$99.50
Nintendo DS,Ultimate Mortal Kombat,$21.47,$29.74
Nintendo DS,Final Fantasy IV,$20.36,$28.10
Nintendo DS,Professor Layton and the Curious Village,$12.96,$17.99
Nintendo DS,Sonic Classic Collection,$12.08,$15.36
Nintendo DS,Fossil Fighters,$26.47,$39.27
Nintendo DS,LEGO Batman The Videogame,$9.25,$9.38
Nintendo DS,Pokemon Black [Code Bundle],"$3,571.43","$5,263.16"
Nintendo DS,Metroid Prime Hunters [First Hunt],$9.55,$13.91
Nintendo DS,Final Fantasy Tactics A2,$29.37,$43.76
Nintendo DS,Kingdom Hearts: Re:coded,$20.50,$36.45
Nintendo DS,Pokemon SoulSilver Version [Not For Resale],$163.24,
Nintendo DS,Mario and Sonic at the Olympic Games,$8.95,$12.00
Nintendo DS,Namco Museum,$8.50,$8.93
Nintendo DS,Radiant Historia,$32.14,$46.05
Nintendo DS,Dementium The Ward,$45.00,$65.22
Nintendo DS,Sonic Rush Adventure,$28.99,$37.49
Nintendo DS,Pokemon Trozei,$20.99,$67.58
Nintendo DS,LEGO Battles: Ninjago,$5.05,$6.39
Nintendo DS,Professor Layton and The Diabolical Box,$10.00,$14.72
Nintendo DS,Metallic Rose Nintendo DS Lite,$64.96,$111.43
Nintendo DS,The Legendary Starfy,$15.61,$23.99
Nintendo DS,Aliens: Infestation,$50.00,$82.29
Nintendo DS,Club Penguin: Elite Penguin Force,$6.18,$7.51
Nintendo DS,Scribblenauts,$5.85,$6.25
Nintendo DS,Guitar Hero On Tour [Bundle],$12.09,$19.99
Nintendo DS,Hotel Dusk Room 215,$22.91,$33.50
Nintendo DS,Blue DS System,$45.00,$195.40
Nintendo DS,Okami Den,$35.00,$55.47
Nintendo DS,Pokemon Dash,$21.44,$56.97
Nintendo DS,Pink Nintendo DSi System,$62.85,$88.09
Nintendo DS,Metallic Silver Nintendo DS Lite,$62.21,$112.85
Nintendo DS,Call of Duty Black Ops,$12.85,$18.19
Nintendo DS,Contra 4,$24.81,$41.89
Nintendo DS,Advance Wars Dual Strike,$25.73,$35.00
Nintendo DS,Wario Ware Touched,$19.99,$29.74
Nintendo DS,Mario and Sonic at the Olympic Winter Games,$10.00,$10.75
Nintendo DS,Star Fox Command,$12.75,$19.99
Nintendo DS,Trauma Center Under the Knife,$21.36,$28.99
Nintendo DS,Mario vs. Donkey Kong 2 March of Minis,$9.80,$13.79
Nintendo DS,Pokemon SoulSilver Version [Figure Bundle],$553.75,$795.00
Nintendo DS,Kirby Canvas Curse,$30.53,$50.22
Nintendo DS,Dementium II,$74.30,$183.08
Nintendo DS,Sonic Colors,$14.13,$22.40
Nintendo DS,Elite Beat Agents,$15.10,$21.28
Nintendo DS,Digimon World Dusk,$38.36,$120.00
Nintendo DS,Advance Wars Days of Ruin,$19.99,$24.97
Nintendo DS,Bakugan Battle Brawlers,$8.99,$9.99
Nintendo DS,Cooking Mama 2 Dinner With Friends,$15.00,$16.99
Nintendo DS,Little Red Riding Hood's Zombie BBQ,$68.24,$144.98
Nintendo DS,Metal Slug 7,$33.58,$76.36
Nintendo DS,Phoenix Wright Ace Attorney,$23.99,$32.34
Nintendo DS,Nintendogs Dachshund and Friends,$11.83,$16.28
Nintendo DS,Action Replay DS,$47.24,$66.16
Nintendo DS,Nintendo DSi XL Metallic Rose,$128.43,$249.99
Nintendo DS,Sonic Chronicles The Dark Brotherhood,$21.58,$33.74
Nintendo DS,The Simpsons Game,$22.19,$32.77
Nintendo DS,Big Brain Academy,$5.21,$5.94
Nintendo DS,Final Fantasy Crystal Chronicles Ring of Fates,$13.91,$17.99
Nintendo DS,Tetris DS,$22.27,$29.99
Nintendo DS,Wario Master of Disguise,$14.80,$26.83
Nintendo DS,Professor Layton and the Unwound Future,$14.99,$21.43
Nintendo DS,Spectrobes,$10.25,$12.00
Nintendo DS,Dragon Ball Z: Attack of the Saiyans,$44.99,$126.11
Nintendo DS,Pokemon [Not for Resale Arceus],"$3,375.00",
Nintendo DS,LEGO Indiana Jones The Original Adventures,$6.44,$7.95
Nintendo DS,Magician's Quest: Mysterious Times,$105.64,$177.35
Nintendo DS,Nintendogs Chihuahua and Friends,$10.28,$12.29
Nintendo DS,Chibi-Robo Park Patrol,$39.39,$71.00
Nintendo DS,Action Replay DSi,$55.24,$84.99
Nintendo DS,LEGO Harry Potter: Years 1-4,$8.60,$9.21
Nintendo DS,Children of Mana,$15.99,$27.24
Nintendo DS,Dragon Quest Monsters Joker,$22.00,$34.70
Nintendo DS,Final Fantasy XII Revenant Wings,$18.83,$25.81
Nintendo DS,Toy Story 3: The Video Game,$6.74,$9.95
Nintendo DS,Lime Green Nintendo DS Lite,$91.63,$101.52
Nintendo DS,MySims,$9.25,$10.39
Nintendo DS,White Nintendo DSi System,$62.25,$82.50
Nintendo DS,Zelda Twilight Princess [Preview Trailer],"$1,990.04","$4,749.00"
Nintendo DS,Mega Man Zero Collection,$19.99,$28.97
Nintendo DS,Flash Focus Vision Training,$3.51,$5.55
Nintendo DS,Harvest Moon DS,$21.44,$27.37
Nintendo DS,Digimon World Dawn,$36.07,$109.65
Nintendo DS,Mega Man ZX,$12.33,$24.86
Nintendo DS,Nintendo Nintendo DSi XL [Red Bundle With Mario Kart],$129.99,$446.66
Nintendo DS,Super Scribblenauts,$5.73,$6.01
Nintendo DS,LEGO Battles,$7.00,$7.44
Nintendo DS,Professor Layton and the Last Specter,$32.68,$49.95
Nintendo DS,Shin Megami Tensei: Strange Journey,$55.24,$86.42
Nintendo DS,Ghost Trick: Phantom Detective,$46.26,$65.00
Nintendo DS,Yoshi Touch and Go,$14.05,$20.00
Nintendo DS,Call of Duty 4 Modern Warfare,$9.61,$10.78
Nintendo DS,Dream Chronicles,$2.60,$7.99
Nintendo DS,"Sesame Street: Ready, Set, Grover!",$8.54,$12.99
Nintendo DS,Wario Ware D.I.Y.,$24.61,$35.21
Nintendo DS,Nintendo DSi XL [Black],$119.37,$430.43
Nintendo DS,Flower Sun and Rain,$98.06,$155.87
Nintendo DS,Blue Dragon: Awakened Shadow,$87.23,$198.79
Nintendo DS,Pokemon Platinum [Figure Bundle],$480.36,$672.50
Nintendo DS,Girls Only,$9.68,$47.00
Nintendo DS,River City Soccer Hooligans,$20.90,$55.67
Nintendo DS,Spiderman: Shattered Dimensions,$13.65,$19.97
Nintendo DS,Nintendogs Dalmatian and Friends,$12.34,$13.95
Nintendo DS,Izuna Legend of the Unemployed Ninja,$66.00,$94.09
Nintendo DS,Dragon Quest Monsters: Joker 2,$37.17,$47.69
Nintendo DS,Super Monkey Ball Touch & Roll,$9.25,$10.00
Nintendo DS,Shepherd's Crossing 2,$169.23,$255.77
Nintendo DS,Trace Memory,$14.99,$34.90
Nintendo DS,Final Fantasy: The 4 Heroes of Light,$19.99,$39.46
Nintendo DS,Guitar Hero On Tour Decades,$10.54,$27.50
Nintendo DS,Lunar Knights,$26.00,$60.00
Nintendo DS,Pokemon HeartGold Version [Not For Resale],$176.26,$207.50
Nintendo DS,Digimon World DS,$44.49,$140.00
Nintendo DS,Dragon Quest Heroes Rocket Slime,$36.58,$65.18
Nintendo DS,My Little Pony Pinkie Pie's Party,$8.50,$9.04
Nintendo DS,LEGO Star Wars III: The Clone Wars,$5.74,$6.24
Nintendo DS,Contact,$42.00,$75.68
Nintendo DS,Rune Factory A Fantasy Harvest Moon,$23.05,$29.99
Nintendo DS,Mega Man Star Force 3 Red Joker,$58.65,$114.99
Nintendo DS,Red Mario Kart Edition DS System,$56.50,$162.09
Nintendo DS,Drawn to Life,$7.96,$7.96
Nintendo DS,Style Savvy,$32.67,$38.99
Nintendo DS,Dragon Ball Origins,$27.96,$48.57
Nintendo DS,Ice Blue Nintendo DS Lite Limited Edition,$74.62,$110.00
Nintendo DS,Lunar Dragon Song,$14.95,$22.05
Nintendo DS,Phineas and Ferb,$6.75,$7.61
Nintendo DS,Hannah Montana,$5.55,$6.97
Nintendo DS,Izuna 2 The Unemployed Ninja Returns,$54.11,$118.57
Nintendo DS,Pokemon [Not for Resale Celebi],$49.00,
Nintendo DS,Spectrobes Beyond The Portals,$10.00,$16.99
Nintendo DS,Trauma Center Under the Knife 2,$41.54,$60.00
Nintendo DS,Mega Man ZX Advent,$12.74,$28.88
Nintendo DS,Wreck It Ralph,$5.96,$7.53
Nintendo DS,Best Buy Nintendo Zone Beacon,$33.91,$46.78
Nintendo DS,Command & Destroy,$16.38,$19.47
Nintendo DS,Drop Cast,$4.55,$9.81
Nintendo DS,I Love Beauty Hollywood Makeover,$3.92,$5.13
Nintendo DS,Mario Kart DS [Not for Resale],$449.99,
Nintendo DS,Petz: Dolphinz Encounter,$4.47,$5.76
Nintendo DS,Pink Nintendo DS Nintendogs Best Friends Edition,$97.91,$349.99
Nintendo DS,Scooby-Doo First Frights,$8.65,$10.71
Nintendo DS,The Sims 2,$24.99,$27.33
Nintendo DS,Winter's Tail,$6.13,$6.85
Nintendo DS,Tinker Bell,$11.84,$14.20
Nintendo DS,LEGO Batman 2,$7.81,$7.93
Nintendo DS,Phoenix Wright Ace Attorney: Trials and Tribulations,$24.51,$34.36
Nintendo DS,Transformers Autobots,$10.19,$11.58
Nintendo DS,Dragon Ball Z Supersonic Warriors 2,$22.16,$38.98
Nintendo DS,Wappy Dog with Toy,$17.66,$32.31
Nintendo DS,Matte Blue Nintendo DSi,$77.57,$86.97
Nintendo DS,Mega Man Star Force Dragon,$60.04,$88.49
Nintendo DS,Nintendo DS Lite Mario Red Limited Edition,$120.00,$247.71
Nintendo DS,DK Jungle Climber,$20.00,$23.99
Nintendo DS,Drawn to Life SpongeBob SquarePants Edition,$4.98,$8.03
Nintendo DS,Glory of Heracles,$10.49,$19.52
Nintendo DS,Nintendo DS [Metroid Prime Hunters First Hunt Edition],$79.99,$219.99
Nintendo DS,Cooking Mama 3: Shop & Chop,$13.75,$17.95
Nintendo DS,Max Media Player,$6.00,$15.51
Nintendo DS,Mega Man Star Force 3 Black Ace,$45.00,$84.03
Nintendo DS,Phoenix Wright: Ace Attorney Justice For All,$18.09,$25.64
Nintendo DS,1001 Touch Games,$6.56,$7.46
Nintendo DS,Ninja Gaiden: Dragon Sword,$13.97,$23.78
Nintendo DS,MySims Kingdom,$9.38,$9.50
Nintendo DS,Phantasy Star 0,$48.27,$67.55
Nintendo DS,LEGO Pirates of the Caribbean: The Video Game,$7.94,$8.99
Nintendo DS,Lufia: Curse of the Sinistrals,$48.99,$65.37
Nintendo DS,Mario and Sonic at the Olympic Games [Not for Resale],$45.00,
Nintendo DS,Sonic & SEGA All-Stars Racing,$9.99,$10.32
Nintendo DS,Sands of Destruction,$49.99,$89.97
Nintendo DS,Suikoden Tierkreis,$34.99,$64.00
Nintendo DS,Custom Robo Arena,$29.99,$44.70
Nintendo DS,Etrian Odyssey III: The Drowned City,$59.94,$83.13
Nintendo DS,Mystery Case Files MillionHeir,$2.53,$6.73
Nintendo DS,Star Wars Clone Wars Jedi Alliance,$6.99,$8.32
Nintendo DS,Cars,$5.13,$7.30
Nintendo DS,Naruto Ninja Council 3,$9.63,$10.26
Nintendo DS,Club House Games,$6.43,$8.75
Nintendo DS,Pearl Pink Nintendogs Edition DS System,$249.99,$349.99
Nintendo DS,Club Penguin Elite Penguin Force: Herbert's Revenge,$7.28,$9.99
Nintendo DS,Legacy of Ys: Books I & II,$63.23,$100.06
Nintendo DS,Devilish,$6.15,$11.62
Nintendo DS,Moon,$38.99,$66.12
Nintendo DS,Nostalgia,$25.53,$58.00
Nintendo DS,LEGO Star Wars II Original Trilogy,$7.50,$8.44
Nintendo DS,Nintendo DSi Red System,$62.49,$129.95
Nintendo DS,Infinite Space,$46.51,$82.50
Nintendo DS,KORG DS-10 Synthesizer,$39.00,$56.31
Nintendo DS,Bleach Blade of Fate,$11.64,$21.33
Nintendo DS,Dragon Ball: Origins 2,$36.97,$47.18
Nintendo DS,Orcs and Elves,$15.49,$24.23
Nintendo DS,WiFi USB Connector,$20.38,$24.84
Nintendo DS,Deal or No Deal,$4.56,$4.95
Nintendo DS,LEGO Indiana Jones 2: The Adventure Continues,$6.99,$8.03
Nintendo DS,Harvest Moon Island of Happiness,$14.99,$18.54
Nintendo DS,Shin Megami Tensei: Devil Survivor,$29.99,$47.43
Nintendo DS,Shin Megami Tensei: Devil Survivor 2,$23.48,$34.90
Nintendo DS,Ace Attorney Investigations: Miles Edgeworth,$19.95,$28.50
Nintendo DS,Call of Duty Modern Warfare Mobilized,$10.18,$13.16
Nintendo DS,Mega Man Star Force Leo,$27.37,$45.20
Nintendo DS,Star Wars The Force Unleashed,$6.84,$9.64
Nintendo DS,Inuyasha Secret of the Divine Jewel,$49.95,$84.03
Nintendo DS,Yu-Gi-Oh 5D's World Championship 2011: Over The Nexus,$57.99,$71.02
Nintendo DS,Magical Starsign,$18.00,$29.11
Nintendo DS,Seattle Mariners Nintendo DS Lite,$396.09,$628.36
Nintendo DS,Digimon World Championship,$31.84,$42.42
Nintendo DS,Touch the Dead,$16.52,$27.09
Nintendo DS,Yu-Gi-Oh World Championship 2007,$19.20,$25.00
Nintendo DS,Ace Attorney Apollo Justice,$19.67,$25.85
Nintendo DS,Mega Man Star Force Pegasus,$34.23,$47.48
Nintendo DS,Rune Factory 2,$28.17,$50.99
Nintendo DS,Star Wars Battlefront: Elite Squadron,$9.93,$10.18
Nintendo DS,The Sims 2: Pets,$6.90,$8.66
Nintendo DS,Electroplankton,$39.25,$59.99
Nintendo DS,Mega Man Battle Network 5 Double Team,$19.99,$36.84
Nintendo DS,Spiderman: Edge of Time,$9.00,$11.50
Nintendo DS,Yu-Gi-Oh Nightmare Troubadour,$29.98,$52.12
Nintendo DS,Blue Dragon Plus,$19.60,$39.99
Nintendo DS,Luminous Arc,$34.89,$60.21
Nintendo DS,Monster Tale,$28.87,$40.53
Nintendo DS,Spore Creatures,$6.39,$10.86
Nintendo DS,The Sims 2: Castaway,$14.97,$15.09
Nintendo DS,Pokemon Legendary Distribution,$420.50,$645.47
Nintendo DS,Assassins Creed Altair's Chronicles,$14.86,$18.61
Nintendo DS,Hello Kitty Party,$12.39,$14.99
Nintendo DS,Valkyrie Profile: Covenant of the Plume,$18.99,$27.00
Nintendo DS,Yu-Gi-Oh GX Spirit Caller,$27.95,$47.95
Nintendo DS,Avalon Code,$48.97,$90.82
Nintendo DS,Carnival Games,$5.97,$7.13
Nintendo DS,Cate West: The Vanishing Files,$6.00,$8.10
Nintendo DS,Knights in the Nightmare,$34.50,$65.13
Nintendo DS,Orange Naruto Nintendo DS Lite Limited Edition,$193.21,$449.99
Nintendo DS,The Dark Spire,$74.23,$114.97
Nintendo DS,Theresia,$51.99,$88.55
Nintendo DS,"Pokemon Distribution Cartridge [Pikachu, Colored Pichu & Jirachi]","$2,111.11","$3,710.00"
Nintendo DS,Final Fantasy Crystal Chronicles: Echoes of Time,$19.74,$28.20
Nintendo DS,Lock's Quest,$9.76,$12.38
Nintendo DS,Luminous Arc 2,$35.17,$61.90
Nintendo DS,Dr Jekyll & Mr Hyde,$12.04,$14.88
Nintendo DS,Legend of Spyro Dawn of the Dragon,$15.00,$18.27
Nintendo DS,Lost in Blue 3,$18.05,$22.82
Nintendo DS,Ratatouille,$9.52,$10.33
Nintendo DS,Spiderman Friend or Foe,$7.30,$9.99
Nintendo DS,Red DS System,$44.97,$66.47
Nintendo DS,Spiderman Web of Shadows,$18.60,$22.97
Nintendo DS,Tetris Party Deluxe,$9.99,$11.79
Nintendo DS,Bomberman,$11.57,$19.99
Nintendo DS,Black Sigil Blade of the Exiled,$50.00,$96.82
Nintendo DS,LEGO Lord Of The Rings,$8.59,$10.66
Nintendo DS,Plants vs. Zombies [Limited Edition Ugly Peashooter],$150.00,$210.00
Nintendo DS,Tangled,$6.74,$7.07
Nintendo DS,Barbie: Groom and Glam Pups,$5.99,$6.05
Nintendo DS,Ben 10 Protector of Earth,$4.99,$9.23
Nintendo DS,Beyblade: Metal Fusion,$6.29,$8.50
Nintendo DS,Zoo Tycoon,$6.61,$6.90
Nintendo DS,Lost Magic,$12.98,$20.00
Nintendo DS,Art Academy,$12.59,$13.61
Nintendo DS,Mega Man Star Force 2 Zerker X Ninja,$35.39,$47.62
Nintendo DS,Naruto Path of The Ninja,$11.79,$16.84
Nintendo DS,The Incredibles Rise of the Underminer,$9.28,$9.99
Nintendo DS,"The My World, My Way",$81.30,$139.99
Nintendo DS,Batman: The Brave and the Bold,$12.24,$14.28
Nintendo DS,Bratz Ponyz 2,$9.59,$13.99
Nintendo DS,Gold Zelda Nintendo DS,$124.95,$315.11
Nintendo DS,Battle of Giants: Dragons,$6.86,$8.95
Nintendo DS,Drawn to Life: The Next Chapter,$6.33,$6.47
Nintendo DS,Wedding Dash,$31.60,$43.33
Nintendo DS,Call of Duty World at War,$11.89,$15.58
Nintendo DS,Dragon Ball Z Harukanaru Densetsu,$15.48,$27.68
Nintendo DS,Mystery Dungeon Shiren the Wanderer,$18.84,$30.20
Nintendo DS,Phineas and Ferb: Across the 2nd Dimension,$5.87,$10.13
Nintendo DS,Action Replay DSi Updates,$88.75,$88.98
Nintendo DS,Barbie Fashion Show Eye for Style,$7.20,$10.01
Nintendo DS,Cars 2,$5.35,$8.56
Nintendo DS,Dokapon Journey,$56.57,$93.72
Nintendo DS,Meteos,$11.30,$18.58
Nintendo DS,Nanostray,$16.34,$26.64
Nintendo DS,Viewtiful Joe Double Trouble,$19.00,$40.37
Nintendo DS,Boogie,$2.71,$3.88
Nintendo DS,Bejeweled Twist,$5.98,$8.12
Nintendo DS,Feel the Magic XY XX,$10.06,$16.32
Nintendo DS,Jonas,$2.74,$4.09
Nintendo DS,Orange Nintendo DSi System,$95.00,$128.90
Nintendo DS,LEGO Harry Potter Years 5-7,$7.00,$9.01
Nintendo DS,Princess Debut,$58.13,$66.84
Nintendo DS,Age of Empires The Age of Kings,$10.50,$12.97
Nintendo DS,Gardening Mama,$10.00,$12.99
Nintendo DS,Transformers: Dark of the Moon Autobots,$7.97,$8.89
Nintendo DS,Henry Hatsworth in the Puzzling Adventure,$11.70,$20.74
Nintendo DS,Dinosaur King,$27.17,$38.05
Nintendo DS,Etrian Odyssey,$29.09,$50.00
Nintendo DS,Kung Zhu,$2.99,$6.23
Nintendo DS,Marvel Super Hero Squad,$6.91,$7.97
Nintendo DS,Ghostbusters: The Video Game,$9.69,$11.76
Nintendo DS,Fullmetal Alchemist Dual Sympathy,$26.66,$41.00
Nintendo DS,Goosebumps HorrorLand,$11.99,$14.37
Nintendo DS,Guitar Hero Nintendo DS Limited Edition,$65.00,$104.67
Nintendo DS,LEGO Marvel Super Heroes: Universe in Peril,$5.96,$7.34
Nintendo DS,Retro Game Challenge,$38.34,$62.38
Nintendo DS,Transformers: War for Cybertron Autobots,$14.90,$18.18
Nintendo DS,Game & Watch Collection 2,$46.64,$64.92
Nintendo DS,Bangai O Spirits,$24.31,$35.24
Nintendo DS,Disney Pixar Up,$4.45,$5.99
Nintendo DS,Hello Kitty Big City Dreams,$15.93,$18.30
Nintendo DS,Lost in Blue 2,$16.45,$20.79
Nintendo DS,SimCity,$8.05,$9.46
Nintendo DS,Space Bust-A-Move,$10.00,$17.40
Nintendo DS,Super Robot Taisen OG Saga Endless Frontier,$67.50,$142.10
Nintendo DS,TMNT,$6.53,$11.00
Nintendo DS,Yu-Gi-Oh 5D's World Championship 2010: Reverse of Arcadia,$25.57,$31.69
Nintendo DS,Spyro Shadow Legacy,$9.99,$13.93
Nintendo DS,Crafting Mama,$13.99,$15.25
Nintendo DS,Legend of Spyro The Eternal Night,$11.23,$17.49
Nintendo DS,New Super Mario Bros [Not for Resale],$35.84,
Nintendo DS,Pirates of the Caribbean At World's End,$4.99,$7.99
Nintendo DS,Polarium,$4.20,$5.00
Nintendo DS,Spiderman 3,$9.49,$14.50
Nintendo DS,Trash Pack,$6.08,$7.19
Nintendo DS,Zoo Tycoon 2,$7.40,$8.14
Nintendo DS,Lost in Blue,$20.23,$32.96
Nintendo DS,SpongeBob's Atlantis SquarePantis,$6.36,$9.00
Nintendo DS,Alice in Wonderland: The Movie,$10.49,$13.98
Nintendo DS,Disgaea DS,$14.22,$19.44
Nintendo DS,Naruto Path of the Ninja 2,$17.99,$27.27
Nintendo DS,Nintendo DSi XL w/ Mario vs. Donkey Kong,$396.65,$584.54
Nintendo DS,Rayman DS,$9.99,$14.00
Nintendo DS,Sideswiped,$47.61,$123.16
Nintendo DS,The Urbz Sims in the City,$38.00,$44.21
Nintendo DS,Transformers Decepticons,$10.68,$14.95
Nintendo DS,Zelda Spirit Tracks [Not for Resale],$48.11,
Nintendo DS,America's Test Kitchen: Let's Get Cooking,$4.09,$5.00
Nintendo DS,Naruto: Ninja Destiny,$8.27,$13.43
Nintendo DS,Scooby Doo Who's Watching Who,$11.19,$16.90
Nintendo DS,Adventure Time: Hey Ice King,$14.75,$25.65
Nintendo DS,Green Nintendo DSi System,$97.47,$100.00
Nintendo DS,SpongeBob's Boating Bash,$7.50,$8.01
Nintendo DS,Tony Hawk American Sk8land,$11.00,$17.98
Nintendo DS,Bookworm,$9.99,$11.49
Nintendo DS,Build-A-Bear Workshop,$6.94,$7.54
Nintendo DS,Chaotic: Shadow Warriors,$6.74,$8.75
Nintendo DS,Diner Dash Sizzle and Serve,$20.24,$25.71
Nintendo DS,Final Fantasy Fables Chocobo Tales,$16.11,$23.64
Nintendo DS,Galactic Taz Ball,$2.83,$8.28
Nintendo DS,Godzilla Unleashed,$22.03,$34.17
Nintendo DS,Nintendogs Best Friends,$23.31,$30.00
Nintendo DS,Personal Trainer Cooking,$3.75,$5.95
Nintendo DS,Puzzle Quest Challenge of the Warlords,$7.31,$9.60
Nintendo DS,Star Wars Clone Wars: Republic Heroes,$6.36,$7.10
Nintendo DS,High School Musical 3 Senior Year,$4.15,$5.00
Nintendo DS,Battleship / Connect Four / Sorry / Trouble,$5.60,$8.00
Nintendo DS,Breast Cancer Nintendo DS Lite,$92.91,$111.45
Nintendo DS,I Spy Funhouse,$3.90,$6.00
Nintendo DS,Littlest Pet Shop Garden,$10.25,$13.48
Nintendo DS,Monster High: Ghoul Spirit,$10.64,$11.82
Nintendo DS,Petz Wild Animals Dolphinz,$5.03,$7.57
Nintendo DS,Petz: Nursery 2,$5.42,$6.00
Nintendo DS,Yu-Gi-Oh World Championship 2008,$33.45,$39.99
Nintendo DS,Pokemon Celebi Distribution Cartridge,$164.99,$174.99
Nintendo DS,Commando: Steel Disaster,$65.42,$245.07
Nintendo DS,Puzzler Collection,$3.88,$7.50
Nintendo DS,Viva Pinata Pocket Paradise,$21.72,$25.39
Nintendo DS,ATV Thunder Ridge Riders and Monster Truck Mayhem,$4.48,$5.83
Nintendo DS,Amazing Spiderman,$9.98,$11.14
Nintendo DS,Assassin's Creed II: Discovery,$14.34,$23.99
Nintendo DS,From the Abyss,$24.76,$49.99
Nintendo DS,Fullmetal Alchemist Trading Card Game,$32.94,$48.56
Nintendo DS,Transformers: Revenge of the Fallen Autobots,$6.80,$9.70
Nintendo DS,Windy x Windam,$16.27,$33.05
Nintendo DS,Disney Friends,$6.29,$6.45
Nintendo DS,Dogz,$19.97,$21.33
Nintendo DS,Harvest Moon: Grand Bazaar,$38.51,$56.06
Nintendo DS,KORG DS-10 Synthesizer Plus,$46.99,$91.25
Nintendo DS,Mushroom Men Rise of the Fungi,$9.38,$11.21
Nintendo DS,My Word Coach,$3.62,$4.67
Nintendo DS,Rhapsody A Musical Adventure,$26.32,$27.49
Nintendo DS,Speed Racer Video Game,$8.27,$14.94
Nintendo DS,Teenage Zombies,$7.97,$11.14
Nintendo DS,Purr Pals,$8.73,$12.00
Nintendo DS,Zhu Zhu Pets,$6.99,$7.37
Nintendo DS,007 GoldenEye,$13.99,$19.99
Nintendo DS,Cars Race-O-Rama,$6.00,$8.91
Nintendo DS,Drone Tactics,$55.24,$99.16
Nintendo DS,Front Mission,$28.98,$33.86
Nintendo DS,Harry Potter and the Goblet of Fire,$7.85,$10.99
Nintendo DS,Harvest Moon: The Tale of Two Towns,$20.92,$23.41
Nintendo DS,Indiana Jones and the Staff of Kings,$4.34,$7.48
Nintendo DS,Marvel Ultimate Alliance 2,$10.14,$16.61
Nintendo DS,Sarah: Keeper Of The Unicorn,$18.77,$69.02
Nintendo DS,Wipeout: The Game,$4.28,$5.85
Nintendo DS,Guitar Hero: On Tour Guitar Grip,$12.00,$20.01
Nintendo DS,Pokemon [Not for Resale Diamond & Pearl],$916.28,
Nintendo DS,A Witch's Tale,$49.88,$89.80
Nintendo DS,Disney Princess Magical Jewels,$6.20,$7.38
Nintendo DS,High School Musical Making the Cut,$3.90,$5.97
Nintendo DS,Iron Man 2,$5.14,$10.77
Nintendo DS,Might and Magic: Clash of Heroes,$17.98,$24.96
Nintendo DS,Naruto Shippuden: Ninja Council 4,$9.67,$13.00
Nintendo DS,Paws & Claws Pampered Pets,$4.39,$6.24
Nintendo DS,Game & Watch Collection,$28.49,$30.99
Nintendo DS,Phineas and Ferb Ride Again,$4.58,$5.59
Nintendo DS,DS Rumble Pak,$24.68,$37.76
Nintendo DS,Darkrai Distribution,"$1,937.94","$3,250.00"
Nintendo DS,Harvest Moon DS Cute,$36.99,$45.52
Nintendo DS,Harvest Moon: Frantic Farming,$11.79,$16.28
Nintendo DS,Imagine Fashion Designer,$6.00,$6.50
Nintendo DS,Master of Illusion,$6.25,$9.82
Nintendo DS,Petz Dogz 2,$6.06,$6.25
Nintendo DS,Pink Nintendo DS System,,
Nintendo DS,Power Rangers Samurai,$6.59,$8.18
Nintendo DS,Ridge Racer DS,$9.47,$14.83
Nintendo DS,Sesame Street: Elmo's A-To-Zoo Adventure,$7.70,$8.16
Nintendo DS,Spiderman 2,$8.42,$11.59
Nintendo DS,WWE Smackdown vs. Raw 2009,$7.49,$12.17
Nintendo DS,Witch's Wish,$54.99,$80.13
Nintendo DS,MySims Agents,$6.50,$12.92
Nintendo DS,Age of Empires Mythologies,$9.19,$14.07
Nintendo DS,Asphalt 2: Urban GT,$10.49,$14.57
Nintendo DS,Ben 10 Alien Force,$5.05,$7.97
Nintendo DS,Bomberman Land Touch 2,$27.74,$56.95
Nintendo DS,Civilization Revolution,$9.99,$14.34
Nintendo DS,Emily the Strange: Strangerous,$70.24,$99.48
Nintendo DS,Harry Potter and the Half-Blood Prince,$9.16,$9.95
Nintendo DS,Imagine Babyz,$3.31,$4.97
Nintendo DS,Legacy Of Ys: Books I & II [Launch Edition],$71.78,$115.99
Nintendo DS,Paws & Claws Pet Vet,$3.76,$6.38
Nintendo DS,Pirates of the Caribbean Dead Man's Chest,$7.48,$7.76
Nintendo DS,Pokemon Pearl [Carrying Case Bundle],$541.07,$777.00
Nintendo DS,Powerbike,$40.49,$175.00
Nintendo DS,Puzzler World 2,$19.95,$33.17
Nintendo DS,Tom and Jerry Tales,$8.00,$9.99
Nintendo DS,Animal Crossing Wild World [Not for Resale],$140.00,
Nintendo DS,Asphalt Urban GT,$6.51,$11.99
Nintendo DS,Bleach: The 3rd Phantom,$53.20,$71.25
Nintendo DS,Crosswords DS,$3.08,$6.12
Nintendo DS,"Ed, Edd n Eddy: Scam of the Century",$39.94,$69.99
Nintendo DS,Emergency Room: Real Life Rescues,$7.92,$10.39
Nintendo DS,Go Go's Crazy Bones,$3.20,$6.71
Nintendo DS,Mega Man Star Force 2 Zerker X Saurian,$34.09,$36.62
Nintendo DS,MySims Racing,$7.23,$9.55
Nintendo DS,Pokemon [Not for Resale Dragonite],"$1,500.00",
Nintendo DS,Spiderman Battle for New York,$12.35,$18.92
Nintendo DS,Super Dodgeball Brawlers,$10.82,$17.55
Nintendo DS,Tinker Bell and the Great Fairy Rescue,$10.50,$14.99
Nintendo DS,Tinker Bell and the Lost Treasure,$8.99,$12.54
Nintendo DS,True Swing Golf,$5.50,$7.45
Nintendo DS,Call of Duty Modern Warfare 3,$12.33,$14.35
Nintendo DS,The Backyardigans,$6.92,$7.99
Nintendo DS,SpongeBob SquarePants Featuring Nicktoons Globs of Doom,$7.61,$8.88
Nintendo DS,50 Classic Games,$6.99,$7.30
Nintendo DS,Crash of the Titans,$9.80,$13.99
Nintendo DS,Harry Potter and the Order of the Phoenix,$8.98,$10.40
Nintendo DS,My Farm Around The World,$5.29,$6.08
Nintendo DS,Nancy Drew The Mystery of the Clue Bender Society,$5.98,$6.70
Nintendo DS,Petz Hamsterz Life 2,$4.84,$5.00
Nintendo DS,Prey The Stars,$15.89,$28.92
Nintendo DS,Prince of Persia: The Forgotten Sands,$5.11,$8.72
Nintendo DS,Rayman Raving Rabbids,$7.98,$12.46
Nintendo DS,Rondo of Swords,$25.59,$45.89
Nintendo DS,Rune Factory 3,$25.16,$39.45
Nintendo DS,SpongeBob's Truth or Square,$6.18,$6.71
Nintendo DS,Nintendo DS Browser,$8.66,$12.18
Nintendo DS,CSI Dark Motives,$4.09,$8.44
Nintendo DS,Despicable Me Minion Mayhem,$5.73,$7.16
Nintendo DS,Hoppie,$15.41,$70.00
Nintendo DS,Metallic Blue Nintendo DSi System,$56.07,$59.33
Nintendo DS,Mr Driller Drill Spirits,$9.79,$15.99
Nintendo DS,Plushees,$4.99,$8.85
Nintendo DS,Prince of Persia Fallen King,$6.99,$9.43
Nintendo DS,Snood 2 on Vacation,$4.22,$5.99
Nintendo DS,Spectral Force Genesis,$10.04,$18.91
Nintendo DS,Squinkies 2,$4.82,$12.25
Nintendo DS,Star Wars Episode III Revenge of the Sith,$14.97,$17.10
Nintendo DS,The Dark Spire [Soundtrack Bundle],$111.00,$124.44
Nintendo DS,Tomb Raider Legend,$12.90,$24.69
Nintendo DS,Monster Jam Urban Assault,$6.38,$7.47
Nintendo DS,Again,$9.95,$24.99
Nintendo DS,Animal Boxing,$9.96,$14.81
Nintendo DS,Bejeweled 3,$6.37,$12.24
Nintendo DS,Bleach Dark Souls,$24.87,$29.39
Nintendo DS,Frozen: Olaf's Quest,$6.46,$6.97
Nintendo DS,Guitar Hero: On Tour (game only),$8.40,$12.22
Nintendo DS,Legend of Spyro A New Beginning,$11.42,$12.74
Nintendo DS,Lord of the Rings Conquest,$11.64,$15.93
Nintendo DS,Mint Green Nintendo DS Lite System,,
Nintendo DS,Pac Pix,$6.77,$9.99
Nintendo DS,Power Rangers Super Legends,$10.79,$11.89
Nintendo DS,River King Mystic Valley,$21.67,$40.93
Nintendo DS,Team Umizoomi,$4.75,$7.75
Nintendo DS,Tokyo Beat Down,$42.00,$84.94
Nintendo DS,Veggy World,$35.94,$210.00
Nintendo DS,Winx Club Mission Enchantix,$26.65,$36.24
Nintendo DS,X-Men: Destiny,$7.69,$8.27
Nintendo DS,Yu-Gi-Oh 5D's Stardust Accelerator World Championship Tournament 2009,$26.37,$27.99
Nintendo DS,Zoo Keeper,$6.44,$11.99
Nintendo DS,Heroes of Mana,$20.00,$30.74
Nintendo DS,1 vs 100,$4.54,$6.23
Nintendo DS,"Barbie: Jet, Set & Style",$7.07,$7.99
Nintendo DS,Broken Sword The Shadow of the Templars,$7.57,$12.56
Nintendo DS,G-Force,$3.26,$5.07
Nintendo DS,Hoshigami Remix,$15.07,$39.25
Nintendo DS,Michael Jackson: The Experience,$6.95,$8.85
Nintendo DS,Minute to Win It,$4.99,$5.74
Nintendo DS,Monster Rancher DS,$29.66,$50.00
Nintendo DS,Nicktoons Attack of the Toybots,$7.00,$9.98
Nintendo DS,Pokemon Meloetta Distribution Cartridge,$299.84,
Nintendo DS,Populous DS,$9.95,$12.30
Nintendo DS,Rock Band 3,$9.00,$12.87
Nintendo DS,Rudolph the Red-Nosed Reindeer,$4.92,$7.95
Nintendo DS,Santa Claus Is Coming To Town,$8.00,$9.42
Nintendo DS,Splinter Cell Chaos Theory,$7.82,$12.98
Nintendo DS,Uno & SkipBo & Free Fall,$5.25,$7.21
Nintendo DS,WWE Smackdown vs. Raw 2010,$11.65,$11.96
Nintendo DS,Wizards of Waverly Place,$6.30,$7.00
Nintendo DS,Zenses Rainforest,$2.99,$4.96
Nintendo DS,Bolt,$3.80,$5.31
Nintendo DS,Bubble Bobble Double Shot,$12.00,$16.72
Nintendo DS,Clue/Mouse Trap/Perfection/Aggravation,$5.19,$6.24
Nintendo DS,Hell's Kitchen,$8.62,$14.20
Nintendo DS,Homie Rollerz,$11.55,$20.12
Nintendo DS,Imagine Animal Doctor,$4.14,$5.53
Nintendo DS,Iron Man,$5.02,$8.16
Nintendo DS,Pokemon [Not for Resale Deoxys],"$1,631.49",
Nintendo DS,Shaun White Snowboarding,$5.68,$6.88
Nintendo DS,Shrek's Carnival Craze & Madagascar Kartz,$5.42,$6.40
Nintendo DS,SpongeBob SquarePants Yellow Avenger,$6.25,$9.68
Nintendo DS,Stitch Jam,$9.99,$14.54
Nintendo DS,Sudoku Mania,$4.22,$4.22
Nintendo DS,Tamagotchi Connection Corner Shop,$26.46,$30.00
Nintendo DS,Teal Nintendogs Edition DS System,$45.00,$164.80
Nintendo DS,Transformers: War for Cybertron Decepticons,$11.41,$19.18
Nintendo DS,Xia-Xia,$4.92,$7.00
Nintendo DS,Tao's Adventure Curse of the Demon Seal,$20.33,$21.93
Nintendo DS,Madagascar Escape 2 Africa,$5.83,$7.24
Nintendo DS,Hannah Montana Music Jam,$4.70,$6.02
Nintendo DS,101-in-1 Explosive Megamix,$4.89,$7.96
Nintendo DS,Alvin and The Chipmunks: The Squeakquel,$5.66,$8.47
Nintendo DS,Are You Smarter Than A 5th Grader,$3.57,$5.99
Nintendo DS,Backyard Sports: Sandlot Sluggers,$4.13,$6.07
Nintendo DS,Band Hero,$7.24,$26.74
Nintendo DS,Bionicle Heroes,$13.58,$23.03
Nintendo DS,Black Nintendo DS System,$39.00,$54.60
Nintendo DS,Bratz Forever Diamondz,$13.12,$15.59
Nintendo DS,Crash Mind Over Mutant,$10.08,$14.07
Nintendo DS,Death Jr & the Science Fair of Doom,$10.86,$19.20
Nintendo DS,Drawn to Life Collection,$13.96,$21.66
Nintendo DS,Ener-G Horse Riders,$4.49,$5.35
Nintendo DS,Garfield Gets Real,$5.14,$6.00
Nintendo DS,Garfield's Fun Fest,$5.43,$6.77
Nintendo DS,Gremlins Gizmo,$6.50,$14.82
Nintendo DS,Grey's Anatomy The Video Game,$33.69,$38.23
Nintendo DS,Guinness World Records The Video Game,$2.37,$4.98
Nintendo DS,Gunpey,$5.95,$10.17
Nintendo DS,Harvest Moon: Sunshine Islands,$24.46,$26.04
Nintendo DS,Hot Wheels: Battle Force 5,$5.49,$6.97
Nintendo DS,Hot Wheels: Track Attack,$4.46,$6.00
Nintendo DS,Ice Age 2 The Meltdown,$7.03,$7.12
Nintendo DS,Imagine Figure Skater,$9.12,$9.13
Nintendo DS,Kamen Rider: Dragon Knight,$28.03,$59.43
Nintendo DS,MX vs ATV Untamed,$4.96,$6.94
Nintendo DS,Magnetica,$6.54,$11.21
Nintendo DS,Miami Law,$12.91,$30.40
Nintendo DS,Paws and Claws Dogs and Cats Best Friends,$3.99,$5.97
Nintendo DS,Paws and Claws Pet Resort,$3.99,$7.06
Nintendo DS,Peter Jackson's King Kong,$5.12,$11.97
Nintendo DS,Petz Catz 2,$6.23,$6.67
Nintendo DS,Planet Puzzle League,$8.45,$11.38
Nintendo DS,Point Blank,$13.84,$29.97
Nintendo DS,Rain Drops,$11.92,$14.97
Nintendo DS,Snowboard Kids,$22.16,$54.14
Nintendo DS,Spitfire Heroes: Tales of the Royal Air Force,$5.12,$7.50
Nintendo DS,Star Wars Lethal Alliance,$9.71,$11.48
Nintendo DS,Thundercats,$19.84,$32.17
Nintendo DS,Tony Hawk Motion,$5.25,$12.17
Nintendo DS,Where's Waldo? The Fantastic Journey,$7.34,$13.09
Nintendo DS,Winx Club Quest for the Codex,$24.62,$32.00
Nintendo DS,Battle of Giants: Dinosaurs,$7.75,$8.99
Nintendo DS,Peggle Dual Shot,$20.12,$31.72
Nintendo DS,Pokemon Mystery Dungeon: Explorers of Time [Bonus Explorers Guide],$135.89,$195.01
Nintendo DS,Memory Expansion Pak [DS Lite],,
Nintendo DS,007 Blood Stone,$17.90,$20.18
Nintendo DS,007 Quantum of Solace,$6.76,$10.40
Nintendo DS,100 All-Time Favorites,$4.56,$6.96
Nintendo DS,Adventure Time: Hey Ice King [Collector's Edition],$68.25,$74.99
Nintendo DS,Cars Mater-National Championship,$7.90,$9.46
Nintendo DS,Chicken Shoot,$4.54,$4.99
Nintendo DS,Cloudy with a Chance of Meatballs,$6.36,$6.60
Nintendo DS,Crash Boom Bang,$8.99,$14.00
Nintendo DS,Discovery Kids: Parrot,$8.20,$10.48
Nintendo DS,Disney Planes,$3.18,$8.77
Nintendo DS,Dreamworks Super Star Kartz,$6.75,$8.94
Nintendo DS,Etrian Odyssey II Heroes of Lagaard,$41.01,$44.35
Nintendo DS,Fighting Fantasy: The Warlock of Firetop Mountain,$70.00,$188.80
Nintendo DS,Foto Showdown,$19.34,$44.47
Nintendo DS,Hot Wheels Beat That,$6.23,$8.28
Nintendo DS,How to Train Your Dragon,$8.50,$10.30
Nintendo DS,I SPY Universe/I SPY Fun House Game Pack,$6.72,$8.22
Nintendo DS,Ivy the Kiwi,$20.81,$34.80
Nintendo DS,Lifesigns Surgical Unit,$11.49,$14.99
Nintendo DS,Lord of the Rings: Aragorn's Quest,$5.23,$9.48
Nintendo DS,Loving Life with Hello Kitty and Friends,$14.95,$16.01
Nintendo DS,MX vs. ATV Reflex,$5.43,$5.92
Nintendo DS,Mario & Luigi: Bowser's Inside Story [Not for Resale],$28.07,
Nintendo DS,Marker Man Adventures,$4.20,$4.50
Nintendo DS,Napoleon Dynamite,$7.79,$12.98
Nintendo DS,Nintendo DSi Development Kit [Panda],$547.50,$766.50
Nintendo DS,Personal Trainer Math,$3.98,$6.88
Nintendo DS,Petz Horsez 2,$4.93,$6.99
Nintendo DS,Ping Pals,$4.13,$6.89
Nintendo DS,Press Your Luck: 2010 Edition,$5.27,$15.40
Nintendo DS,Professor Brainium's Games,$2.91,$4.06
Nintendo DS,Rayman Raving Rabbids 2,$6.01,$9.09
Nintendo DS,Robocalypse,$8.94,$16.94
Nintendo DS,Robots,$5.00,$7.94
Nintendo DS,Sega Superstars Tennis,$7.22,$7.72
Nintendo DS,Sim Animals,$9.98,$10.99
Nintendo DS,Tamagotchi Connection Corner Shop 3,$38.89,$45.34
Nintendo DS,The Legend of Kage 2,$12.01,$14.85
Nintendo DS,The Sims 2: Apartment Pets,$6.95,$8.52
Nintendo DS,The Sims 3,$15.17,$23.21
Nintendo DS,The Wonder Pets Save the Animals,$4.99,$6.58
Nintendo DS,Tiger Woods 2005,$5.69,$6.43
Nintendo DS,Tony Hawk Proving Ground,$6.99,$9.26
Nintendo DS,Ultimate Band,$4.26,$4.38
Nintendo DS,Witches & Vampires,$7.79,$9.14
Nintendo DS,Exit DS,$4.20,$6.30
Nintendo DS,Space Invaders Extreme 2,$9.06,$14.95
Nintendo DS,Finding Nemo Escape to the Big Blue [Special Edition],$6.02,$7.24
Nintendo DS,Atelier Annie: Alchemists of Sera Island,$43.41,$81.51
Nintendo DS,Bakugan Battle Trainer,$6.15,$10.01
Nintendo DS,Biker Mice From Mars,$17.98,$34.74
Nintendo DS,Brain Age [Not For Resale],$48.07,
Nintendo DS,Chronicles of Narnia Prince Caspian,$5.42,$6.59
Nintendo DS,Duke Nukem: Critical Mass,$25.00,$32.47
Nintendo DS,Eragon,$7.52,$10.00
Nintendo DS,Fantastic 4 Rise of the Silver Surfer,$5.42,$5.84
Nintendo DS,Garfield's Nightmare,$12.43,$17.43
Nintendo DS,Glory Days 2,$8.49,$14.99
Nintendo DS,Insecticide,$6.13,$10.73
Nintendo DS,Kung Fu Panda 2,$5.99,$6.61
Nintendo DS,Lego Star Wars III: The Clone Wars [Funko Collector's Pack],$24.52,$40.14
Nintendo DS,Little Mermaid Ariel's Undersea Adventure,$5.92,$7.49
Nintendo DS,Logic Machines,$5.99,$8.45
Nintendo DS,Mage Knight Destiny's Soldier,$9.99,$18.49
Nintendo DS,Monster Jam: Path of Destruction,$7.63,$8.18
Nintendo DS,My Amusement Park & Digging for Dinosaurs,$5.73,$6.48
Nintendo DS,My Japanese Coach,$15.00,$21.34
Nintendo DS,My Stop Smoking Coach,$7.88,$14.44
Nintendo DS,My Weight Loss Coach,$3.40,$7.45
Nintendo DS,Nacho Libre,$11.94,$20.00
Nintendo DS,Pokemon Mystery Dungeon Blue Rescue Team [Not for Resale],$199.99,
Nintendo DS,Pokemon Mystery Dungeon Explorers of Darkness [Not for Resale],$116.39,
Nintendo DS,Pokemon [Not For Resale Pikachu],"$1,976.45",
Nintendo DS,Pokemon [Not for Resale Secret Egg],$949.50,
Nintendo DS,Puyo Pop Fever,$21.99,$35.00
Nintendo DS,Rayman Raving Rabbids TV Party,$4.21,$6.03
Nintendo DS,Squeeballs Party,$5.45,$5.46
Nintendo DS,Squinkies,$5.82,$8.65
Nintendo DS,Touch Detective 2 1/2,$14.22,$16.90
Nintendo DS,Tron Evolution,$6.40,$8.86
Nintendo DS,Victorious: Hollywood Arts Debut,$6.07,$6.88
Nintendo DS,Wall-E,$5.02,$6.81
Nintendo DS,Wheel of Fortune,$5.49,$7.05
Nintendo DS,Who Wants To Be A Millionaire,$4.64,$6.67
Nintendo DS,Zelda Phantom Hourglass [Not for Resale],$100.00,
Nintendo DS,Zuma's Revenge,$6.91,$9.89
Nintendo DS,Castlevania Dawn of Sorrow [Konami's Best],$30.00,$32.99
Nintendo DS,Need for Speed Carbon Own the City,$10.13,$13.89
Nintendo DS,SpongeBob vs. The Big One: Beach Party Cook-Off,$8.39,$10.44
Nintendo DS,The Biggest Loser,$3.26,$4.70
Nintendo DS,Amazing Adventures The Forgotten Ruins,$5.08,$7.28
Nintendo DS,American Girl Julie Finds a Way,$6.34,$6.57
Nintendo DS,Atelier Annie: Alchemists of Sera Island [Premium Box],$115.15,$165.52
Nintendo DS,Barbie in The 12 Dancing Princesses,$23.99,$29.99
Nintendo DS,Beyblade: Metal Masters,$9.70,$11.12
Nintendo DS,Bomberman Land Touch,$18.92,$30.00
Nintendo DS,Bubble Bobble Revolution [USA-1],$70.00,$112.00
Nintendo DS,Deca Sports DS,$5.90,$6.71
Nintendo DS,Dora the Explorer: Dora Puppy,$3.95,$8.60
Nintendo DS,Geometry Wars Galaxies,$9.27,$12.25
Nintendo DS,"Go, Diego, Go: Great Dinosaur Rescue",$4.61,$6.99
Nintendo DS,Guitar Hero On Tour: Modern Hits,$16.00,$30.80
Nintendo DS,Hi! Hamtaro Ham-Ham Challenge,$29.99,$37.70
Nintendo DS,Hidden Mysteries: Titanic,$5.99,$7.27
Nintendo DS,Imagine Babysitters,$4.99,$5.63
Nintendo DS,Inkheart,$4.21,$10.59
Nintendo DS,Jackass The Game,$15.04,$27.06
Nintendo DS,Junior Classic Books & Fairytales,$3.87,$7.72
Nintendo DS,Left Brain Right Brain,$2.48,$6.30
Nintendo DS,Littlest Pet Shop: City Friends,$9.73,$13.85
Nintendo DS,N+,$5.75,$6.07
Nintendo DS,Need for Speed Undercover,$9.03,$9.55
Nintendo DS,Over the Hedge,$4.99,$8.81
Nintendo DS,Petz: Nursery,$3.99,$6.00
Nintendo DS,Pokemon Platinum [Secret Key Distribution Cartridge],,
Nintendo DS,Sesame Street: Cookie's Counting Carnival,$4.99,$6.24
Nintendo DS,SimCity Creator,$6.98,$8.45
Nintendo DS,Tecmo Bowl Kickoff,$9.17,$15.04
Nintendo DS,Theme Park,$5.80,$8.08
Nintendo DS,Touchmaster,$5.48,$6.49
Nintendo DS,Touchmaster 3,$3.65,$5.33
Nintendo DS,Treasure World,$4.49,$9.20
Nintendo DS,Zoobles,$5.83,$8.95
Nintendo DS,Didget Blood Glucose Monitoring System,$300.80,$547.71
Nintendo DS,Super Mario 64 DS [Not for Resale],$164.32,
Nintendo DS,I Spy Universe,$5.98,$5.98
Nintendo DS,Animal Genius,$5.06,$6.47
Nintendo DS,Avatar the Last Airbender,$12.42,$16.54
Nintendo DS,Avatar: The Game,$8.49,$9.72
Nintendo DS,Dragon's Lair,$23.40,$49.49
Nintendo DS,Elf Bowling 1 & 2,$27.22,$44.99
Nintendo DS,Foster's Home For Imaginary Friends Imagination Invaders,$14.49,$20.00
Nintendo DS,Harry Potter and the Deathly Hallows: Part 1,$7.49,$10.97
Nintendo DS,IQue DS Lite,$160.00,$195.99
Nintendo DS,Ice Age: Dawn of the Dinosaurs,$5.01,$6.92
Nintendo DS,Imagine Master Chef,$7.62,$7.80
Nintendo DS,Imagine Rock Star,$3.75,$4.99
Nintendo DS,Imagine Wedding Designer,$4.01,$6.01
Nintendo DS,Kurupoto,$5.31,$7.30
Nintendo DS,Learn Geography,$6.00,$8.95
Nintendo DS,Let's Draw,$5.18,$5.29
Nintendo DS,Littlest Pet Shop Spring,$10.95,$11.46
Nintendo DS,Madagascar Kartz,$5.12,$6.99
Nintendo DS,Monster Bomber,$3.79,$7.44
Nintendo DS,Nancy Drew The Hidden Staircase,$6.54,$7.28
Nintendo DS,Naruto Shippuden: Ninja Destiny 2,$10.00,$15.00
Nintendo DS,Need for Speed Nitro,$8.70,$8.85
Nintendo DS,Nintendo DS Lite Personal Trainer Cooking [Special Edition],$143.57,$550.00
Nintendo DS,Nintendo DS Lite: Brain Age 2 & Carrying Case Bundle,$95.94,$627.00
Nintendo DS,Nintendogs Dalmatian And Friends [Limited Edition],$12.51,$12.78
Nintendo DS,Pokemon [Not for Resale Zoroark],$650.53,
Nintendo DS,Puss In Boots,$6.08,$6.54
Nintendo DS,SNK vs. Capcom Card Fighters,$12.61,$19.65
Nintendo DS,Scripps Spelling Bee,$5.07,$5.70
Nintendo DS,Scurge Hive,$12.99,$27.00
Nintendo DS,Slingo Quest,$4.57,$8.04
Nintendo DS,Soul Bubbles,$10.49,$14.37
Nintendo DS,Space Invaders Extreme,$10.33,$16.45
Nintendo DS,Spore Hero Arena,$5.49,$5.99
Nintendo DS,Steal Princess,$54.47,$95.67
Nintendo DS,Style Lab: Jewelry Design,$4.95,$5.00
Nintendo DS,Suite Life Of Zack and Cody Circle of Spies,$3.13,$7.57
Nintendo DS,System Flaw,$9.00,$15.64
Nintendo DS,Tamagotchi Connection Corner Shop 2,$29.05,$32.24
Nintendo DS,Tenchu Dark Secret,$20.28,$34.75
Nintendo DS,The Magic School Bus Oceans,$7.03,$8.91
Nintendo DS,The Price is Right,$4.42,$5.86
Nintendo DS,The Smurfs,$4.40,$5.00
Nintendo DS,TrackMania Turbo,$39.99,$40.06
Nintendo DS,Transformers: Revenge of the Fallen Decepticons,$7.49,$11.33
Nintendo DS,Ultimate Spiderman,$19.86,$22.69
Nintendo DS,Winx Club: Magical Fairy Party,$5.93,$13.36
Nintendo DS,You Don't Know Jack,$4.10,$6.43
Nintendo DS,Zhu Zhu Pets 2: Featuring The Wild Bunch,$3.87,$6.09
Nintendo DS,Star Wars: The Force Unleashed II,$8.00,$10.00
Nintendo DS,Brain Boost Gamma Wave,$4.72,$5.22
Nintendo DS,Picross 3D,$11.53,$16.87
Nintendo DS,OMG 26 Our Mini Games,$5.03,$6.67
Nintendo DS,Astro Boy: The Video Game,$7.45,$11.11
Nintendo DS,Avatar The Burning Earth,$11.33,$13.76
Nintendo DS,Avatar the Last Airbender Into the Inferno,$15.03,$19.99
Nintendo DS,Away: Shuffle Dungeon,$13.94,$17.49
Nintendo DS,Bakugan [Collector's Edition],$11.55,$63.16
Nintendo DS,Ben 10: Ultimate Alien Cosmic Destruction,$8.52,$10.56
Nintendo DS,Big Bang Mini,$5.97,$12.93
Nintendo DS,Brothers in Arms War Stories,$9.86,$10.79
Nintendo DS,C.O.P.: The Recruit,$16.95,$38.09
Nintendo DS,C.O.R.E.,$44.33,$83.28
Nintendo DS,Camping Mama: Outdoor Adventures,$13.44,$17.62
Nintendo DS,Chessmaster,$13.79,$19.45
Nintendo DS,Discovery Kids: Dolphin Discovery,$2.99,$4.50
Nintendo DS,Dragon Ball Z Nintendo DS Lite [Limited Edition],$250.00,$368.42
Nintendo DS,Eco Creatures Save the Forest,$8.54,$11.01
Nintendo DS,Elite Forces Unit 77,$5.11,$7.06
Nintendo DS,Guitar Hero On Tour & On Tour Decades Box Set,$29.99,$49.00
Nintendo DS,Hero's Saga Laevatein Tactics,$20.73,$33.76
Nintendo DS,Kung Fu Panda,$5.71,$9.27
Nintendo DS,LEGO Legends of Chima: Laval's Journey,$5.25,$7.94
Nintendo DS,Littlest Pet Shop Winter,$10.79,$10.87
Nintendo DS,M&M's Break'Em,$3.52,$4.97
Nintendo DS,Magical Zhu Zhu Princess: Carriages & Castles,$2.80,$5.23
Nintendo DS,Margot's Word Brain,$3.96,$6.35
Nintendo DS,Master of the Monster Lair,$17.00,$23.39
Nintendo DS,Mech Assault Phantom War,$15.81,$29.99
Nintendo DS,Monster House,$8.23,$9.99
Nintendo DS,Monster Racers,$40.62,$57.11
Nintendo DS,My Horse and Me,$4.98,$7.10
Nintendo DS,Namco Museum/Pac-man World 3 Bundle,$63.40,$91.00
Nintendo DS,Need for Speed Prostreet,$8.91,$13.31
Nintendo DS,Neopets Puzzle Adventure,$5.58,$7.57
Nintendo DS,Ontamarama,$14.77,$21.52
Nintendo DS,Pac n Roll,$8.58,$12.01
Nintendo DS,Pac-Man World 3,$14.38,$16.00
Nintendo DS,Percy Jackson & the Olympians: The Lightning Thief,$7.42,$11.00
Nintendo DS,Petz Monkeyz House,$4.70,$6.50
Nintendo DS,Petz Puppyz & Kittenz,$7.00,$7.60
Nintendo DS,Petz: Dogz Talent Show,$3.89,$6.72
Nintendo DS,Pokemon [Not for Resale Secret Key],"$2,000.00",
Nintendo DS,Quick Spot,$4.08,$5.79
Nintendo DS,Ragnarok Online DS,$21.37,$44.50
Nintendo DS,Shrek Superslam,$6.48,$9.99
Nintendo DS,Sprung,$5.73,$8.15
Nintendo DS,Star Trek Tactical Assault,$9.99,$19.26
Nintendo DS,Strawberry Shortcake Strawberryland Games,$22.61,$29.37
Nintendo DS,Summon Night Twin Age,$25.49,$56.44
Nintendo DS,That's So Raven Psychic on Scene,$8.24,$8.31
Nintendo DS,The Quest Trio,$5.17,$8.49
Nintendo DS,Thor: God of Thunder,$10.72,$14.68
Nintendo DS,Tiger Woods PGA Tour 08,$7.82,$8.95
Nintendo DS,Touchmaster 2,$3.65,$7.36
Nintendo DS,Underwater Attack,$19.95,$26.19
Nintendo DS,White Nintendo DSi [Mario & Luigi Bundle],$199.99,$482.15
Nintendo DS,WireWay,$3.63,$6.86
Nintendo DS,Ben 10: Alien Force: Vilgax Attacks,$5.85,$7.05
Nintendo DS,Guilty Gear Dust Strikers,$12.34,$19.85
Nintendo DS,ANNO 1701: Dawn of Discovery,$11.93,$17.88
Nintendo DS,Army Men Soldiers of Misfortune,$4.02,$6.75
Nintendo DS,Backyard Baseball '10,$6.64,$8.61
Nintendo DS,Cartoon Network Racing,$9.94,$16.95
Nintendo DS,Catz,$3.74,$7.51
Nintendo DS,Crazy Chicken Star Karts,$4.49,$6.00
Nintendo DS,Diner Dash: Flo on the Go,$19.97,$29.49
Nintendo DS,Dora the Explorer Dora Saves the Snow Princess,$5.00,$6.40
Nintendo DS,Drivers Ed Portable,$21.00,$27.50
Nintendo DS,Dungeon Explorer,$18.00,$26.84
Nintendo DS,Dynasty Warriors DS Fighter's Battle,$12.48,$15.00
Nintendo DS,Enchanted,$6.38,$6.59
Nintendo DS,Ener-G Dance Squad,$3.95,$5.12
Nintendo DS,FIFA 08,$7.04,$7.41
Nintendo DS,Fab 5 Soccer,$5.99,$7.51
Nintendo DS,Fritz Chess,$23.98,$36.53
Nintendo DS,Giana Sisters DS,$28.95,$65.40
Nintendo DS,Gummy Bears Minigolf,$4.40,$7.50
Nintendo DS,Hamsterz Life,$6.35,$7.98
Nintendo DS,Happy Feet,$6.00,$8.40
Nintendo DS,Harvest Time Hop and Fly,$9.49,$21.63
Nintendo DS,Imagine Interior Designer,$4.99,$6.95
Nintendo DS,Imagine: Babyz Fashion,$2.96,$4.75
Nintendo DS,Imagine: Makeup Artist,$8.94,$13.07
Nintendo DS,Jake Hunter Detective Chronicles,$11.51,$14.70
Nintendo DS,Jam Sessions,$3.25,$4.53
Nintendo DS,Jeopardy,$4.47,$4.69
Nintendo DS,JumpStart Legend of Lost Island,$9.08,$10.53
Nintendo DS,Konami Classics Arcade Hits,$19.99,$25.24
Nintendo DS,LEGO Rock Band,$5.36,$9.75
Nintendo DS,LOL,$5.99,$6.75
Nintendo DS,Lalaloopsy,$5.12,$7.13
Nintendo DS,Lux-Pain,$8.49,$17.91
Nintendo DS,M&M's Kart Racing,$3.99,$7.17
Nintendo DS,Madagascar 3,$6.15,$8.32
Nintendo DS,Meet the Robinsons,$8.18,$9.32
Nintendo DS,Mega Brain Boost,$4.79,$6.00
Nintendo DS,MegaMind: The Blue Defender,$2.12,$5.57
Nintendo DS,Metroid Prime Hunters [Not for Resale],$30.82,
Nintendo DS,Midnight Mysteries: The Edgar Allan Poe Conspiracy,$12.71,$14.14
Nintendo DS,Moshi Monsters: Moshling Zoo,$8.14,$11.20
Nintendo DS,Moshi Monsters: Moshlings Theme Park,$6.77,$9.63
Nintendo DS,Need for Speed Most Wanted,$12.28,$16.63
Nintendo DS,Ninja Town,$9.17,$15.00
Nintendo DS,Penguins of Madagascar: Dr. Blowhole Returns,$5.33,$6.00
Nintendo DS,Petz Wild Animals Tigerz,$3.79,$6.88
Nintendo DS,Pillow Pets,$4.18,$5.81
Nintendo DS,Pipe Mania,$5.00,$7.44
Nintendo DS,Professional Fisherman's Tour,$4.98,$7.24
Nintendo DS,Puzzle Quest: Galactrix,$3.18,$8.04
Nintendo DS,Rub Rabbits,$29.99,$46.23
Nintendo DS,Shrek Forever After,$5.42,$7.99
Nintendo DS,Shrek Smash and Crash Racing,$6.87,$10.12
Nintendo DS,Smart Boy's Gameroom,$4.23,$6.61
Nintendo DS,Sonny with a Chance,$6.03,$6.04
Nintendo DS,Sora no Otoshimono Forte: Dreamy Season,$46.05,$64.47
Nintendo DS,Style Lab: Makeover,$5.23,$6.99
Nintendo DS,Syberia,$8.84,$16.91
Nintendo DS,Tak Mojo Mistake,$8.02,$12.87
Nintendo DS,Teenage Mutant Ninja Turtles: Arcade Attack,$11.85,$14.99
Nintendo DS,The Golden Compass,$3.61,$5.05
Nintendo DS,The Mummy Tomb of the Dragon Emperor,$6.14,$7.29
Nintendo DS,Thrillville Off The Rails,$6.25,$6.87
Nintendo DS,Tornado,$8.50,$10.00
Nintendo DS,Tropix,$7.36,$8.99
Nintendo DS,Vampire Legends: Power Of Three,$5.58,$6.23
Nintendo DS,Warhammer 40000 Squad Command,$10.12,$24.99
Nintendo DS,Worms Open Warfare 2,$6.50,$7.00
Nintendo DS,Zorro: Quest for Justice,$8.55,$9.32
Nintendo DS,iCarly 2: iJoin the Click,$5.00,$6.99
Nintendo DS,Pokemon [Not for Resale Keldeo],$401.38,
Nintendo DS,Dragon Quest IX: Sentinels of the Starry Skies [Zoma Distribution],$138.80,$194.32
Nintendo DS,50 More Classic Games,$7.00,$7.04
Nintendo DS,ATV Quad Frenzy,$3.04,$5.22
Nintendo DS,Alvin & Chipmunks: Chipwrecked,$5.17,$9.95
Nintendo DS,Arthur and the Invisibles,$5.08,$7.00
Nintendo DS,Atari's Greatest Hits Volume 1,$10.61,$11.96
Nintendo DS,Baby Pals,$4.37,$5.92
Nintendo DS,Backyard Hockey,$8.03,$10.20
Nintendo DS,Bee Movie Game,$6.49,$6.80
Nintendo DS,Blades of Thunder 2,$8.09,$8.73
Nintendo DS,Brain Assist,$5.69,$5.95
Nintendo DS,Brain Challenge,$3.54,$8.03
Nintendo DS,Cake Mania,$9.95,$12.88
Nintendo DS,Championship Pony,$3.70,$6.43
Nintendo DS,Cheetah Girls Pop Star Sensations,$4.62,$6.00
Nintendo DS,Dancing With The Stars We Dance,$3.33,$7.95
Nintendo DS,Daniel X: The Ultimate Power,$5.55,$6.99
Nintendo DS,Defendin' de Penguin,$3.82,$6.58
Nintendo DS,Dino Master Dig Discover Duel,$5.47,$9.89
Nintendo DS,Disney Pixar Brave,$4.73,$6.55
Nintendo DS,Disney Princess: Enchanting Storybooks,$5.99,$7.50
Nintendo DS,Dora & Kai-lans Pet Shelter,$5.00,$6.90
Nintendo DS,Dora the Explorer Dora Saves the Mermaids,$5.00,$6.99
Nintendo DS,Fishdom,$8.97,$12.99
Nintendo DS,Fossil League Dino Tournament,$16.35,$24.40
Nintendo DS,Hi Hi Puffy Ami Yumi The Genie & The Amp,$15.95,$27.89
Nintendo DS,Hidden Mysteries: Vampire Secrets,$6.21,$8.82
Nintendo DS,Horse Life,$12.00,$15.77
Nintendo DS,Imagine Fashion Designer New York,$5.74,$6.44
Nintendo DS,Imagine: Fashion Stylist,$5.04,$5.71
Nintendo DS,Jake Hunter Detective Story: Memories of the Past,$52.47,$81.10
Nintendo DS,Juiced 2 Hot Import Nights,$5.17,$8.73
Nintendo DS,Littlest Pet Shop: Beach Friends,$9.99,$10.74
Nintendo DS,Looney Tunes Cartoon Conductor,$9.99,$15.61
Nintendo DS,M&Ms Adventure,$6.28,$9.41
Nintendo DS,Madden 2008,$7.07,$8.00
Nintendo DS,Mahjong Quest: Expeditions,$4.98,$7.04
Nintendo DS,Mahjongg Mysteries: Ancient Egypt,$10.00,$10.51
Nintendo DS,Mechanic Master 2,$7.00,$9.98
Nintendo DS,Mini Ninjas,$8.82,$10.89
Nintendo DS,Mister Slime,$4.89,$6.85
Nintendo DS,Monopoly / Boggle / Yahtzee / Battleship,$19.06,$19.99
Nintendo DS,Monster Jam,$7.15,$9.43
Nintendo DS,Need for Speed Underground 2,$19.41,$20.74
Nintendo DS,New Zealand Story Revolution,$11.01,$17.95
Nintendo DS,Nickelodeon Bubble Guppies,$8.00,$8.12
Nintendo DS,Nicktoons MLB,$6.14,$9.47
Nintendo DS,Operation Vietnam,$8.97,$15.78
Nintendo DS,Paws & Claws: Pampered Pets 2,$5.00,$9.93
Nintendo DS,Personal Trainer: Walking [w/ Pedometer],$8.43,$12.11
Nintendo DS,Poptropica Adventures,$10.90,$14.98
Nintendo DS,Radiant Historia [Soundtrack Bundle],$39.46,$57.60
Nintendo DS,Secret Files Tunguska,$10.33,$14.73
Nintendo DS,Spongebob Surf & Skate Roadtrip,$6.26,$7.58
Nintendo DS,The Penguins of Madagascar,$3.92,$5.25
Nintendo DS,The Settlers,$5.70,$9.29
Nintendo DS,Transformers: Dark of the Moon Decepticons,$6.29,$11.46
Nintendo DS,Vampire Moon: The Mystery of the Hidden Sun,$6.94,$8.64
Nintendo DS,X-Men Origins: Wolverine,$9.49,$13.24
Nintendo DS,XG Blast,$13.95,$25.97
Nintendo DS,Xiaolin Showdown,$5.68,$7.95
Nintendo DS,Picross DS,$10.00,$11.24
Nintendo DS,100 Classic Books,$14.24,$19.98
Nintendo DS,All-Star Cheer Squad,$3.75,$4.96
Nintendo DS,Are You Smarter Than A 5th Grader? Back to School,$4.56,$6.08
Nintendo DS,Back at the Barnyard Slop Bucket Games,$7.25,$8.49
Nintendo DS,Backyard Basketball,$7.43,$10.11
Nintendo DS,Bakugan Battle Brawlers [Collector's Edition],$25.43,$37.60
Nintendo DS,Barbie Horse Adventures: Riding Camp,$7.12,$9.74
Nintendo DS,Barnyard Blast Swine of the Night,$8.82,$16.41
Nintendo DS,Brain Age 2 [Not for Resale],$16.70,
Nintendo DS,Build-A-Lot,$11.46,$11.58
Nintendo DS,Cake Mania: Main Street,$30.62,$35.46
Nintendo DS,Charm Girls Club: My Perfect Prom,$5.00,$6.99
Nintendo DS,Chicken Little Ace In Action,$5.45,$5.48
Nintendo DS,Club Penguin: Elite Penguin Force [Collector's Edition],$29.99,$35.09
Nintendo DS,Crayola Treasure Adventures,$4.47,$6.30
Nintendo DS,Deal or No Deal [Special Edition],$3.95,$4.47
Nintendo DS,Deep Labyrinth,$16.57,$24.75
Nintendo DS,Dig Dug Digging Strike,$11.12,$24.58
Nintendo DS,Discovery Kids: Kitten Corner,$3.49,$5.38
Nintendo DS,Draglade,$35.69,$52.50
Nintendo DS,Drake and Josh,$6.38,$8.96
Nintendo DS,Dream Dancer,$2.99,$5.30
Nintendo DS,Elements of Destruction,$1.58,$5.65
Nintendo DS,Family Feud: 2010 Edition,$7.76,$8.76
Nintendo DS,Golden Nugget Casino DS,$8.67,$9.36
Nintendo DS,Guitar Hero On Tour: Modern Hits [Not for Resale],$18.85,
Nintendo DS,Harry Potter and the Deathly Hallows: Part 2,$9.99,$12.93
Nintendo DS,Hasbro Family Game Night,$6.98,$8.99
Nintendo DS,Hello Kitty: Birthday Adventures,$17.83,$21.35
Nintendo DS,Horsez,$3.50,$8.03
Nintendo DS,Imagine: Zookeeper,$6.70,$8.18
Nintendo DS,James Pond Codename Robocod,$9.38,$12.00
Nintendo DS,Jewel Master Egypt,$4.62,$5.00
Nintendo DS,Jewel Quest Mysteries,$5.47,$5.95
Nintendo DS,JoJo's Fashion Show,$8.00,$12.00
Nintendo DS,JumpStart Deep Sea Escape,$4.89,$5.04
Nintendo DS,Kirby Squeak Squad [Not for Resale],,
Nintendo DS,Littlest Pet Shop: Country Friends,$11.10,$15.75
Nintendo DS,Looney Tunes Duck Amuck,$6.61,$10.81
Nintendo DS,Major League Baseball 2K10,$6.97,$7.96
Nintendo DS,Marvel Nemesis Rise of the Imperfects,$11.14,$11.22
Nintendo DS,Marvel Super Hero Squad: The Infinity Gauntlet,$4.46,$8.37
Nintendo DS,Miami Nights Singles in the City,$9.64,$15.44
Nintendo DS,Monopoly,$12.95,$14.24
Nintendo DS,My Amusement Park,$4.62,$4.99
Nintendo DS,Myst,$7.84,$13.59
Nintendo DS,Mystery Case Files MillionHeir [Not for Resale],,
Nintendo DS,Naruto Shippuden: Naruto vs Sasuke,$17.90,$22.05
Nintendo DS,Overlord: Minions,$5.06,$10.00
Nintendo DS,Petz Rescue Wildlife Vet,$4.33,$8.00
Nintendo DS,Pokemon Legendary Distribution [Y90E],$666.60,
Nintendo DS,Pokemon Mystery Dungeon Explorers of Sky [Not for Resale],$60.41,
Nintendo DS,Puzzler World,$7.00,$8.35
Nintendo DS,Rabbids Go Home,$5.27,$9.55
Nintendo DS,Retro Atari Classics,$8.21,$9.66
Nintendo DS,Ringling Bros. and Barnum & Bailey Circus,$4.24,$10.00
Nintendo DS,Rock Blast,$3.36,$6.90
Nintendo DS,Samantha Swift and the Hidden Roses of Athena,$9.40,$10.49
Nintendo DS,Spectrobes [Collector's Edition],$8.32,$119.99
Nintendo DS,SpongeBob's Atlantis SquarePantis [Case Set],,
Nintendo DS,Suite Life of Zack and Cody,$5.88,$5.99
Nintendo DS,Super Collapse 3,$5.36,$7.29
Nintendo DS,Superman Returns,$7.00,$9.14
Nintendo DS,TNA Impact: Cross the Line,$14.68,$27.49
Nintendo DS,Tony Hawk Downhill Jam,$8.14,$9.25
Nintendo DS,Transformers: Prime,$6.57,$10.74
Nintendo DS,Vegas Casino High 5,$8.95,$12.14
Nintendo DS,WWE Smackdown vs. Raw 2008,$8.70,$10.72
Nintendo DS,Winx Club: Saving Alfea,$50.00,$63.60
Nintendo DS,X-Men: The Official Game,$9.61,$9.68
Nintendo DS,Zhu Zhu Pets Limited Edition,$18.93,$27.92
Nintendo DS,Transformers Animated,$6.12,$13.48
Nintendo DS,iCarly,$5.97,$7.22
Nintendo DS,A Christmas Carol,$3.79,$6.59
Nintendo DS,ATV Wild Ride,$7.58,$8.29
Nintendo DS,Air Traffic Chaos,$13.20,$17.64
Nintendo DS,American Dragon Jake Long Attack of the Dark Dragon,$9.46,$14.99
Nintendo DS,Ant Nation,$11.37,$13.15
Nintendo DS,Arkanoid,$8.41,$16.55
Nintendo DS,B-17 Fortress in the Sky,$7.85,$8.99
Nintendo DS,Backyard Baseball 09,$7.95,$8.54
Nintendo DS,Backyard Football 09,$5.99,$9.48
Nintendo DS,Bakugan: Defenders of the Core,$6.00,$10.00
Nintendo DS,Bakugan: Rise Of The Resistance,$8.59,$17.92
Nintendo DS,Barbie and the Three Musketeers,$13.24,$15.00
Nintendo DS,Barbie as the Island Princess,$9.16,$11.68
Nintendo DS,Battle of Giants: Mutant Insects,$6.60,$8.66
Nintendo DS,Battles of Prince of Persia,$7.47,$8.43
Nintendo DS,Bella Sara,$25.94,$29.11
Nintendo DS,Ben 10: Galactic Racing,$5.46,$8.23
Nintendo DS,Ben 10: Omniverse,$9.99,$10.56
Nintendo DS,Ben 10: Triple Pack,$15.17,$24.41
Nintendo DS,Beyblade Metal Fusion [ToysRUs],$8.95,$11.25
Nintendo DS,Beyblade: Metal Fusion [Collector's Edition],$7.63,$9.64
Nintendo DS,Beyblade: Metal Masters [Collector's Edition],$14.26,$29.99
Nintendo DS,Big Hero 6: Battle in the Bay,$5.48,$5.89
Nintendo DS,Boing! Docomodake DS,$11.34,$21.26
Nintendo DS,Brain Boost Beta Wave,$3.99,$4.16
Nintendo DS,Bubble Bobble Revolution,$11.18,$13.27
Nintendo DS,Build-A-Bear Workshop: Welcome to Hugsville,$5.87,$8.32
Nintendo DS,Burnout Legends,$10.46,$11.13
Nintendo DS,Bust-A-Move DS,$6.55,$7.66
Nintendo DS,Cake Mania 2,$10.95,$11.64
Nintendo DS,Casual Mania,$4.97,$6.98
Nintendo DS,Charlotte's Web,$7.43,$7.98
Nintendo DS,Charm Girls Club: My Fashion Show,$3.65,$8.95
Nintendo DS,Chronicles of Mystery: Curse of the Ancient Temple,$4.27,$8.48
Nintendo DS,Chronicles of Narnia Lion Witch and the Wardrobe,$5.79,$8.03
Nintendo DS,Cloudy With a Chance of Meatballs 2,$6.11,$7.84
Nintendo DS,Code Lyoko Fall of XANA,$21.05,$27.99
Nintendo DS,Cookie Shop: Create Your Dream Shop,$32.45,$54.99
Nintendo DS,Crazy Chicken: The Pharaoh's Treasure,$6.35,$7.99
Nintendo DS,Crazy Machines,$6.11,$6.82
Nintendo DS,Crime Scene,$4.34,$9.80
Nintendo DS,Curling: Sweep the Competition,$7.32,$10.52
Nintendo DS,DK Jungle Climber [Not for Resale],$18.24,
Nintendo DS,DS Lite Headphones,$9.64,$14.21
Nintendo DS,DSi Lite Club House Games Express & Brain Age Express Preloaded Edition,,
Nintendo DS,DaGeDar,$4.80,$5.11
Nintendo DS,Danny Phantom Urban Jungle,$11.99,$17.99
Nintendo DS,Dawn of Heroes,$9.49,$18.10
Nintendo DS,Deer Drive,$9.15,$10.17
Nintendo DS,Diamond Trust of London,$20.78,$29.99
Nintendo DS,Digging for Dinosaurs,$4.96,$5.15
Nintendo DS,Discovery Kids Snake Safari,$34.95,$39.99
Nintendo DS,Discovery Kids: Pony Paradise,$3.88,$5.58
Nintendo DS,Dora & Team Umizoomis Fantastic Flight,$7.67,$7.75
Nintendo DS,Dragonology,$14.47,$17.74
Nintendo DS,Elebits The Adventures of Kai and Zero,$25.07,$39.97
Nintendo DS,End War,$6.43,$10.86
Nintendo DS,Escape the Museum,$5.45,$7.60
Nintendo DS,FIFA 07,$7.19,$7.62
Nintendo DS,FIFA Soccer 09,$5.37,$5.99
Nintendo DS,Fairyland Melody Magic,$5.00,$7.31
Nintendo DS,Fantasy Aquarium,$6.54,$7.02
Nintendo DS,Fossil Fighters [Not for Resale],$19.00,
Nintendo DS,G.I. Joe: The Rise of Cobra,$6.35,$7.77
Nintendo DS,Generator Rex: Agent of Providence,$4.00,$5.33
Nintendo DS,"Go, Diego, Go: Safari Rescue",$3.22,$6.77
Nintendo DS,GoldenEye Rogue Agent,$10.01,$14.99
Nintendo DS,Green Lantern: Rise of the Manhunters,$7.45,$7.99
Nintendo DS,Guitar Hero On Tour Decades [Bundle],$9.61,$21.25
Nintendo DS,Guitar Rock Tour,$4.16,$7.74
Nintendo DS,Hannah Montana: The Movie,$3.59,$6.83
Nintendo DS,Happily Ever After Vol. 1,$5.46,$7.39
Nintendo DS,Hello Kitty Party Bundle,$8.70,$12.83
Nintendo DS,High School Musical 2 Work This Out,$4.41,$5.55
Nintendo DS,Holly Hobbie and Friends,$9.77,$10.49
Nintendo DS,Hotel For Dogs,$5.59,$6.94
Nintendo DS,Hotel Giant DS,$4.72,$5.40
Nintendo DS,Hysteria Hospital: Emergency Ward,$5.54,$8.96
Nintendo DS,I Heart Geeks,$3.75,$4.80
Nintendo DS,I Spy Castle,$6.20,$6.33
Nintendo DS,Imagine Animal Doctor Care Center,$5.01,$5.45
Nintendo DS,Imagine Ballet Star,$9.83,$12.79
Nintendo DS,Imagine: Detective,$4.67,$5.73
Nintendo DS,Iron Chef America Supreme Cuisine,$4.92,$5.78
Nintendo DS,Jagged Alliance DS,$8.98,$16.49
Nintendo DS,Jake Power Policeman,$4.14,$5.73
Nintendo DS,James Patterson's Women's Murder Club: Games of Passion,$5.99,$7.06
Nintendo DS,Jewel Link Mountains Of Madness,$7.47,$10.46
Nintendo DS,Jewel Master: Cradle of Athena,$2.92,$4.10
Nintendo DS,Jewel Quest Expedition,$4.48,$6.45
Nintendo DS,Johnny Bravo: Hukka Mega Mighty Ultra Extreme Date-O-Rama,$7.14,$11.99
Nintendo DS,Kim Possible Kimmunicator,$10.70,$10.72
Nintendo DS,LEGO Friends,$8.63,$8.90
Nintendo DS,Lalaloopsy: Carnival of Friends,$4.53,$7.47
Nintendo DS,Learn Chess,$7.82,$9.75
Nintendo DS,Left Brain Right Brain 2,$3.23,$5.40
Nintendo DS,Lionel Trains On Track,$5.50,$5.54
Nintendo DS,Little League World Series Baseball 2008,$3.70,$3.73
Nintendo DS,Little League World Series Double Play,$5.15,$6.95
Nintendo DS,Littlest Pet Shop Jungle,$9.99,$10.00
Nintendo DS,Luxor Pharaoh's Challenge,$7.70,$7.97
Nintendo DS,MLB 2K8 Fantasy All Stars,$3.42,$7.99
Nintendo DS,Madden 2009,$8.08,$12.49
Nintendo DS,Major League Baseball 2K11,$5.30,$5.71
Nintendo DS,Margot's Bepuzzled,$4.56,$4.75
Nintendo DS,Math Blaster in the Prime Adventure,$4.06,$4.43
Nintendo DS,Max & the Magic Marker,$6.99,$9.20
Nintendo DS,Mazes of Fate,$24.75,$35.26
Nintendo DS,Meteos Disney Magic,$5.70,$6.85
Nintendo DS,Midnight Play Pack,$3.91,$4.99
Nintendo DS,Mind Quiz Your Brain Coach,$4.01,$6.81
Nintendo DS,Mini RC Rally,$8.88,$9.45
Nintendo DS,Mission Runway,$4.99,$5.50
Nintendo DS,Monster High: 13 Wishes,$14.95,$15.11
Nintendo DS,Monster High: Skultimate Roller Maze,$10.46,$14.21
Nintendo DS,Monster Lab,$7.47,$11.71
Nintendo DS,Moshi Monsters: Katsuma Unleashed,$3.17,$4.16
Nintendo DS,My Baby Girl,$6.21,$8.07
Nintendo DS,My Fashion Studio,$3.08,$6.99
Nintendo DS,My Hero: Doctor,$7.33,$11.78
Nintendo DS,MySims Party,$8.40,$10.34
Nintendo DS,Mystery P.I. Portrait of a Thief,$4.05,$5.00
Nintendo DS,Nanostray 2,$23.70,$48.57
Nintendo DS,Naruto Shippuden: Shinobi Rumble,$27.54,$43.06
Nintendo DS,New Carnival Games,$5.23,$8.03
Nintendo DS,"Ni Hao, Kai-lan: New Year's Celebration",$4.76,$9.99
Nintendo DS,Ninja Reflex,$2.55,$4.06
Nintendo DS,Nintendo DS Carrying Case,$13.03,$13.06
Nintendo DS,Nintendo DS Lite [Harvest Moon 10th Anniversary Starter Kit],$165.00,$217.34
Nintendo DS,Noah's Ark,$4.99,$5.22
Nintendo DS,Open Season,$5.46,$7.57
Nintendo DS,Paws & Claws Marine Rescue,$3.63,$6.33
Nintendo DS,Paws and Claws Pet Vet: Healing Hands,$3.63,$4.19
Nintendo DS,Personal Trainer: Walking,$8.80,$13.50
Nintendo DS,Pet Pals: New Leash on Life,$4.87,$9.49
Nintendo DS,Petz Catz Clan,$6.41,$8.00
Nintendo DS,Petz Dogz Fashion,$3.71,$6.65
Nintendo DS,Petz Dogz Pack,$5.03,$5.80
Nintendo DS,Petz Rescue Endangered Paradise,$5.44,$7.55
Nintendo DS,Petz: Horseshoe Ranch,$6.00,$6.67
Nintendo DS,Pinkalicious,$5.39,$6.73
Nintendo DS,Plants vs. Zombies [Limited Edition Yeti],$62.08,$86.91
Nintendo DS,Playmobil: Knights,$7.57,$8.76
Nintendo DS,Pop Cutie Street Fashion Simulation,$54.99,$73.69
Nintendo DS,Pucca Power Up,$38.99,$51.10
Nintendo DS,Puzzle de Harvest Moon,$8.99,$14.49
Nintendo DS,Race Driver Create and Race,$6.87,$13.99
Nintendo DS,Real Soccer 2008,$2.94,$5.29
Nintendo DS,Reversal Challenge,$3.79,$6.99
Nintendo DS,Rio,$4.25,$5.56
Nintendo DS,Rubik's World,$1.78,$5.77
Nintendo DS,Scooby Doo and the Spooky Swamp,$14.00,$15.50
Nintendo DS,Scrabble,$5.22,$7.90
Nintendo DS,Scribblenauts Collection,$9.99,$15.99
Nintendo DS,Shamu's Deep Sea Adventures,$5.76,$6.25
Nintendo DS,Shaun the Sheep,$9.99,$19.31
Nintendo DS,Shrek the Third,$5.31,$7.95
Nintendo DS,Shrek's Carnival Craze,$4.44,$6.26
Nintendo DS,Silly Bandz,$2.07,$4.69
Nintendo DS,Silverlicious,$4.80,$7.06
Nintendo DS,Skate It,$14.43,$22.50
Nintendo DS,Solitaire Overload,$4.57,$6.02
Nintendo DS,Space Chimps,$5.33,$5.36
Nintendo DS,Spelling Challenges,$3.98,$4.99
Nintendo DS,SpongeBob SquarePants Creature from Krusty Krab,$7.60,$7.80
Nintendo DS,Steel Horizon,$3.77,$9.99
Nintendo DS,Strawberry Shortcake Four Seasons Cake,$37.80,$53.33
Nintendo DS,Suikoden Tierkreis [Artbook Bundle],$44.81,$58.65
Nintendo DS,Super Black Bass Fishing,$6.07,$8.14
Nintendo DS,Super Speed Machines,$6.03,$8.00
Nintendo DS,Tak the Great Juju Challenge,$5.87,$10.00
Nintendo DS,Tank Beat,$7.56,$9.49
Nintendo DS,Teenage Mutant Ninja Turtles 3 Mutant Nightmare,$26.00,$36.54
Nintendo DS,The Bachelor,$5.22,$7.45
Nintendo DS,The Humans,$10.00,$12.80
Nintendo DS,The Incredible Hulk,$8.00,$12.06
Nintendo DS,The Last Airbender,$7.90,$9.99
Nintendo DS,The Princess and the Frog,$7.20,$9.99
Nintendo DS,The Wild West,$11.86,$20.00
Nintendo DS,Time Hollow,$39.48,$59.49
Nintendo DS,Tomb Raider Underworld,$12.96,$23.64
Nintendo DS,Touch Detective,$17.91,$24.46
Nintendo DS,TouchMaster: Connect,$4.00,$4.85
Nintendo DS,TrackMania DS,$14.11,$21.89
Nintendo DS,Victorious: Taking The Lead,$6.45,$7.08
Nintendo DS,Wall-E [Not for Resale],,
Nintendo DS,Wario Ware Touched [Not for Resale],$23.66,
Nintendo DS,Wipeout 2,$4.99,$5.79
Nintendo DS,WordJong,$3.18,$5.90
Nintendo DS,World of Zoo,$3.74,$4.95
Nintendo DS,Zenses Ocean,$4.98,$5.35
Nintendo DS,Nintendo DS Headset,$8.09,$10.18
Nintendo DS,Paws & Claws Pet Resort [USA-1],,
Nintendo DS,Scooby Doo Unmasked,$15.77,$19.01
Nintendo DS,Discovery Kids: Puppy Playtime,$2.99,$5.09
Nintendo DS,Pokemon [Not for Resale Regigigas and Shaymin],"$2,687.48",
Nintendo DS,Pokemon Mystery Dungeon Explorers of Darkness [Explorer's Guide Bundle],$130.21,$234.01
Nintendo DS,DS Lite AC Adapter,$8.50,$9.11
Nintendo DS,101-in-1 Sports Megamix,$5.28,$5.93
Nintendo DS,AMF Bowling Pinbusters,$7.10,$8.85
Nintendo DS,Alvin And The Chipmunks The Game,$4.95,$8.73
Nintendo DS,Animal Planet: Emergency Vets,$5.07,$5.75
Nintendo DS,Animal Planet: Vet Collection,$7.30,$8.98
Nintendo DS,Atari's Greatest Hits Volume 2,$11.47,$15.00
Nintendo DS,Babysitting Mania,$6.25,$9.07
Nintendo DS,Backyard Sports: Rookie Rush,$3.13,$7.59
Nintendo DS,Balloon Pop,$4.81,$5.01
Nintendo DS,Battleship,$5.95,$6.64
Nintendo DS,Beastly Frantic Foto,$3.98,$4.79
Nintendo DS,Best of Tests,$3.78,$4.42
Nintendo DS,Brain Buster Puzzle Pak,$6.08,$7.73
Nintendo DS,Brain Quest Grades 5 & 6,$2.48,$5.50
Nintendo DS,Bratz Girlz Really Rock!,$10.31,$12.89
Nintendo DS,Burger Bot,$6.99,$30.00
Nintendo DS,Burger Island,$14.54,$14.97
Nintendo DS,CSI: Crime Scene Investigation: Deadly Intent Hidden Cases,$7.25,$10.74
Nintendo DS,Cabela's Dangerous Hunts 2011,$15.22,$15.39
Nintendo DS,Camp Rock: The Final Jam,$4.97,$6.59
Nintendo DS,Captain America: Super Soldier,$8.96,$13.46
Nintendo DS,Cheer We Go,$9.64,$10.49
Nintendo DS,Chicken Blaster,$5.22,$5.92
Nintendo DS,Chocolatier,$7.99,$13.28
Nintendo DS,Chuck E. Cheese's Gameroom,$9.47,$16.99
Nintendo DS,Chuck E. Cheese's Playhouse,$6.75,$12.14
Nintendo DS,Classic Word Games,$6.97,$9.65
Nintendo DS,Code Lyoko,$15.76,$19.99
Nintendo DS,Corvette Evolution GT,$7.57,$11.00
Nintendo DS,Dawn of Discovery,$5.99,$8.51
Nintendo DS,De Blob 2,$6.69,$6.72
Nintendo DS,Desktop Tower Defense,$8.45,$10.00
Nintendo DS,Dragon Booster,$9.99,$12.98
Nintendo DS,Dream Day: Wedding Destination,$4.74,$4.88
Nintendo DS,Dreamer: Horse Trainer,$5.59,$5.78
Nintendo DS,Easy Piano,$9.34,$29.99
Nintendo DS,Emergency! Disaster Rescue Squad,$9.95,$11.21
Nintendo DS,FIFA Soccer 10,$6.00,$12.14
Nintendo DS,FIFA Soccer 11,$7.14,$12.00
Nintendo DS,Fabulous Finds,$4.79,$6.99
Nintendo DS,Fast Food Panic,$6.97,$10.99
Nintendo DS,Ferrari Challenge,$7.99,$8.82
Nintendo DS,Finding Nemo Escape to the Big Blue,$6.78,$8.30
Nintendo DS,Flipper Critters,$4.97,$7.78
Nintendo DS,Gormiti: The Lords of Nature,$6.98,$13.09
Nintendo DS,Gourmet Chef,$4.00,$5.99
Nintendo DS,Happy Feet Two,$4.30,$5.99
Nintendo DS,Herbie Rescue Rally,$6.38,$10.16
Nintendo DS,Hidden Mysteries Salem Secrets,$7.35,$8.96
Nintendo DS,I Love Puppies,$3.13,$8.47
Nintendo DS,Imagine: Fashion Designer World Tour,$4.77,$6.78
Nintendo DS,Imagine: Resort Owner,$5.44,$6.85
Nintendo DS,Imagine: Sweet 16,$5.13,$5.51
Nintendo DS,Indianapolis 500 Legends,$4.00,$6.93
Nintendo DS,Intellivision Lives,$22.37,$26.98
Nintendo DS,Jewel Quest Solitaire Trio,$9.99,$15.00
Nintendo DS,John Deere Harvest in the Heartland,$9.99,$14.61
Nintendo DS,Jumble Madness,$6.35,$10.23
Nintendo DS,Justice League Heroes,$9.77,$10.00
Nintendo DS,Learn Math for Grades 1-4,$3.58,$5.50
Nintendo DS,Let's Ride Friends Forever,$4.50,$7.13
Nintendo DS,Littlest Pet Shop 3: Biggest Stars: Blue Team,$8.24,$8.25
Nintendo DS,MLB 2K9 Fantasy All-Stars,$3.34,$8.17
Nintendo DS,Madagascar,$7.73,$11.12
Nintendo DS,Micro Machines V4,$8.24,$11.40
Nintendo DS,Monster Frenzy,$6.00,$7.50
Nintendo DS,Monster Trucks DS,$3.06,$7.16
Nintendo DS,Monsters vs. Aliens,$5.34,$7.99
Nintendo DS,My Baby Boy,$9.58,$9.58
Nintendo DS,My Baby First Steps,$6.00,$6.32
Nintendo DS,My Fun Facts Coach,$4.00,$5.87
Nintendo DS,My Horse & Me: Riding for Gold,$6.34,$8.27
Nintendo DS,My Pet Shop,$10.87,$16.34
Nintendo DS,My Reading Tutor,$7.06,$7.25
Nintendo DS,My Spanish Coach,$8.00,$8.49
Nintendo DS,National Geographic Panda,$3.70,$4.72
Nintendo DS,Night at the Museum Battle of the Smithsonian,$6.89,$7.95
Nintendo DS,Panzer Tactics,$15.48,$18.97
Nintendo DS,Pass the Pigs,$4.99,$6.05
Nintendo DS,Petz Fantasy: Moonlight Magic,$6.50,$8.00
Nintendo DS,Petz: Hamsterz Superstarz,$5.48,$8.89
Nintendo DS,PictoImage,$5.99,$6.50
Nintendo DS,Pimp My Ride Street Racing,$10.59,$15.07
Nintendo DS,Playground,$3.80,$6.80
Nintendo DS,Polar Bowler,$16.26,$32.99
Nintendo DS,Professor Heinz Wolff's Gravity,$6.08,$8.76
Nintendo DS,Puppy Palace,$4.08,$4.39
Nintendo DS,Puzzle Chronicles,$3.39,$6.02
Nintendo DS,Rango: The Video Game,$5.16,$10.00
Nintendo DS,Ratatouille Food Frenzy,$5.99,$9.99
Nintendo DS,Real Time Conflict Shogun Empires,$4.00,$7.29
Nintendo DS,Rock Revolution,$3.55,$4.64
Nintendo DS,Roogoo Attack,$6.42,$8.99
Nintendo DS,Rooms: The Main Building,$5.22,$7.32
Nintendo DS,Scene It? Twilight,$8.41,$15.31
Nintendo DS,Sea Monsters Prehistoric Adventure,$5.44,$6.86
Nintendo DS,Shawn Johnson Gymnastics,$3.63,$3.71
Nintendo DS,Smart Girl's Playhouse,$4.99,$5.49
Nintendo DS,Space Invaders Revolution,$6.86,$8.99
Nintendo DS,Sushi Go Round,$5.00,$6.00
Nintendo DS,Texas Hold Em Poker,$5.00,$6.29
Nintendo DS,The Price is Right: 2010 Edition,$6.25,$9.34
Nintendo DS,Think Logic Trainer Kids,$11.98,$14.75
Nintendo DS,Top Spin 3,$3.65,$5.48
Nintendo DS,Totally Spies 2 Undercover,$15.73,$21.62
Nintendo DS,Underground Pool,$5.89,$6.00
Nintendo DS,Western Riding Academy,$8.29,$16.83
Nintendo DS,Where the Wild Things Are,$4.86,$6.82
Nintendo DS,Wordmaster,$5.32,$5.60
Nintendo DS,World Series Of Poker 2008,$4.98,$6.98
Nintendo DS,Zoo Hospital,$5.00,$9.33
Nintendo DS,Think Smart: My Reading Tutor,$3.55,$5.24
Nintendo DS,Labyrinth,$5.93,$9.99
Nintendo DS,Hidden Objects: Mystery Stories,$6.07,$8.73
Nintendo DS,Grid,$8.49,$17.31
Nintendo DS,Chicken Hunter,$8.16,$9.46
Nintendo DS,18 Classic Card Games,$7.29,$9.99
Nintendo DS,7 Wonders II,$3.99,$5.00
Nintendo DS,7 Wonders Treasures of Seven,$5.27,$7.37
Nintendo DS,7 Wonders of the Ancient World,$5.04,$8.16
Nintendo DS,ATV Quad Kings,$4.29,$5.59
Nintendo DS,Advance Wars Days of Ruin [Not for Resale],$124.24,
Nintendo DS,Advance Wars Dual Strike [Not for Resale],$57.48,
Nintendo DS,Agatha Christie: The ABC Murders,$8.21,$11.99
Nintendo DS,Alex Rider Stormbreaker,$6.30,$7.99
Nintendo DS,Aliens in the Attic,$4.98,$8.12
Nintendo DS,Alpha and Omega,$5.89,$7.99
Nintendo DS,America's Next Top Model,$9.92,$14.61
Nintendo DS,America's Test Kitchen: Let's Get Cooking [Not for Resale],$14.99,
Nintendo DS,American Girl Kit Mystery Challenge,$9.65,$10.22
Nintendo DS,Animal Paradise,$4.93,$6.84
Nintendo DS,Animal Paradise Wild,$2.69,$4.64
Nintendo DS,Animal Planet: Vet Life,$4.88,$7.28
Nintendo DS,Animates,$6.42,$10.03
Nintendo DS,Aqua Panic,$12.97,$56.69
Nintendo DS,Aquarium,$6.66,$8.46
Nintendo DS,Aquarium By DS,$7.14,$10.00
Nintendo DS,Arctic Tale,$4.95,$5.00
Nintendo DS,Are You Smarter Than A 5th Grader? Game Time,$3.75,$6.54
Nintendo DS,Are You Smarter Than A 5th Grader? Make the Grade,$3.20,$5.49
Nintendo DS,Astro Invaders,$13.05,$26.24
Nintendo DS,Astrology DS,$8.59,$15.87
Nintendo DS,Australia Zoo Quest,$5.04,$9.46
Nintendo DS,Baby Life,$4.96,$7.67
Nintendo DS,Backyard Football,$5.19,$9.51
Nintendo DS,Bakugan Battle Brawlers [Battle Pack],$31.25,$60.00
Nintendo DS,Bakugan Battle Brawlers [Collector's Edition Walmart],$41.33,$68.97
Nintendo DS,Bakugan Battle Brawlers [Toys R Us],$49.97,$69.45
Nintendo DS,Bakugan: Defenders of the Core [Limited Edition],$5.99,$19.99
Nintendo DS,Balls of Fury,$4.73,$6.34
Nintendo DS,Band Hero [Not for Resale],$29.99,
Nintendo DS,Barbie: Dreamhouse Party,$10.24,$13.03
Nintendo DS,Beat City,$6.99,$9.93
Nintendo DS,Bermuda Triangle: Saving the Coral,$4.44,$5.49
Nintendo DS,Best Friends Tonight,$5.00,$6.50
Nintendo DS,Betty Boop's Double Shift,$10.00,$13.66
Nintendo DS,Big Brain Academy [Not for Resale],$20.97,
Nintendo DS,Big League Sports: Summer,$3.07,$6.00
Nintendo DS,Big Mutha Truckers,$5.70,$9.80
Nintendo DS,Big Time Rush Backstage Pass,$7.50,$7.91
Nintendo DS,Bigfoot Collision Course,$4.38,$5.91
Nintendo DS,Black Carrying Case,$13.45,$18.83
Nintendo DS,Bolt: Be-Awesome Edition,$5.12,$6.52
Nintendo DS,Brain Age [Gift From Nintendo - GDC:06],,
Nintendo DS,Brain Quest Grades 3 & 4,$4.03,$5.66
Nintendo DS,Brain Voyage,$5.88,$6.46
Nintendo DS,Bratz 4 Real,$9.41,$9.57
Nintendo DS,Bratz Fashion Boutique,$12.99,$13.45
Nintendo DS,Bratz Kidz,$11.59,$15.50
Nintendo DS,Bratz Ponyz,$10.00,$14.88
Nintendo DS,Bratz Super Babyz,$12.04,$15.38
Nintendo DS,Break Em All,$6.45,$7.05
Nintendo DS,Busy Scissors,$7.99,$9.05
Nintendo DS,CSI: Crime Scene Investigation Unsolved,$7.28,$16.69
Nintendo DS,Cake Mania 3,$10.00,$14.15
Nintendo DS,Calvin Tucker's Redneck Farm Animal Racing Tournament,$8.96,$9.95
Nintendo DS,Candace Kane's Candy Factory,$3.01,$7.89
Nintendo DS,Carnival Games [Not for Resale],$9.99,
Nintendo DS,Cars Mater-National Championship [Gift Set],,
Nintendo DS,Casper Scare School: Classroom Capers,$6.00,$10.19
Nintendo DS,Casper Scare School: Spooky Sports Day,$3.08,$8.36
Nintendo DS,Castlevania Dawn of Sorrow [Not for Resale],$74.99,
Nintendo DS,Cats & Dogs: The Revenge of Kitty Galore,$5.10,$6.85
Nintendo DS,Cesar Millan's Dog Whisperer,$2.31,$5.25
Nintendo DS,Challenge Me: Brain Puzzles,$3.50,$4.67
Nintendo DS,Challenge Me: Brain Puzzles 2,$8.95,$14.75
Nintendo DS,Challenge Me: Math Workout,$4.98,$6.20
Nintendo DS,Challenge Me: Word Puzzles,$12.31,$17.89
Nintendo DS,Chameleon To Dye For,$3.44,$6.69
Nintendo DS,Chaotic: Shadow Warrior [Walmart],$17.85,$24.99
Nintendo DS,Chaotic: Shadow Warriors [Irsenog Trading Card],$17.85,$26.31
Nintendo DS,Charm Girls Club: My Fashion Mall,$8.62,$9.99
Nintendo DS,Chevrolet Camaro: Wild Ride,$7.99,$10.32
Nintendo DS,Children of Mana [Not for Resale],$29.99,
Nintendo DS,Chronicles of Mystery: The Tree of Life,$7.57,$9.16
Nintendo DS,Chrysler Classic Racing,$9.98,$14.46
Nintendo DS,Chuck E Cheese's Party Games,$14.97,$22.91
Nintendo DS,Cocoto Kart Racer,$8.27,$10.20
Nintendo DS,Color Cross,$6.50,$8.79
Nintendo DS,Cookie and Cream,$11.69,$21.49
Nintendo DS,Cosmos Chaos,$3.57,$7.38
Nintendo DS,Cradle of Egypt 2,$9.80,$9.99
Nintendo DS,Cradle of Persia,$12.99,$15.62
Nintendo DS,Cradle of Rome,$6.24,$7.87
Nintendo DS,Cradle of Rome 2,$11.00,$13.96
Nintendo DS,Crazy Chicken: Atlantis Quest,$5.95,$6.92
Nintendo DS,Crime Lab: Body of Evidence,$6.00,$10.00
Nintendo DS,DJ Star,$4.37,$7.97
Nintendo DS,DS Carrying Case,$69.99,$97.99
Nintendo DS,DS Hard Case Red,,
Nintendo DS,DS Lite Adjustable Stylus Pen [White],,
Nintendo DS,DS Travel Bag,$12.47,$17.46
Nintendo DS,Deal Or No Deal [Special Edition Bundle],$6.52,$10.66
Nintendo DS,Deal of No Deal [Special Edition Bundle],$8.54,$11.95
Nintendo DS,Di-Gata Defenders,$6.84,$7.83
Nintendo DS,Diamond Trust of London [Limited Edition],$74.72,$78.50
Nintendo DS,Diary Girl,$4.21,$9.47
Nintendo DS,Diddy Kong Racing DS [Not for Resale],$53.66,
Nintendo DS,Dino Pets,$5.65,$6.33
Nintendo DS,Dirt 2,$7.31,$13.02
Nintendo DS,Discovery Kids Spider Quest,$5.01,$5.84
Nintendo DS,Diva Girls: Divas On Ice,$6.30,$7.99
Nintendo DS,Dodge Racing: Charger vs. Challenger,$6.95,$11.58
Nintendo DS,Don King Boxing,$6.80,$10.63
Nintendo DS,Doodle Jump Journey,$12.50,$25.83
Nintendo DS,Dora's Big Birthday Adventure,$3.46,$7.28
Nintendo DS,Dora's Cooking Club,$7.20,$8.34
Nintendo DS,Double Sequence,$7.17,$11.05
Nintendo DS,Dr Seuss How the Grinch Stole Christmas,$15.42,$15.80
Nintendo DS,Dragon Quest IX: Sentinels of the Starry Skies [Not for Resale],$24.74,
Nintendo DS,Drama Queens,$8.22,$13.13
Nintendo DS,Dream Pinball 3D,$6.16,$12.09
Nintendo DS,Dream Salon,$5.08,$6.00
Nintendo DS,Dreamer Series: Babysitter,$4.79,$7.86
Nintendo DS,Dreamer Series: Pop Star,$7.90,$8.06
Nintendo DS,Dreamer Series: Shop Owner,$6.63,$7.12
Nintendo DS,Dreamer Series: Teacher,$5.17,$5.49
Nintendo DS,Dreamer Series: Top Model,$4.99,$8.68
Nintendo DS,Dreamer Series: Zoo Keeper,$4.78,$6.82
Nintendo DS,Dreamer: Puppy Trainer,$4.51,$4.77
Nintendo DS,Ducati Moto,$6.99,$7.02
Nintendo DS,Dungeon Raiders,$8.16,$15.99
Nintendo DS,El Tigre,$6.07,$11.39
Nintendo DS,Elite Beat Agents [Not for Resale],$29.40,
Nintendo DS,Emma at the Farm,$5.98,$7.25
Nintendo DS,Emma in the Mountains,$3.53,$5.03
Nintendo DS,Ener-G Gym Rockets,$3.11,$3.57
Nintendo DS,F-24 Stealth Fighter,$6.55,$10.62
Nintendo DS,FIFA 06,$4.04,$8.97
Nintendo DS,FIFA Street 2,$7.99,$11.05
Nintendo DS,FIFA Street 3,$8.06,$13.99
Nintendo DS,FIFA World Cup Germany 2006,$12.77,$17.91
Nintendo DS,Fancy Nancy: Tea Party Time,$6.37,$9.91
Nintendo DS,Fantasy Aquarium By DS,,
Nintendo DS,Farm Frenzy: Animal Country,$4.54,$8.27
Nintendo DS,Farmtopia,$8.35,$9.87
Nintendo DS,Fashion Studio: Paris Collection,$4.49,$4.53
Nintendo DS,Fashion Week: Junior Designer,$4.98,$6.97
Nintendo DS,Feel the Magic XY XX [Not for Resale],$59.99,
Nintendo DS,Final Fantasy Crystal Chronicles Ring of Fates [Not for Resale],$57.08,
Nintendo DS,Fish Tycoon,$12.33,$13.48
Nintendo DS,Florist Shop,$9.41,$10.99
Nintendo DS,Flushed Away,$5.00,$8.99
Nintendo DS,Ford Racing 3,$5.59,$7.04
Nintendo DS,Foto Frenzy,$3.34,$6.40
Nintendo DS,Franklin's Great Adventures,$5.38,$6.92
Nintendo DS,Freddi Fish: ABC Under The Sea,$9.50,$17.37
Nintendo DS,Freedom Wings,$9.99,$14.18
Nintendo DS,Frisbee Disc Sports,$3.57,$6.46
Nintendo DS,Frogger Helmet Chaos,$15.00,$18.45
Nintendo DS,Frozen & Big Hero 6 Disney 2 Pack,$10.13,$10.98
Nintendo DS,FutureU The Prep Game for SAT,$3.91,$4.12
Nintendo DS,Galaxy Racers,$3.21,$5.94
Nintendo DS,Game Hits!,$11.61,$14.96
Nintendo DS,Games Around the World,$3.59,$6.49
Nintendo DS,Garfield A Tail of Two Kitties,$9.88,$10.52
Nintendo DS,Gem Quest 4 Elements,$5.10,$7.39
Nintendo DS,George of the Jungle and the Search for the Secret,$4.32,$5.80
Nintendo DS,Girl Time,$6.25,$9.19
Nintendo DS,Glory of Heracles [Not for Resale],$16.99,
Nintendo DS,Go Pets Vacation Island,$5.47,$6.00
Nintendo DS,"Go, Diego, Go: Mega Bloks Build & Rescue",$4.72,$6.57
Nintendo DS,Golden Sun: Dark Dawn [Not for Resale],$17.98,
Nintendo DS,Grease,$4.29,$10.03
Nintendo DS,Greg Hastings Tournament Paintball Maxed,$6.46,$8.93
Nintendo DS,Guitar Hero On Tour Decades [Not for Resale],$11.35,
Nintendo DS,Guitar Hero On Tour [Not for Resale],,
Nintendo DS,Hannah Montana [Gift Box],$14.27,$21.03
Nintendo DS,Hannah Montana: The Movie [Walmart],$11.28,$15.88
Nintendo DS,Happily Ever After Vol. 2,$5.49,$7.34
Nintendo DS,Happy Cooking,$9.69,$15.18
Nintendo DS,Harlem Globetrotters World Tour,$4.31,$5.98
Nintendo DS,Heathcliff! Frantic Foto,$5.29,$6.99
Nintendo DS,Heavy Armor Brigade,$7.78,$13.68
Nintendo DS,Hello Kitty Daily,$15.99,$20.92
Nintendo DS,Hidden Mysteries: Buckingham Palace,$5.97,$9.35
Nintendo DS,Hiite Utaeru DS Guitar M-06,$16.10,$17.08
Nintendo DS,History's Great Empires: Rome,$5.81,$9.73
Nintendo DS,Honda ATV Fever,$5.95,$9.06
Nintendo DS,Honeycomb Beat,$4.77,$6.62
Nintendo DS,Hop: The Movie,$4.33,$5.95
Nintendo DS,Horse Life Adventures,$12.96,$14.49
Nintendo DS,Hotel Transylvania,$6.38,$8.32
Nintendo DS,Hurry Up Hedgehog,$4.63,$5.81
Nintendo DS,I Love Babies,$4.24,$4.99
Nintendo DS,I Love Horses,$5.55,$5.79
Nintendo DS,IL-2 Sturmovik: Birds of Prey,$8.77,$10.45
Nintendo DS,Ice Age: Continental Drift Arctic Games,$6.30,$6.57
Nintendo DS,Igor The Game,$3.51,$5.92
Nintendo DS,Imagine Cheerleader,$5.62,$5.93
Nintendo DS,Imagine Movie Star,$2.57,$4.00
Nintendo DS,Imagine Teacher,$3.95,$6.43
Nintendo DS,Imagine Teacher: Class Trip,$3.49,$5.75
Nintendo DS,Imagine: Artist,$4.47,$6.26
Nintendo DS,Imagine: Boutique Owner,$7.92,$8.16
Nintendo DS,Imagine: Family Doctor,$5.37,$5.95
Nintendo DS,Imagine: Gymnast,$7.21,$8.50
Nintendo DS,Imagine: Ice Champions,$9.75,$15.30
Nintendo DS,Imagine: Music Fest,$4.41,$6.27
Nintendo DS,Imagine: Party Planner,$6.14,$6.93
Nintendo DS,Imagine: Reporter,$4.05,$5.00
Nintendo DS,Imagine: Salon Stylist,$5.20,$6.98
Nintendo DS,Imagine: Soccer Captain,$4.70,$7.89
Nintendo DS,Impossible Mission,$6.72,$11.33
Nintendo DS,Interactive Storybook DS Series 1,$4.99,$6.25
Nintendo DS,Interactive Storybook DS Series 2,$7.03,$8.22
Nintendo DS,Interactive Storybook DS Series 3,$5.98,$6.32
Nintendo DS,Jake Power Fireman,$2.82,$5.26
Nintendo DS,Jake Power: Handyman,$3.99,$7.95
Nintendo DS,Jam Sessions 2,$4.49,$4.66
Nintendo DS,Jambo! Safari Animal Rescue,$13.99,$18.52
Nintendo DS,Jane's Hotel,$11.99,$18.62
Nintendo DS,Jelly Belly: Ballistic Beans,$5.36,$8.65
Nintendo DS,Jenga,$4.98,$5.79
Nintendo DS,Jewel Match,$7.54,$9.97
Nintendo DS,Jewels of the Ages,$5.76,$8.07
Nintendo DS,Jewels of the Tropical Lost Island,$5.84,$9.34
Nintendo DS,Jigapix: Pets,$5.13,$8.93
Nintendo DS,Jigapix: Wild World,$1.58,$4.75
Nintendo DS,Jigapix: Wonderful World,$3.87,$5.11
Nintendo DS,Jillian Michaels' Fitness Ultimatum 2010,$1.83,$3.75
Nintendo DS,Johnny Test,$10.51,$18.00
Nintendo DS,Journey to the Center of the Earth,$6.26,$8.99
Nintendo DS,Junior Brain Trainer,$5.66,$7.93
Nintendo DS,Junior Brain Trainer 2,$4.31,$7.63
Nintendo DS,Junior Brain Trainer Math,$6.51,$6.65
Nintendo DS,Junior Classic Games,$3.44,$3.74
Nintendo DS,Junior Island Adventure,$11.03,$18.20
Nintendo DS,Junior Mystery Quest,$4.97,$6.47
Nintendo DS,Just In Time Translations,$4.24,$7.30
Nintendo DS,Just Sing!,$5.23,$7.69
Nintendo DS,Kids Learn & Play: Pets & Vets Bundle,$8.44,$12.99
Nintendo DS,Kids Learn 2 Think,$6.94,$12.97
Nintendo DS,Kids Learn Bundle: Math & Spelling,$20.82,$23.28
Nintendo DS,Kids Learn Math,$5.71,$7.99
Nintendo DS,Kids Learn Music,$9.47,$9.59
Nintendo DS,Kids Learn Spelling & Grammar,$8.62,$11.02
Nintendo DS,Kim Possible Global Gemini,$9.49,$13.70
Nintendo DS,Kirby Canvas Curse [Not for Resale],$80.70,
Nintendo DS,Kirby Super Star Ultra [Not for Resale],$25.87,
Nintendo DS,Knock Em Downs,$17.00,$139.99
Nintendo DS,Konductra,$5.58,$7.00
Nintendo DS,Kung Fu Panda: Legendary Warriors,$6.63,$9.46
Nintendo DS,Kung Zhu [Limited Edition],$1.55,$7.39
Nintendo DS,LEGO Batman The VideoGame [Play & Collect Limited Edition],$66.34,$97.78
Nintendo DS,LEGO Harry Potter: Play & Watch [Value Pack],,
Nintendo DS,LEGO Harry Potter: Years 1-4 [Minifigure Stylus + Color Game Guide],$34.99,$40.00
Nintendo DS,LEGO Star Wars 3: The Clone Wars [Collector's Pack],,
Nintendo DS,LEGO Star Wars III: The Clone Wars [Jango Fett Edition],$26.79,$39.47
Nintendo DS,Learn Science,$4.47,$5.38
Nintendo DS,Learning to Spell,$8.75,$9.51
Nintendo DS,Legend of the Guardians: The Owls of Ga'Hoole,$6.86,$8.00
Nintendo DS,Let's Pilates,$7.21,$8.14
Nintendo DS,Let's Play Ballerina,$7.00,$8.48
Nintendo DS,Let's Play Garden,$2.12,$4.59
Nintendo DS,Let's Play: Flight Attendant,$5.24,$6.01
Nintendo DS,Let's Yoga,$8.15,$8.49
Nintendo DS,Line Rider 2 Unbound,$4.53,$8.55
Nintendo DS,Little Bears,$20.12,$35.50
Nintendo DS,Little League World Series Baseball 2009,$4.49,$6.31
Nintendo DS,Littlest Pet Shop 3: Biggest Stars: Pink Team,$9.18,$12.00
Nintendo DS,Littlest Pet Shop 3: Biggest Stars: Purple Team,$10.24,$11.47
Nintendo DS,Littlest Pet Shop Winter [Walmart],$169.63,$249.97
Nintendo DS,Littlest Pet Shop: Beach Friends [Toys R Us],$89.28,$131.57
Nintendo DS,Littlest Pet Shop: Country Friends [Toys R Us],$69.41,$102.29
Nintendo DS,Lovely Lisa,$7.25,$10.31
Nintendo DS,Lovely Lisa and Friends,$7.79,$9.00
Nintendo DS,M&Ms Break' Em,$5.95,$6.98
Nintendo DS,MLB Power Pros 2008,$10.88,$14.89
Nintendo DS,Madagascar & Shrek SuperSlam,$4.20,$6.49
Nintendo DS,Madden 2005,$6.27,$9.52
Nintendo DS,Madden 2006,$6.29,$8.91
Nintendo DS,Madden 2007,$3.86,$6.56
Nintendo DS,Magical Starsign [Not for Resale],$34.89,
Nintendo DS,Mahjong Journey: Quest for Tikal,$6.21,$8.05
Nintendo DS,Major League Baseball 2K12,$6.32,$9.03
Nintendo DS,Major League Baseball 2K7,$5.06,$5.89
Nintendo DS,Mama's Combo Pack Volume 1,$17.63,$22.08
Nintendo DS,Mama's Combo Pack Volume 2,$14.24,$21.40
Nintendo DS,March of the Penguins,$3.89,$4.89
Nintendo DS,Mario Kart DS [Refurbished],,
Nintendo DS,Mario Party DS [Not for Resale],$16.99,
Nintendo DS,Mario and Luigi Partners in Time [Not for Resale],$99.99,
Nintendo DS,Mario vs Donkey Kong 2 March of Minis [Not for Resale],$26.99,
Nintendo DS,Mario vs. Donkey Kong Mini-Land Mayhem [Not for Resale],$14.93,
Nintendo DS,Mario vs. Donkey Kong Mini-Land Mayhem [Refurbished],,
Nintendo DS,Martine in the Mountains,$9.98,$14.71
Nintendo DS,Marvel Trading Card Game,$18.18,$19.99
Nintendo DS,Master Jin Jin's IQ Challenge,$4.15,$5.82
Nintendo DS,Matchstick,$5.99,$9.50
Nintendo DS,Math Play,$3.56,$5.52
Nintendo DS,May's Mystery: Forbidden Memories,$6.98,$11.96
Nintendo DS,Mechanic Master,$4.95,$5.99
Nintendo DS,Mega Man Star Force DSi Protection Kit,$67.86,$100.00
Nintendo DS,Meteos [Not for Resale],$20.00,
Nintendo DS,Metroid Prime Pinball [Not for Resale],$55.63,
Nintendo DS,Mi Experto en Frances,$5.75,$19.94
Nintendo DS,Mimi's Party Fun,$3.57,$5.88
Nintendo DS,Mon Coach Personnel: J'Ameliore Mon Espagnol,$10.68,$15.73
Nintendo DS,Mon Coach Personnel: J'ameliore mon Anglais,,
Nintendo DS,Monkey Madness: Island Escape,$5.84,$6.20
Nintendo DS,Monster Band,$11.11,$15.58
Nintendo DS,Monster Mayhem: Build and Battle,$6.96,$7.40
Nintendo DS,Montessori Music,$7.14,$10.00
Nintendo DS,Moshi Monsters: Moshling Zoo [Toys R Us Limited Edition],,
Nintendo DS,Moto Racer DS,$10.24,$17.20
Nintendo DS,Moxie Girlz,$4.51,$6.32
Nintendo DS,Murder in Venice,$7.01,$9.47
Nintendo DS,My Baby 3 & Friends,$5.77,$8.03
Nintendo DS,My Baby Girl [Majesco],,
Nintendo DS,My Ballet Studio,$5.29,$6.63
Nintendo DS,My Boyfriend,$4.23,$8.00
Nintendo DS,My Chinese Coach,$13.43,$16.92
Nintendo DS,My DoIt All,,
Nintendo DS,My DoItAll,$3.84,$3.91
Nintendo DS,My Dress-Up,$4.26,$4.49
Nintendo DS,My English Coach Para Hispanoparlantes,$6.14,$8.60
Nintendo DS,My First Dollhouse,$6.87,$8.96
Nintendo DS,My French Coach,$4.91,$7.59
Nintendo DS,My Friends,$4.15,$5.00
Nintendo DS,My Frogger Toy Trials,$9.03,$14.99
Nintendo DS,My Healthy Cooking Coach,$4.95,$7.24
Nintendo DS,My Hero: Firefighter,$9.16,$11.92
Nintendo DS,My Make-Up,$4.76,$4.99
Nintendo DS,My Pet Chimp,$4.04,$4.90
Nintendo DS,My SAT Coach The Princeton Review,$3.34,$4.64
Nintendo DS,My Secret Diary,$4.99,$9.32
Nintendo DS,My Secret World,$3.91,$5.43
Nintendo DS,My Virtual Tutor Reading Adventure: First to Second Grade,$6.22,$7.32
Nintendo DS,My Virtual Tutor Reading Adventure: Kindergarten to First,$5.35,$7.36
Nintendo DS,My Virtual Tutor Reading Adventure: Pre-K to Kindergarten,$5.63,$9.24
Nintendo DS,MySims SkyHeroes,$4.54,$7.22
Nintendo DS,Mystery Quest: Curse of the Ancient Spirits,$9.99,$10.57
Nintendo DS,Mystery Tales: Time Travel,$10.50,$12.98
Nintendo DS,Nancy Drew The Deadly Secret of Old World Park,$12.34,$13.37
Nintendo DS,Nancy Drew: The Model Mysteries,$9.01,$9.98
Nintendo DS,Nanda's Island,$5.35,$10.97
Nintendo DS,Naruto Ninja Council 3 [Not for Resale],,
Nintendo DS,Nervous Brickdown,$6.28,$10.00
Nintendo DS,Neves,$7.62,$10.20
Nintendo DS,New International Track & Field,$6.97,$8.81
Nintendo DS,New York Times Crosswords,$5.83,$5.84
Nintendo DS,Nicktoons Battle for Volcano Island,$5.24,$8.32
Nintendo DS,Nicktoons Unite,$10.92,$12.63
Nintendo DS,Ninja Gaiden: Dragon Sword [Not for Resale],$46.93,
Nintendo DS,Nintendo DS Adventure Bundle,$535.71,$750.00
Nintendo DS,Nintendo DS Black Backpack,,
Nintendo DS,Nintendo DS Carrying Case - Black,,
Nintendo DS,Nintendo DS Game 16 Card Case [White],,
Nintendo DS,Nintendo DS PokePark Edition,,
Nintendo DS,Nintendo DSi White [Brain Age Collection Bundle],$119.96,$152.76
Nintendo DS,Nintendo Zone Wireless Distribution Box [Not for Resale],,
Nintendo DS,Nintendogs Dalmatian And Friends [A Puppy Of Your Own Canadian],$6.32,$8.85
Nintendo DS,Nintendogs Dalmatian And Friends [A Puppy Of Your Own],$7.76,$10.86
Nintendo DS,Nintendogs Dalmatian And Friends [Canadian],$3.44,$4.81
Nintendo DS,Nintendogs Dalmatian And Friends [Limited Edition Canadian],$5.02,$7.03
Nintendo DS,Nintendogs Dalmatian and Friends [Not for Resale],,
Nintendo DS,Nintendogs Jack Russell Relay Mode,,
Nintendo DS,Nintendogs [Not for Resale],$36.72,
Nintendo DS,Nursery Mania,$3.59,$8.42
Nintendo DS,Orcs & Elves [Limited Edition],$56.35,$63.49
Nintendo DS,Our House,$4.50,$5.12
Nintendo DS,Over the Hedge Hammy Goes Nuts,$4.39,$11.50
Nintendo DS,PDC World Championship Darts,$4.95,$7.88
Nintendo DS,POGO Island,$4.82,$6.74
Nintendo DS,Pac Pix [Not for Resale],,
Nintendo DS,Paws & Claws Let's Ride! Friends Forever,$6.50,$7.91
Nintendo DS,Paws & Claws Pet Vet: Australian Adventures,$4.99,$6.04
Nintendo DS,Paws & Claws Regal Resort,$3.49,$3.83
Nintendo DS,Paws and Claws Dogs and Cats Best Friends [Variant],,
Nintendo DS,Personal Fitness For Women,$3.62,$7.74
Nintendo DS,Personal Trainer Cooking [Not for Resale],$24.28,
Nintendo DS,Pet Adoption Center,$4.52,$5.75
Nintendo DS,Pet Alien,$6.80,$7.03
Nintendo DS,Pet Pals Animal Doctor,$2.81,$6.97
Nintendo DS,Pet Vet: Down Under,$5.34,$5.99
Nintendo DS,Petz Bunnyz,$7.04,$9.79
Nintendo DS,Petz Catz Playground,$5.31,$7.77
Nintendo DS,Petz Fantasy: Sunshine Magic,$5.76,$7.51
Nintendo DS,Petz Fantasy: Sunshine Magic [Figure Bundle],,
Nintendo DS,Petz Fashion: Dogz & Catz,$6.86,$6.90
Nintendo DS,Petz Horsez Family,$10.71,$15.99
Nintendo DS,Petz Rescue Ocean Patrol,$3.24,$8.39
Nintendo DS,Petz: Bunnyz Bunch,$5.80,$10.79
Nintendo DS,Petz: Hamsterz Superstarz [Toysrus],,
Nintendo DS,Petz: Pony Beauty Pageant,$5.90,$7.65
Nintendo DS,Photo Phantasy,$6.99,$7.89
Nintendo DS,Picross 3D [Not for Resale],$14.13,
Nintendo DS,Pictionary,$3.09,$5.18
Nintendo DS,Picture Perfect Hair Salon,$13.83,$38.54
Nintendo DS,Pinkalicious Silverlicious 2-Pack,$7.62,$12.93
Nintendo DS,Pirates Duels on the High Seas,$4.09,$5.44
Nintendo DS,Planet 51,$4.40,$5.73
Nintendo DS,Planet Puzzle League [Not for Resale],$20.00,
Nintendo DS,Platinum Sudoku,$6.59,$6.97
Nintendo DS,Playmobil: Pirates,$6.32,$8.23
Nintendo DS,Pokemon Black Version 2 [Code Bundle],,
Nintendo DS,Pokemon DS Handheld Case: Black Version,,
Nintendo DS,Pokemon DS Handheld Case: White Version,,
Nintendo DS,Pokemon Dash [Not For Resale],$241.71,
Nintendo DS,Pokemon Diamond & Pearl Carrying Case,,
Nintendo DS,Pokemon Diamond [Carrying Case Bundle],,
Nintendo DS,Pokemon Platinum [Not For Resale],,
Nintendo DS,Pokemon Ranger Shadows of Almia [Not for Resale],,
Nintendo DS,Pokemon Ranger: Guardian Signs [Not for Resale],$35.32,
Nintendo DS,Pokemon Trozei [Not for Resale],$148.76,
Nintendo DS,Pokemon [Not for Resale Manaphy],,
Nintendo DS,Polarium [Not for Resale],,
Nintendo DS,Pony Friends,$7.99,$9.96
Nintendo DS,Pony Friends 2,$10.05,$11.26
Nintendo DS,Pony Friends Mini-Breeds Edition,$12.10,$16.75
Nintendo DS,Pony Luv,$5.96,$8.25
Nintendo DS,Power Play Pool,$5.99,$8.37
Nintendo DS,Power Play Tennis,$2.59,$3.60
Nintendo DS,Power Rangers Samurai [Figure Bundle],$103.33,$144.66
Nintendo DS,Princess Isabella: A Witch's Curse,$11.40,$13.25
Nintendo DS,Princess Natasha Student Secret Agent Princess,$4.09,$5.00
Nintendo DS,Princess Natasha [Fun Pak],$17.85,$26.31
Nintendo DS,Princess On Ice,$5.04,$8.77
Nintendo DS,Princess in Love,$6.49,$9.07
Nintendo DS,Prism,$3.28,$6.73
Nintendo DS,Pro Evolution Soccer 2008,$9.48,$11.10
Nintendo DS,Professor Layton and the Curious Village [Not for Resale],$1.89,
Nintendo DS,Professor Layton and the Diabolical Box [Not for Resale],$18.15,
Nintendo DS,Professor Layton and the Unwound Future [Not for Resale],$24.14,
Nintendo DS,Puchi Puchi Virus,$9.86,$14.99
Nintendo DS,Puffins: Island Adventure,$5.98,$9.32
Nintendo DS,Puppy Luv Spa & Resort,$3.73,$4.70
Nintendo DS,Puzzle City,$4.00,$5.74
Nintendo DS,Puzzle Expedition,$7.06,$9.88
Nintendo DS,Puzzle Kingdoms,$4.61,$8.76
Nintendo DS,Puzzle Quest 2,$11.00,$11.00
Nintendo DS,Puzzle Time,$4.99,$7.97
Nintendo DS,Quest for Zhu,$3.94,$6.50
Nintendo DS,Quick Yoga Training,$4.14,$5.31
Nintendo DS,R4 3DS Upgrade,,
Nintendo DS,Rafa Nadal Tennis,$5.66,$6.03
Nintendo DS,Rainbow Islands Revolution,$9.78,$15.58
Nintendo DS,Ram Racing,$10.53,$14.74
Nintendo DS,Rapala Pro Bass Fishing 2010,$6.19,$10.90
Nintendo DS,Reader Rabbit Kindergarten,$10.53,$15.11
Nintendo DS,Real Soccer 2009,$2.48,$4.49
Nintendo DS,Rec Room Games,$3.97,$6.72
Nintendo DS,Red Bull BC One,$2.76,$4.25
Nintendo DS,Rhythm Heaven [Not for Resale],$16.99,
Nintendo DS,Rhythm N Notes,$2.00,$7.59
Nintendo DS,Riding Academy 2,$9.49,$12.99
Nintendo DS,Rise Of The Guardians,$5.00,$8.75
Nintendo DS,River City Super Sports Challenge,$17.70,$20.98
Nintendo DS,Rockin' Pretty,$14.76,$30.44
Nintendo DS,Rollin' Rascals,$5.98,$8.95
Nintendo DS,Safari Adventures: Africa,$1.18,$6.49
Nintendo DS,Safecracker: The Ultimate Puzzle Adventure,$7.23,$7.47
Nintendo DS,Sally's Salon,$23.63,$27.50
Nintendo DS,Salon Superstar,$4.50,$6.59
Nintendo DS,Satisfashion,$7.00,$8.74
Nintendo DS,Science Papa,$5.09,$5.16
Nintendo DS,Sea Park Tycoon,$6.99,$9.49
Nintendo DS,Sega Casino,$4.86,$9.18
Nintendo DS,Sesame Street: Elmo's A-To-Zoo Adventure [Stylus Bundle],$21.42,$29.99
Nintendo DS,Sesame Street: Elmo's Musical Monsterpiece,$5.59,$7.16
Nintendo DS,Sherlock Holmes and the Mystery of Osborne House,$8.62,$12.42
Nintendo DS,Sherlock Holmes: The Mystery of the Mummy,$5.15,$10.99
Nintendo DS,Shin Megami Tensei: Strange Journey [Soundtrack Bundle],$79.99,$97.05
Nintendo DS,Shining Stars Super Starcade,$5.38,$6.55
Nintendo DS,Shorts,$4.00,$16.32
Nintendo DS,Showtime Championship Boxing,$5.38,$8.88
Nintendo DS,Shrek Ogres and Dronkeys,$6.07,$8.89
Nintendo DS,Sim Animals Africa,$9.84,$12.37
Nintendo DS,Six Flags Fun Park,$6.79,$7.89
Nintendo DS,Smart Boy's Gameroom 2,$9.75,$15.83
Nintendo DS,Smart Boy's Toy Club,$5.17,$6.26
Nintendo DS,Smart Boy's Winter Wonderland,$4.12,$6.62
Nintendo DS,Smart Girl's Magical Book Club,$8.07,$9.24
Nintendo DS,Smart Girl's Party Game,$5.70,$6.27
Nintendo DS,Smart Girl's Playhouse 2,$4.84,$8.99
Nintendo DS,Smart Girl's Playhouse Party,$7.97,$9.20
Nintendo DS,Smart Girl's Winter Wonderland,$4.12,$7.12
Nintendo DS,Smart Kid's Gameclub,$9.86,$11.99
Nintendo DS,Smart Kid's Mega Game Mix,$14.99,$16.99
Nintendo DS,Smart Kid's Party Fun Pack,$4.48,$13.00
Nintendo DS,Smiley World: Island Challenge,$7.00,$7.28
Nintendo DS,Solitaire Overload Plus,$8.00,$11.01
Nintendo DS,Space Camp,$4.75,$6.53
Nintendo DS,Spanish for Everyone,$5.66,$10.00
Nintendo DS,Speed Racer Video Game [with Movie Ticket Voucher],,
Nintendo DS,SpongeBob SquarePants: Plankton's Robotic Revenge,$7.45,$10.65
Nintendo DS,Sports Collection,$5.00,$9.99
Nintendo DS,Spy Kids: All the Time in the World,$5.25,$8.28
Nintendo DS,Squeeballs Party [Stylus Pack],$17.86,$26.32
Nintendo DS,Squishy Tank,$8.41,$24.76
Nintendo DS,Star Wars Battlefront: Elite Squadron [Bonus Star Wars Collectible],$71.43,$105.26
Nintendo DS,Style Lab: Fashion Design,$4.75,$4.80
Nintendo DS,Style Savvy [Not for Resale],$27.09,
Nintendo DS,SudoKuro,$5.40,$6.81
Nintendo DS,Sudoku Ball Detective,$5.83,$6.52
Nintendo DS,Sudoku Gridmaster,$6.99,$8.99
Nintendo DS,Super Fruit Fall,$8.39,$8.53
Nintendo DS,Super Robot Taisen OG Saga Endless Frontier [Soundtrack Bundle],$139.99,$172.66
Nintendo DS,Surf's Up,$4.77,$7.45
Nintendo DS,Survivor,$7.32,$13.50
Nintendo DS,Sushi Academy,$6.65,$12.27
Nintendo DS,Suzuki Super-Bikes II: Riding Challenge,$4.64,$6.07
Nintendo DS,T.A.C. Heroes: The Big Red One,$4.25,$7.50
Nintendo DS,Tenchu Dark Secret [Not for Resale],$32.46,
Nintendo DS,Tetris DS [Not for Resale],$40.49,
Nintendo DS,Texas Hold 'Em Poker Pack,$6.99,$8.16
Nintendo DS,The Aly & AJ Adventure,$5.09,$7.08
Nintendo DS,The Bee Game,$7.95,$12.10
Nintendo DS,The Bigs 2,$5.63,$8.98
Nintendo DS,The Chase Felix Meets Felicity,$3.98,$7.89
Nintendo DS,The Cheetah Girls Passport to Stardom,$4.10,$6.28
Nintendo DS,The Clique: Diss and Make Up,$11.20,$14.00
Nintendo DS,The Croods: Prehistoric Party,$5.57,$5.90
Nintendo DS,The Daring Game for Girls,$2.17,$7.50
Nintendo DS,The Hardy Boys: Treasure on the Tracks,$12.50,$17.01
Nintendo DS,The Legend of Kay,$7.28,$14.65
Nintendo DS,The Legendary Starfy [Not for Resale],$19.70,
Nintendo DS,The Naked Brothers Band,$4.53,$4.90
Nintendo DS,The Princess and the Frog [Taste of New Orleans],$7.88,$12.06
Nintendo DS,The Secret Saturdays: Beasts of The 5th Sun,$6.47,$7.48
Nintendo DS,The Smurfs 2,$4.95,$5.13
Nintendo DS,The Smurfs 2 [ToyRus],,
Nintendo DS,The Sorcerer's Apprentice,$4.74,$7.89
Nintendo DS,The Spiderwick Chronicles,$6.54,$11.05
Nintendo DS,The Tale of Despereaux,$6.78,$8.02
Nintendo DS,The Treasures of Montezuma,$5.73,$8.49
Nintendo DS,Think Logic Trainer,$6.07,$7.86
Nintendo DS,ThinkSmart: Labyrinth,$8.87,$10.95
Nintendo DS,ThinkSmart: Scotland Yard,$6.78,$6.96
Nintendo DS,Thinksmart,$1.58,$6.38
Nintendo DS,Thinksmart Chess for Kids,$6.47,$6.99
Nintendo DS,Thinksmart: Kids 8+,$2.79,$6.34
Nintendo DS,Time Ace,$9.15,$13.50
Nintendo DS,Tin Can Escape,$11.01,$15.49
Nintendo DS,Titanic Mystery,$11.99,$13.35
Nintendo DS,Tofu Collection,$10.75,$16.72
Nintendo DS,Toon-Doku,$3.28,$6.43
Nintendo DS,Top Gun,$10.00,$12.00
Nintendo DS,Top Spin 2,$7.49,$11.13
Nintendo DS,Top Trumps: NBA All-Stars,$13.09,$29.99
Nintendo DS,Touch 'N' Play Collection,$9.99,$12.00
Nintendo DS,Touch Darts,$5.74,$24.99
Nintendo DS,Touch Mechanic,$8.20,$11.78
Nintendo DS,Toy Shop,$6.32,$6.55
Nintendo DS,Toy Story 3: The Video Game [To The Rescue Edition],$4.19,$8.09
Nintendo DS,Transformers [Not for Resale],,
Nintendo DS,Transformers: Dark Of The Moon Autobots [With Toy],$28.57,$42.10
Nintendo DS,Transformers: Dark Of The Moon Decepticons [With Toy],$16.07,$23.68
Nintendo DS,Transformers: Ultimate Autobots Edition,$9.00,$10.00
Nintendo DS,Trauma Center Under the Knife 2 [Not for Resale],$46.74,
Nintendo DS,Travel Games For Dummies,$4.21,$5.81
Nintendo DS,Treasure Chase,$4.99,$4.99
Nintendo DS,Trioncube,$4.34,$8.03
Nintendo DS,True Swing Golf [Not for Resale],$10.50,
Nintendo DS,Tsumiki: Block Drop Mania,$4.04,$8.73
Nintendo DS,Turbo: Super Stunt Squad,$5.36,$6.10
Nintendo DS,Turn It Around,$4.35,$7.25
Nintendo DS,Turtle Beach Ear Force D2 Headset,,
Nintendo DS,USA Today Crosswords,$4.50,$4.62
Nintendo DS,USA Today Puzzle Craze,$5.71,$5.94
Nintendo DS,Ultimate Card Games,$11.43,$16.39
Nintendo DS,Ultimate Game Room,$3.66,$5.99
Nintendo DS,Ultimate Puzzle Games Sudoku Edition,$7.96,$9.90
Nintendo DS,Uno 52,$6.50,$7.90
Nintendo DS,Unsolved Crimes,$7.03,$10.63
Nintendo DS,Virtual Villagers: A New Home,$10.71,$14.99
Nintendo DS,Wacky Races Crash and Dash,$9.18,$13.82
Nintendo DS,Wario Master of Disguise [Not for Resale],$79.00,
Nintendo DS,Whac-A-Mole,$3.59,$5.00
Nintendo DS,What's Cooking with Jamie Oliver,$3.99,$4.09
Nintendo DS,Wiffle Ball,$5.46,$6.36
Nintendo DS,Winning Eleven Pro Evolution Soccer 2007,$4.28,$9.99
Nintendo DS,Winter Sports 2 The Next Challenge,$6.91,$7.26
Nintendo DS,Wizards of Waverly Place: Spellbound,$4.47,$6.99
Nintendo DS,Wonder World Amusement Park,$4.16,$4.99
Nintendo DS,Wordfish,$4.44,$6.24
Nintendo DS,World Championship Games: A Track & Field Event,$1.72,$4.36
Nintendo DS,World Championship Poker,$5.67,$5.99
Nintendo DS,World Cup Of Pool,$9.18,$12.86
Nintendo DS,Worms Open Warfare,$8.95,$11.55
Nintendo DS,Yamaha Supercross,$4.15,$9.13
Nintendo DS,Yard Sale Hidden Treasures: Sunnyville,$14.99,$16.54
Nintendo DS,Yogi Bear,$5.35,$8.38
Nintendo DS,Yoshi Touch and Go [Not for Resale],,
Nintendo DS,Yoshi's Island DS [Not for Resale],$71.65,
Nintendo DS,Yosumin DS,,
Nintendo DS,Zelda Spirit Tracks [Refurbished],,
Nintendo DS,Zendoku,$3.40,$7.99
Nintendo DS,Zenses: Zen Garden,$23.60,$31.05
Nintendo DS,Zhu Zhu Babies,$5.79,$6.09
Nintendo DS,Zhu Zhu Pets 2: Featuring The Wild Bunch Limited Edition,$4.14,$5.80
Nintendo DS,Zhu Zhu Puppies,$5.67,$6.56
Nintendo DS,Zoey 101 Field Trip Fiasco,$6.86,$11.00
Nintendo DS,Zombiez Seeker,$29.99,$124.83
Nintendo DS,Zoo Vet: Endangered Animals,$5.03,$9.09
Nintendo DS,Zubo,$6.84,$8.00
Nintendo DS,iCarly: Groovy Foodie,$6.47,$7.11
Nintendo DS,iQue Nintendo DSi,,
Nintendo DS,Play & Build Kit [Pirates of the Caribbean],$21.50,$30.10
Nintendo DS,I-Con: DS Games/Stylus Case,,
Nintendo DS,PowerA Nintendo DS Universal Folio,,
Nintendo DS,Gamer Pack,,
Nintendo DS,5-in-1 Gamer Kit,,
Nintendo DS,5-In-1 Gamer Kit [Basketball],,
Nintendo DS,Nintendo DS Car Adaptor,$2.49,$3.46
Nintendo DS,Pelican AC Adapter,,
Nintendo DS,Game Genie,$35.71,$52.63
Nintendo DS,Game Traveler Essentials,$23.82,
Nintendo DS,Littlest Pet Shop 3: Biggest Stars [Bundle],,
Nintendo DS,World Championship Spelling,$6.07,$8.59
Nintendo DS,Nintendo DS AC Adapter,$11.77,$13.52
Nintendo DS,DS Download Station [Volume 1],$79.99,$139.97
Nintendo DS,DS Download Station [Volume 2],$30.07,$42.20
Nintendo DS,DS Download Station [Volume 3],$30.00,$42.00
Nintendo DS,DS Download Station [Volume 4],$39.99,$55.99
Nintendo DS,DS Download Station [Volume 11],$28.89,$40.45
Nintendo DS,DS Download Station [Volume 13],$29.99,$41.99
Nintendo DS,DS Download Station [Volume 14],$40.00,$42.00
Nintendo DS,DS Download Station [Volume 15],$35.92,$50.29
Nintendo DS,DS Download Station [Volume 16],$29.99,$41.99
Nintendo DS,DS Download Station [Volume 17],$38.66,$54.12
Nintendo DS,DS Download Station [Volume 18],$26.41,$36.64
Nintendo DS,DS Download Station [Volume 19],$31.49,$44.09
Nintendo DS,Touchmaster [WB Games],,
Nintendo DS,Jewel Master Compilation,$7.99,$12.99
Nintendo DS,Word Up,$3.00,$4.00
Nintendo DS,Hands On! Tangrams,$8.56,$10.27
Nintendo DS,Personal Fitness For Men,$4.00,$4.19
Nintendo DS,Phineas & Ferb: Quest for Cool Stuff,$4.99,$9.27
Nintendo DS,Pokemon [Legendary Not For Resale Y90E],$383.49,
Nintendo DS,Pelican Invisi-Shield for DS Lite,,
Nintendo DS,DSi Power Shell,,
Nintendo DS,Petz Fantasy: Moonlight Magic [Figure Bundle],$60.71,$85.00
Nintendo DS,Nintendo DSi XL Demo Video Volume 2,,
Nintendo DS,Nintendo DSi XL Demo Video,$34.44,$50.47
Nintendo DS,Monster High: Ghoul Spirit [Little Orbit],,
Nintendo DS,Game Traveler [Brown],,
Wii,Mario Kart Wii,$30.53,$33.57
Wii,Wii Sports,$27.50,$29.99
Wii,New Super Mario Bros. Wii,$23.96,$25.20
Wii,Wii Sports Resort,$33.00,$39.94
Wii,White Nintendo Wii System,$60.00,$152.69
Wii,Super Smash Bros. Brawl,$15.07,$18.27
Wii,Super Mario Galaxy,$12.17,$16.07
Wii,Zelda Twilight Princess,$15.00,$18.42
Wii,Mario Party 8,$27.00,$30.00
Wii,Super Mario Galaxy 2,$19.52,$23.14
Wii,Wii Play,$6.00,$7.42
Wii,Fire Emblem Radiant Dawn,$98.32,$117.16
Wii,Donkey Kong Country Returns,$12.30,$12.84
Wii,Super Paper Mario,$12.34,$15.00
Wii,Silent Hill: Shattered Memories,$94.34,$119.77
Wii,Wii Party,$58.29,$63.86
Wii,Mario Party 9,$39.99,$46.07
Wii,Zelda Skyward Sword,$16.72,$19.99
Wii,Metroid Prime Trilogy [Collector's Edition],$99.98,$137.69
Wii,Michael Jackson: The Experience,$29.99,$36.75
Wii,Animal Crossing City Folk,$17.73,$23.03
Wii,Pokemon Battle Revolution,$19.78,$28.96
Wii,Mario Super Sluggers,$35.00,$36.08
Wii,Metroid Prime 3 Corruption,$13.80,$17.93
Wii,Rhythm Heaven Fever,$109.99,$150.00
Wii,Resident Evil 4,$11.68,$13.10
Wii,Just Dance 2,$5.69,$8.49
Wii,Kirby's Epic Yarn,$16.44,$19.20
Wii,Mario and Sonic at the Olympic Games,$9.63,$11.12
Wii,Just Dance 3,$9.20,$12.24
Wii,Wii Fit Plus,$3.25,$6.86
Wii,Super Mario All-Stars Limited Edition,$22.44,$28.99
Wii,Black Nintendo Wii System,$81.21,$149.88
Wii,Metroid Prime Trilogy,$96.19,$125.25
Wii,Punch-Out,$29.97,$35.00
Wii,Sonic and the Secret Rings,$9.45,$13.74
Wii,Kirby's Dream Collection: Special Edition,$29.23,$53.00
Wii,Wii Fit (game Only),$3.32,$7.55
Wii,Zelda Skyward Sword [Soundtrack Bundle],$16.98,$18.29
Wii,LEGO Star Wars Complete Saga,$7.99,$8.37
Wii,Guitar Hero III Legends of Rock,$15.37,$19.62
Wii,Epic Mickey,$5.00,$7.99
Wii,Nintendo Wii Console Red [Mario 25th Anniversary],$73.64,$476.34
Wii,Mario Strikers Charged,$13.33,$15.94
Wii,Resident Evil The Umbrella Chronicles,$13.43,$19.65
Wii,WarioWare: Smooth Moves,$18.49,$21.90
Wii,Just Dance 4,$11.49,$11.73
Wii,Metroid: Other M,$11.99,$16.99
Wii,The Last Story,$50.47,$69.66
Wii,Resident Evil: The Darkside Chronicles,$38.99,$59.99
Wii,PokePark Wii: Pikachu's Adventure,$29.53,$35.00
Wii,Wario Land Shake It,$14.97,$19.58
Wii,Mario and Sonic at the Olympic Winter Games,$14.57,$15.00
Wii,Wii Sports & Wii Sports Resort,$63.99,$67.12
Wii,Guitar Hero World Tour,$12.40,$12.99
Wii,Pandora's Tower,$66.04,$87.50
Wii,Super Mario Galaxy [Nintendo Selects],$13.11,$16.41
Wii,Just Dance,$7.99,$8.49
Wii,Dragon Ball Z Budokai Tenkaichi 3,$28.20,$39.99
Wii,Sonic and the Black Knight,$13.80,$18.42
Wii,Super Mario All-Stars [Nintendo Selects],$18.80,$24.99
Wii,Kirby's Return to Dream Land,$22.98,$29.17
Wii,Red Nintendo Wii System,$74.75,$209.23
Wii,Xenoblade Chronicles,$19.10,$25.00
Wii,Nintendo Wii Mini System,$79.29,$108.90
Wii,MadWorld,$11.29,$15.00
Wii,Sonic Colors,$9.72,$13.34
Wii,The House of the Dead 2 & 3 Return,$18.82,$20.00
Wii,Coraline,$79.99,$94.84
Wii,White Wii Remote,$12.95,$14.55
Wii,Link's Crossbow Training,$4.82,$7.00
Wii,Rayman Raving Rabbids,$4.05,$7.69
Wii,Super Monkey Ball Banana Blitz,$5.95,$7.28
Wii,Star Wars The Force Unleashed,$5.41,$5.94
Wii,Sin and Punishment: Star Successor,$27.06,$33.78
Wii,Carnival Games,$6.30,$7.26
Wii,Wii Music,$5.90,$7.97
Wii,The Last Story [Limited Edition],$62.39,$70.40
Wii,Sonic Unleashed,$11.58,$14.22
Wii,Tatsunoko vs. Capcom: Ultimate All Stars,$26.00,$41.18
Wii,LEGO Batman The Videogame,$4.93,$5.96
Wii,Manhunt 2,$15.54,$24.99
Wii,Fortune Street,$28.99,$29.96
Wii,Game Party,$3.54,$6.95
Wii,007 GoldenEye,$10.18,$13.99
Wii,Super Paper Mario [Nintendo Selects],$14.85,$15.00
Wii,Zelda Twilight Princess [Nintendo Selects],$19.76,$19.95
Wii,Mario Sports Mix,$23.28,$28.71
Wii,PokePark 2: Wonders Beyond,$33.38,$43.68
Wii,Wii Sports [Nintendo Selects],$32.99,$34.03
Wii,Mario & Sonic at the London 2012 Olympic Games,$14.54,$17.95
Wii,Club Penguin: Game Day Limited Edition,$541.64,$660.96
Wii,JU-ON: The Grudge,$74.30,$96.06
Wii,Rock Band,$8.46,$8.48
Wii,Mario Kart Wii [Wheel Bundle],$34.90,$45.21
Wii,The Beatles: Rock Band,$6.47,$7.14
Wii,Just Dance 2014,$8.89,$13.05
Wii,Guitar Hero: Metallica,$38.13,$45.80
Wii,LEGO Indiana Jones The Original Adventures,$4.68,$5.40
Wii,Red Steel,$5.57,$7.15
Wii,The House of the Dead Overkill,$19.99,$28.49
Wii,The Simpsons Game,$15.99,$19.99
Wii,No More Heroes,$10.42,$14.99
Wii,Zelda Skyward Sword [Controller Bundle],$30.11,$79.49
Wii,Black Wii Remote Plus,$29.95,$36.86
Wii,Fragile Dreams: Farewell Ruins of The Moon,$73.34,$96.87
Wii,Dead Space Extraction,$23.23,$29.99
Wii,Guitar Hero Aerosmith,$8.70,$10.65
Wii,Nights Journey of Dreams,$8.99,$12.98
Wii,The Godfather Blackhand Edition,$10.48,$14.75
Wii,LEGO Star Wars III: The Clone Wars,$6.00,$6.96
Wii,Okami,$9.54,$10.85
Wii,Cooking Mama Cook Off,$8.00,$9.14
Wii,Mario Super Sluggers [Nintendo Selects],$38.68,$38.71
Wii,Wipeout: The Game,$6.09,$7.00
Wii,Epic Mickey 2: The Power of Two,$5.28,$7.70
Wii,Wii Play Motion,$17.92,$23.18
Wii,LEGO Harry Potter: Years 1-4,$7.20,$8.94
Wii,Big Brain Academy Wii Degree,$3.44,$6.71
Wii,Guitar Hero 5,$18.89,$23.63
Wii,New Play Control: Mario Power Tennis,$12.99,$13.82
Wii,Muramasa: The Demon Blade,$25.46,$32.50
Wii,Call of Duty Black Ops,$8.81,$10.00
Wii,Rayman Raving Rabbids 2,$6.00,$8.30
Wii,Deca Sports,$5.58,$7.95
Wii,Guitar Hero: Warriors of Rock,$29.85,$34.97
Wii,Bakugan Battle Brawlers,$4.94,$7.55
Wii,Blazing Angels Squadrons of WWII,$2.80,$5.04
Wii,uDraw Studio,$10.00,$13.79
Wii,Pikmin 2 [Nintendo Selects],$22.67,$24.37
Wii,Wii Fit [Balance Board Bundle],$25.49,$26.99
Wii,Toy Story Mania,$6.06,$7.72
Wii,EA Sports Active,$2.95,$8.25
Wii,Spiderman: Shattered Dimensions,$15.55,$17.99
Wii,Skylanders Spyro's Adventure,$6.22,$7.54
Wii,Star Wars Clone Wars Lightsaber Duels,$3.79,$4.97
Wii,Veggy World,$169.05,$179.99
Wii,Zumba Fitness,$2.60,$5.59
Wii,Rock Band 2,$8.76,$11.41
Wii,Trauma Center Second Opinion,$7.33,$12.94
Wii,Opoona,$45.00,$55.19
Wii,Black Nintendo Wii System [Wii Sports + Wi Sports Resort + Wii MotionPlus],$144.97,$210.93
Wii,Donkey Kong Barrel Blast,$11.98,$15.93
Wii,Monster Hunter 3 Tri,$9.09,$12.68
Wii,Castlevania Judgment,$15.00,$21.47
Wii,LEGO Batman 2,$5.40,$7.50
Wii,Sonic & SEGA All-Stars Racing,$10.00,$12.07
Wii,Toy Story 3: The Video Game,$8.30,$8.62
Wii,Calling,$37.46,$71.36
Wii,Just Dance 2015,$10.05,$11.99
Wii,Dokapon Kingdom,$34.00,$47.68
Wii,Dragon Ball Z Budokai Tenkaichi 2,$12.69,$15.75
Wii,No More Heroes 2: Desperate Struggle,$14.99,$20.00
Wii,Zack and Wiki Quest for Barbaros Treasure,$11.36,$14.89
Wii,Call of Duty 3,$4.00,$6.30
Wii,Guitar Hero Smash Hits,$37.39,$44.01
Wii,New Play Control: Pikmin,$14.50,$23.09
Wii,Need for Speed Prostreet,$4.45,$7.20
Wii,Godzilla Unleashed,$34.56,$40.01
Wii,New Carnival Games [Wii Motion Plus Bundle],$13.33,$20.00
Wii,Wii Nunchuk [White],$8.99,$10.92
Wii,Call of Duty World at War,$4.79,$8.37
Wii,Scarface the World is Yours,$28.05,$40.67
Wii,NERF N-Strike [Bundle],$6.69,$7.37
Wii,Cursed Mountain,$13.99,$19.49
Wii,Klonoa,$18.12,$27.03
Wii,Spiderman Web of Shadows,$13.21,$15.64
Wii,Gunblade NY & LA Machineguns Arcade Hits Pack,$81.14,$86.97
Wii,Just Dance 2020,$29.99,$32.49
Wii,Red Steel 2,$11.99,$12.85
Wii,LEGO Indiana Jones 2: The Adventure Continues,$6.26,$6.54
Wii,Game Party 2,$4.79,$8.99
Wii,Guitar Hero Wireless Les Paul Controller,$36.49,$122.50
Wii,Mathews Bowhunting (with Bow),$42.72,$59.50
Wii,Rayman Raving Rabbids TV Party,$5.31,$6.99
Wii,Sonic Riders Zero Gravity,$16.80,$17.98
Wii,Blue Nintendo Wii System,$98.25,$138.08
Wii,Call of Duty Modern Warfare Reflex,$5.11,$6.67
Wii,Samba De Amigo,$3.44,$6.93
Wii,Wii Wheel,$8.99,$12.83
Wii,Mortal Kombat Armageddon,$15.49,$17.99
Wii,Obscure The Aftermath,$12.99,$16.38
Wii,Rock Band 3,$22.99,$24.38
Wii,Wii Balance Board,$20.19,$26.25
Wii,LEGO Pirates of the Caribbean: The Video Game,$6.62,$7.82
Wii,Endless Ocean,$9.31,$9.43
Wii,Wheel of Fortune,$7.29,$9.48
Wii,Resident Evil Archives: Resident Evil,$15.28,$16.99
Wii,Disney Infinity [Game Only],$5.31,$6.57
Wii,Mario Wii Remote Plus,$48.70,$49.82
Wii,Tales of Symphonia Dawn of the New World,$9.96,$12.25
Wii,Bully Scholarship Edition,$13.77,$21.55
Wii,Wii Classic Controller,$12.25,$30.38
Wii,Monster 4X4 World Circuit [Steering Wheel Bundle],$2.67,$3.47
Wii,Shaun White Snowboarding Road Trip,$3.69,$6.52
Wii,Game Party 3,$7.45,$9.07
Wii,Aqua Panic,$14.00,$17.66
Wii,FlingSmash,$3.94,$7.25
Wii,Pac-Man Party,$9.25,$11.07
Wii,Cabela's Big Game Hunter 2010,$4.72,$7.38
Wii,Fishing Resort,$62.90,$79.97
Wii,We Ski,$5.47,$7.65
Wii,Ghost Squad,$9.75,$10.98
Wii,Just Dance Summer Party,$9.71,$9.99
Wii,Deadly Creatures,$16.62,$22.99
Wii,Dragon Quest Swords The Masked Queen and the Tower of Mirrors,$13.95,$19.33
Wii,Looney Tunes Acme Arsenal,$6.00,$6.06
Wii,Wii Energizer 2x Charge Station,$12.99,$16.89
Wii,Spiderman 3,$6.78,$9.18
Wii,The Conduit,$8.02,$10.34
Wii,MySims,$4.53,$8.80
Wii,Batman: The Brave and the Bold,$9.98,$13.01
Wii,Monster 4X4 World Circuit,$3.48,$4.83
Wii,NERF N-Strike (game only),$5.91,$6.00
Wii,Naruto Clash of Ninja Revolution,$7.39,$8.82
Wii,Trauma Center New Blood,$8.87,$9.94
Wii,Trauma Team,$33.14,$45.00
Wii,Skylanders Swap Force,$5.87,$7.62
Wii,Build 'N Race,$3.42,$4.57
Wii,Active Life Outdoor Challenge,$3.51,$6.36
Wii,Dragon Ball: Revenge of King Piccolo,$28.52,$31.99
Wii,White Wii MotionPlus Adapter,$9.00,$12.93
Wii,Metal Slug Anthology,$15.09,$19.61
Wii,Ghostbusters: The Video Game,$7.96,$9.72
Wii,LEGO Harry Potter Years 5-7,$6.85,$9.28
Wii,LEGO Lord Of The Rings,$9.99,$11.17
Wii,Need for Speed Carbon,$6.84,$7.78
Wii,Nintendo Wii Sport Resort Pack Console White,$99.62,$129.00
Wii,Boom Blox,$4.39,$6.46
Wii,Rune Factory: Frontier,$22.64,$29.99
Wii,Disney Princess Enchanted Journey,$8.00,$10.66
Wii,Tiger Woods 2009 All-Play,$4.68,$5.12
Wii,Skylander's Giants,$6.07,$9.77
Wii,Just Dance Kids,$5.45,$5.68
Wii,Maximum Racing: Rally Racer,$34.63,$35.06
Wii,Star Wars: The Force Unleashed II,$6.60,$9.73
Wii,Baroque,$38.60,$48.55
Wii,De Blob,$5.10,$6.10
Wii,Band Hero,$6.72,$7.98
Wii,Final Fantasy Crystal Chronicles: Crystal Bearers,$11.49,$16.55
Wii,M&M's Kart Racing,$3.54,$6.80
Wii,Marvel Ultimate Alliance,$8.31,$10.00
Wii,New Play Control: Donkey Kong Jungle Beat,$14.69,$18.13
Wii,Rayman Origins,$10.50,$12.00
Wii,Wii Console White: Wii Sports Edition,$96.33,$144.50
Wii,Chicken Shoot,$3.79,$6.66
Wii,Harvest Moon Tree of Tranquility,$13.94,$15.00
Wii,Just Dance 2016,$14.00,$14.99
Wii,LEGO Rock Band,$7.99,$10.23
Wii,WWII Aces,$2.76,$6.94
Wii,Deal or No Deal,$4.54,$8.23
Wii,Sega Bass Fishing,$4.39,$6.67
Wii,Wii Fit Plus [Balance Board Bundle],$24.18,$32.49
Wii,Namco Museum Megamix,$7.77,$10.05
Wii,Skylander's Giants Portal Owners Pack,$4.09,$5.40
Wii,Nintendo Wii Sports & Wii Sports Resort Black Console,$66.00,$119.67
Wii,Tiger Woods PGA Tour 10,$5.89,$7.80
Wii,Resident Evil Archives: Resident Evil Zero,$13.70,$17.99
Wii,Titanic Mystery,$10.96,$14.95
Wii,Arc Rise Fantasia,$32.50,$52.68
Wii,Bleach Shattered Blade,$10.27,$11.02
Wii,Call of Duty Modern Warfare 3,$5.29,$7.36
Wii,Dance Dance Revolution Hottest Party,$7.73,$7.90
Wii,Need for Speed Nitro,$5.49,$9.70
Wii,Animal Planet: Vet Life,$3.78,$9.11
Wii,The Bachelor,$4.25,$5.55
Wii,Club Penguin: Game Day,$5.31,$8.00
Wii,Wii Black Console [RVL-001],$53.75,$76.81
Wii,007 Quantum of Solace,$5.34,$6.95
Wii,Teenage Mutant Ninja Turtles: Smash-Up,$8.75,$11.36
Wii,The Sims 3,$6.73,$8.84
Wii,AMF Bowling Pinbusters,$6.38,$6.73
Wii,Spectrobes: Origins,$9.25,$17.99
Wii,High School Musical Sing It,$5.90,$8.31
Wii,Teenage Mutant Ninja Turtles,$7.87,$8.00
Wii,Rampage Total Destruction,$9.97,$10.19
Wii,Scooby-Doo First Frights,$10.07,$12.00
Wii,Transformers: The Game,$3.53,$6.92
Wii,Gormiti: The Lords of Nature!,$9.00,$10.22
Wii,Lost in Shadow,$17.38,$26.44
Wii,Zelda Twilight Princess [Not for Resale],$199.95,$300.00
Wii,Excite Truck,$7.40,$10.07
Wii,Alien Syndrome,$4.99,$6.54
Wii,Deca Sports 2,$6.97,$7.39
Wii,Star Wars Clone Wars: Republic Heroes,$4.48,$6.47
Wii,Target Terror,$34.84,$51.95
Wii,Carnival Games Mini Golf,$7.45,$8.99
Wii,The Price is Right,$6.53,$6.98
Wii,Atrevete a Sonar,$103.29,$269.30
Wii,Cars 2,$6.96,$8.38
Wii,Ivy the Kiwi,$48.63,$59.00
Wii,Just Dance Disney Party,$9.18,$11.13
Wii,Prince of Persia Rival Swords,$4.73,$4.79
Wii,Zumba Fitness 2,$2.82,$6.14
Wii,Harvest Moon: Animal Parade,$20.50,$24.99
Wii,Summer Sports Paradise Island,$4.45,$7.64
Wii,Battalion Wars 2,$9.95,$12.70
Wii,Avatar: The Game,$7.95,$8.12
Wii,Disney Universe,$4.88,$6.68
Wii,Naruto Shippuden: Clash of Ninja Revolution 3,$9.50,$10.97
Wii,Chicken Blaster,$4.89,$5.42
Wii,Excitebots: Trick Racing,$8.99,$13.95
Wii,Guitar Hero III Legends of Rock [Bundle],$58.49,$102.45
Wii,Skylanders Trap Team,$10.85,$11.48
Wii,Just Dance 2017,$13.61,$17.99
Wii,Just Dance 2018,$18.41,$20.00
Wii,Onechanbara Bikini Zombie Slayers,$19.99,$32.45
Wii,Rapala Tournament Fishing,$3.79,$6.87
Wii,Black Eyed Peas Experience,$3.72,$6.89
Wii,Cooking Mama World Kitchen,$5.99,$7.02
Wii,Elebits,$6.89,$9.99
Wii,Indiana Jones and the Staff of Kings,$6.49,$7.54
Wii,Tiger Woods PGA Tour 08,$3.21,$4.53
Wii,RVT-H Reader,$655.28,$846.12
Wii,101-in-1 Party Megamix,$5.28,$5.48
Wii,Barbie and Her Sisters: Puppy Rescue,$10.99,$14.46
Wii,Madden 2009 All-Play,$3.10,$7.00
Wii,Wii Console White: Wii Sports + Wii Sports Resort + Wii Motion Plus,$95.73,$140.61
Wii,Soul Calibur Legends,$6.74,$11.07
Wii,Tangled,$6.03,$7.72
Wii,WWE Smackdown vs. Raw 2008,$4.40,$8.87
Wii,MySims Kingdom,$5.24,$8.99
Wii,Rabbids Go Home,$12.33,$12.77
Wii,Cars Mater-National Championship,$4.23,$6.63
Wii,Rock Band Drum Set,$110.00,$111.76
Wii,Mario Power Tennis [Nintendo Selects],$14.25,$15.89
Wii,EA Playground,$4.24,$7.15
Wii,Speed Racer: The Videogame,$6.55,$8.20
Wii,GT Pro Series,$4.45,$6.38
Wii,Just Dance Kids 2,$5.46,$5.50
Wii,Tetris Party Deluxe,$11.00,$13.66
Wii,X-Men Origins: Wolverine,$6.21,$10.43
Wii,Castle of Shikigami III,$28.10,$36.76
Wii,Dance Dance Revolution: Hottest Party 2,$3.74,$6.94
Wii,Let's Sing 2016 Microphone Bundle,$38.31,$49.80
Wii,Namco Museum Remix,$4.78,$7.98
Wii,We Sing 80s,$21.59,$23.88
Wii,Winter Sports the Ultimate Challenge,$5.87,$7.35
Wii,Smiley World: Island Challenge,$9.59,$12.47
Wii,Hasbro Family Game Night,$7.45,$9.00
Wii,Hasbro Family Game Night 3,$14.96,$16.95
Wii,Iron Man,$7.21,$9.31
Wii,Sega Superstars Tennis,$6.02,$8.39
Wii,Wii Zapper with Link's Crossbow Training,$7.58,$14.71
Wii,Cars Toon: Mater's Tall Tales,$5.58,$7.99
Wii,The Hip Hop Dance Experience,$12.48,$14.98
Wii,Dead Rising Chop Til You Drop,$7.18,$12.75
Wii,Maximum Racing: Sprint Cars,$25.74,$33.49
Wii,Rudolph the Red-Nosed Reindeer,$5.22,$6.18
Wii,Sniper Elite,$10.48,$11.82
Wii,Black Wii Classic Controller Pro,$15.02,$30.72
Wii,EA Sports Active NFL Training Camp,$5.81,$9.97
Wii,Jillian Michaels' Fitness Ultimatum 2009,$2.75,$3.74
Wii,Medal of Honor Heroes 2,$4.78,$5.85
Wii,Wii Sports Resort [Cardboard Sleeve],$27.49,$34.08
Wii,Luigi Wii Remote Plus,$28.85,$37.69
Wii,Skylanders SuperChargers Starter Pack,$18.35,$34.99
Wii,Nintendo Wii [New Super Mario Bros. Wii Bundle],$126.76,$199.99
Wii,Bust-A-Move Bash,$4.92,$5.66
Wii,Scooby Doo and the Spooky Swamp,$13.41,$13.44
Wii,Angry Birds Star Wars,$4.82,$8.55
Wii,Green Day: Rock Band,$19.96,$27.99
Wii,Country Dance,$6.57,$7.67
Wii,Jeopardy,$5.99,$6.16
Wii,Punch-Out [Nintendo Selects],$34.75,$34.96
Wii,New Super Mario Bros. Wii [Not For Resale],$17.60,$20.37
Wii,Nintendo Wii Mini System [Mario Kart Bundle],$75.00,$129.36
Wii,Babysitting Mama,$5.98,$7.89
Wii,Dragon Ball Z Budokai Tenkaichi 3 [Bonus Disc Bundle],$67.43,$87.49
Wii,Guilty Party,$5.02,$7.35
Wii,Madden NFL 10,$3.04,$5.76
Wii,Michael Jackson: The Experience [Walmart Edition],$21.42,$21.46
Wii,The Beatles: Rock Band [Limited Edition],$249.97,$299.99
Wii,Thrillville Off The Rails,$3.51,$7.99
Wii,Cabela's Survival: Shadows Of Katmai,$4.39,$6.50
Wii,Pinball Hall of Fame: The Williams Collection,$6.07,$8.65
Wii,Skate It,$5.53,$8.29
Wii,Super Mario Galaxy 2 [Nintendo Selects],$19.74,$23.14
Wii,White Wii Remote Plus,$16.27,$20.18
Wii,El Chavo,$33.68,$34.58
Wii,Guitar Hero World Tour Wireless Drum Kit Controller,,
Wii,Peach Wii Remote Plus,$29.00,$40.35
Wii,Spiderman: Edge of Time,$14.60,$16.36
Wii,Tenchu Shadow Assassins,$8.45,$10.37
Wii,Gold's Gym Cardio Workout,$3.75,$6.62
Wii,Cabela's Big Game Hunter 2008,$3.97,$7.21
Wii,SSX Blur,$5.11,$6.95
Wii,"Sakura Wars: So Long, My Love",$49.45,$57.76
Wii,Cabela's Dangerous Hunts 2011,$4.70,$9.90
Wii,Little King's Story,$18.16,$24.54
Wii,NASCAR Kart Racing,$6.79,$9.29
Wii,One Piece Unlimited Adventure,$22.72,$51.16
Wii,Shiren the Wanderer,$49.01,$54.97
Wii,Spore Hero,$6.74,$7.53
Wii,Tomb Raider Anniversary,$8.50,$10.92
Wii,Cabela's Dangerous Hunts 2009,$3.86,$5.52
Wii,Endless Ocean: Blue World,$9.98,$15.13
Wii,My Personal Golf Trainer With IMG Academies and David Leadbetter,$10.44,$13.62
Wii,Resident Evil The Umbrella & Darkside Chronicles,$45.00,$84.34
Wii,Transformers: Revenge of the Fallen,$3.87,$7.93
Wii,Wii Sports Resort 1 Wii MotionPlus Bundle,$25.45,$44.65
Wii,The Biggest Loser,$2.97,$5.07
Wii,DJ Hero (game only),$5.99,$6.49
Wii,Destroy All Humans Big Willy Unleashed,$6.37,$7.75
Wii,EA Smarty Pants,$4.25,$5.24
Wii,Tiger Woods PGA Tour 12: The Masters,$21.99,$24.99
Wii,Deca Sports 3,$7.99,$8.96
Wii,Disney Pixar Up,$5.63,$7.83
Wii,Gold's Gym Dance Workout,$4.24,$5.27
Wii,Hello Kitty Seasons,$8.96,$9.48
Wii,Martian Panic [Gun Bundle],$23.46,$30.23
Wii,NHL Slapshot,$8.23,$9.93
Wii,AMF Bowling World Lanes,$7.31,$9.14
Wii,Cars,$8.03,$12.72
Wii,Cursed Mountain [Limited Edition],$50.00,$52.07
Wii,Dewy's Adventure,$7.00,$9.00
Wii,Hannah Montana Spotlight World Tour,$3.62,$5.70
Wii,I Spy: Spooky Mansion,$6.08,$7.92
Wii,Phineas and Ferb: Across the 2nd Dimension,$5.73,$6.46
Wii,Prince of Persia: The Forgotten Sands,$5.05,$7.98
Wii,Wacky Races Crash and Dash,$8.41,$12.80
Wii,Wii Zapper,$16.99,$28.61
Wii,Arcade Shooting Gallery Bundle,$20.46,$28.46
Wii,Big Beach Sports,$2.42,$3.70
Wii,EA Sports Active 2,$5.69,$10.05
Wii,Shrek's Carnival Craze,$4.95,$7.70
Wii,Transformers: Cybertron Adventures,$7.82,$9.85
Wii,Boogie,$2.02,$5.80
Wii,Disney Sing It,$3.01,$6.64
Wii,Mario Strikers Charged [Nintendo Selects],$14.35,$15.21
Wii,Resident Evil: The Darkside Chronicles [Gun Bundle],$97.24,$125.00
Wii,The Sims 2: Castaway,$8.23,$9.10
Wii,Blue Wii Remote Plus,$21.95,$23.64
Wii,Brunswick Pro Bowling,$7.92,$8.50
Wii,Aladdin Magic Racer,$7.99,$14.92
Wii,Pirates of the Caribbean At World`s End,$4.15,$6.47
Wii,Skyward Sword Wii Remote Plus,$49.72,$103.94
Wii,Tony Hawk Downhill Jam,$4.02,$5.76
Wii,Tony Hawk: Ride,$8.48,$9.72
Wii,Pictionary,$5.50,$5.70
Wii,Deer Drive,$4.43,$6.03
Wii,Final Fantasy Fables Chocobo's Dungeon,$9.80,$22.83
Wii,Karaoke Revolution: Glee,$4.77,$5.87
Wii,Madden 2008,$4.89,$5.96
Wii,Madden 2009 All-Play [Breast Cancer Slipcover],$238.46,$310.00
Wii,Mercury Meltdown Revolution,$4.72,$4.73
Wii,Mr. Bean's Wacky World,$75.00,$80.00
Wii,Need for Speed Undercover,$5.95,$8.00
Wii,Rock Band 3 Fender Mustang Guitar,$47.50,$143.42
Wii,A Boy and His Blob,$10.04,$12.97
Wii,Disney Sing It: Pop Hits,$2.87,$7.30
Wii,Dragon Blade Wrath Of Fire,$6.02,$6.79
Wii,Harry Potter and the Deathly Hallows: Part 1,$5.77,$7.52
Wii,Harvest Moon Magical Melody,$10.42,$13.25
Wii,Heavenly Guardian,$6.12,$6.50
Wii,Monster High: Ghoul Spirit,$5.29,$9.21
Wii,MySims Agents,$9.00,$9.45
Wii,Spiderman Friend or Foe,$9.30,$11.84
Wii,SpongeBob SquarePants Featuring Nicktoons Globs of Doom,$6.21,$8.12
Wii,Tornado Outbreak,$12.03,$19.99
Wii,Medieval Games,$3.97,$5.10
Wii,Marvel Super Hero Squad,$7.81,$8.99
Wii,Mushroom Men The Spore Wars,$10.40,$16.70
Wii,Wreck It Ralph,$5.99,$8.30
Wii,Escape From Bug Island,$15.40,$28.18
Wii,Barbie: Groom and Glam Pups,$7.49,$7.73
Wii,Drawn to Life: The Next Chapter,$3.98,$6.69
Wii,Guitar Hero: Van Halen,$23.51,$31.16
Wii,Harvey Birdman Attorney at Law,$7.22,$11.24
Wii,King of Clubs,$4.21,$6.94
Wii,My Fitness Coach,$3.29,$4.31
Wii,NBA Jam,$11.18,$14.57
Wii,Nintendo Wii Console [Mario Kart Bundle],$129.99,$183.51
Wii,SpongeBob's Boating Bash,$5.31,$6.07
Wii,Storage Tower,$42.91,$50.39
Wii,M&M's Beach Party,$5.02,$6.52
Wii,Ben 10 Protector of Earth,$4.99,$8.35
Wii,Far Cry Vengeance,$5.00,$8.72
Wii,MX vs ATV Untamed,$4.81,$6.09
Wii,Madagascar Kartz,$5.73,$8.43
Wii,Monopoly,$7.55,$9.05
Wii,Marvel Ultimate Alliance 2,$9.92,$11.80
Wii,Bomberman Land,$17.00,$20.04
Wii,Dragon's Lair Trilogy,$32.44,$40.00
Wii,Mad Dog McCree: Gunslinger Pack,$34.02,$37.35
Wii,Oregon Trail,$35.48,$37.28
Wii,Wall-E,$5.71,$8.06
Wii,Attack of the Movies 3D,$7.23,$8.65
Wii,Back to the Future,$24.99,$32.99
Wii,Kidz Sports Crazy Golf,$4.99,$7.62
Wii,Legend of Spyro Dawn of the Dragon,$12.47,$16.11
Wii,Ratatouille,$10.46,$11.50
Wii,Rec Room Games,$4.27,$5.36
Wii,SpongeBob's Truth or Square,$6.01,$7.99
Wii,Lost in Blue Shipwrecked,$8.32,$11.83
Wii,CSI Hard Evidence,$5.85,$6.57
Wii,Guilty Gear XX Accent Core Plus,$40.70,$53.29
Wii,Karaoke Revolution American Idol Encore 2,$3.75,$3.99
Wii,NERF N-Strike Elite,$4.81,$6.54
Wii,Space Chimps,$3.17,$7.65
Wii,SpongeBob's Atlantis SquarePantis,$7.70,$7.80
Wii,Wipeout 3,$5.65,$7.89
Wii,Guitar Hero World Tour Wireless Guitar Controller,$32.00,$142.84
Wii,Gold Wii Classic Controller Pro,$31.96,$41.55
Wii,"Barbie: Jet, Set & Style",$5.32,$7.95
Wii,Final Fantasy Crystal Chronicles: Echoes of Time,$8.50,$14.99
Wii,Hidden Mysteries: Titanic,$5.50,$7.31
Wii,Ultimate Board Game Collection,$4.97,$6.48
Wii,Cars Race-O-Rama,$8.08,$8.16
Wii,Harry Potter and the Order of the Phoenix,$6.60,$10.96
Wii,Monster Jam Urban Assault,$5.96,$9.18
Wii,Monster Trucks Mayhem,$3.00,$4.08
Wii,Phantom Brave: We Meet Again,$9.68,$20.15
Wii,SNK Arcade Classics Volume 1,$13.48,$14.62
Wii,Tron Evolution: Battle Grids,$4.43,$6.42
Wii,Wipeout 2,$3.97,$6.89
Wii,Battle of the Bands,$2.88,$3.75
Wii,Country Dance 2,$7.58,$7.71
Wii,DJ Hero [Turntable Bundle],$17.54,$21.91
Wii,"Go, Diego, Go: Great Dinosaur Rescue",$4.02,$5.81
Wii,Gunslingers,$33.49,$40.96
Wii,Happy Feet,$3.94,$5.27
Wii,Just Dance Greatest Hits,$20.47,$24.97
Wii,Super Monkey Ball: Step & Roll,$6.03,$8.38
Wii,The Price is Right: 2010 Edition,$8.37,$9.46
Wii,Zhu Zhu Pets 2: Featuring The Wild Bunch,$2.84,$7.52
Wii,007 GoldenEye [Gold Controller Bundle],$42.99,$49.99
Wii,Angry Birds Trilogy,$14.51,$14.99
Wii,Crash Mind Over Mutant,$11.32,$15.00
Wii,FIFA 09 All-Play,$4.96,$5.08
Wii,Family Party: 30 Great Games,$5.12,$6.73
Wii,Go Vacation,$12.00,$14.99
Wii,Hasbro Family Game Night 2,$6.26,$6.58
Wii,Littlest Pet Shop,$7.49,$9.11
Wii,Monster Jam: Path of Destruction,$6.99,$8.49
Wii,Six Flags Fun Park,$5.55,$7.48
Wii,WWE Smackdown vs. Raw 2011,$8.50,$10.20
Wii,Wii Play [Controller Bundle],$14.80,$19.90
Wii,Bowser Wii Remote Plus,$50.24,$64.92
Wii,Counter Force,$4.77,$7.13
Wii,Dance Dance Revolution,$9.86,$10.00
Wii,Family Feud Decades,$7.52,$9.18
Wii,Grand Slam Tennis,$7.85,$9.96
Wii,Guitar Hero Aerosmith [Bundle],$46.37,$72.47
Wii,Indianapolis 500 Legends,$4.06,$4.99
Wii,Just Dance 2019,$22.97,$26.50
Wii,Resident Evil Umbrella Chronicles Shot Blaster,$53.58,$114.99
Wii,Where's Waldo? The Fantastic Journey,$5.11,$7.14
Wii,Wonder World Amusement Park,$4.43,$5.80
Wii,Billy The Wizard,$2.22,$3.59
Wii,Black Wii Remote,$26.35,$26.53
Wii,Cocoto Kart Racer,$4.69,$7.13
Wii,Goosebumps HorrorLand,$8.72,$11.97
Wii,Legend of Spyro The Eternal Night,$11.90,$13.43
Wii,Super Swing Golf Season 2,$6.39,$11.21
Wii,Tomb Raider Underworld,$9.04,$9.99
Wii,uDraw Studio: Instant Artist,$2.87,$10.49
Wii,Dance Dance Revolution: Hottest Party 3,$8.26,$8.79
Wii,Guitar Hero World Tour [Guitar Kit],$65.32,$107.00
Wii,NCAA Football 09 All-Play,$6.82,$9.02
Wii,Naruto Clash of Ninja Revolution 2,$7.69,$11.39
Wii,Ocean Commander,$6.51,$6.81
Wii,Petz Dogz 2,$4.23,$4.41
Wii,Rock Band Country Track Pack,$9.95,$10.95
Wii,Skylanders Superchargers Racing,$8.49,$8.57
Wii,The Dog Island,$10.47,$17.68
Wii,Wipeout: Create & Crash,$6.93,$7.56
Wii,NHL 2K9,$3.78,$5.89
Wii,Action Girlz Racing,$4.59,$6.20
Wii,American Mensa Academy,$69.99,$71.48
Wii,Big League Sports,$4.82,$6.50
Wii,Calvin Tucker's Redneck Jamboree,$3.99,$5.19
Wii,Dancing with the Stars,$2.68,$5.32
Wii,Data East Arcade Classics,$31.99,$32.00
Wii,Death Jr Root of Evil,$12.58,$14.28
Wii,Harry Potter and the Half-Blood Prince,$6.47,$8.52
Wii,Intec 7” Wii Color Game Screen,$551.35,$904.05
Wii,The Incredible Hulk,$6.47,$9.95
Wii,Cabela's Big Game Hunter 2012,$5.34,$7.79
Wii,Despicable Me,$8.40,$10.28
Wii,Madden NFL 11,$3.62,$7.15
Wii,Netflix,$6.33,$8.05
Wii,Power Rangers Samurai,$5.22,$9.05
Wii,Rio,$5.13,$7.54
Wii,Sega Fun Pack - Sonic And The Secret Rings And Monkey Ball Banana Blitz,$115.38,$149.99
Wii,Splinter Cell Double Agent,$4.76,$6.06
Wii,Ultimate Band,$2.93,$5.79
Wii,Disney Sing It: Party Hits,$4.71,$6.18
Wii,Family Party: 30 Great Games Outdoor Fun,$3.75,$6.48
Wii,Medal of Honor Vanguard,$4.97,$7.69
Wii,Myth Makers Super Kart GP,$3.76,$8.51
Wii,Rune Factory: Tides of Destiny,$27.19,$38.00
Wii,WWE All Stars,$9.52,$12.38
Wii,Minute to Win It,$3.21,$5.93
Wii,Ultimate I Spy,$5.17,$5.44
Wii,Code Lyoko Quest for Infinity,$8.46,$11.00
Wii,Cruis'n,$8.99,$10.00
Wii,Hot Wheels: Track Attack,$7.99,$8.50
Wii,Jillian Michaels' Fitness Ultimatum 2010,$3.38,$4.41
Wii,Punch-Out [Controller Bundle],$136.42,$190.01
Wii,SimCity Creator,$4.97,$6.65
Wii,TV Show King Party,$6.99,$7.68
Wii,Tiger Woods 2007,$3.87,$5.10
Wii,Yoshi Wii Remote Plus,$35.97,$45.88
Wii,Broken Sword The Shadow of the Templars,$6.07,$8.20
Wii,Chuck E. Cheese's Sports Games,$35.03,$39.99
Wii,Dino Strike,$26.23,$37.09
Wii,Disney Infinity Starter Pack,$12.81,$16.65
Wii,Dora the Explorer Dora Saves the Snow Princess,$4.29,$5.36
Wii,FIFA 08,$4.94,$7.40
Wii,Family Feud: 2010 Edition,$6.33,$7.36
Wii,Green Lantern: Rise of the Manhunters,$5.06,$5.67
Wii,Iron Man 2,$5.00,$6.86
Wii,Just Dance 3 [Best Buy Edition],$6.35,$10.87
Wii,Let's Sing 2016,$31.10,$56.00
Wii,MySims Party,$4.00,$6.28
Wii,Nickelodeon Fit,$4.03,$8.00
Wii,Rock Band [Special Edition],$204.71,$216.30
Wii,SpongeBob SquarePants Creature from Krusty Krab,$5.87,$8.45
Wii,TMNT,$7.63,$8.38
Wii,Ultimate Shooting Collection,$20.90,$29.17
Wii,We Ski and Snowboard,$7.40,$11.31
Wii,Backyard Sports: Sandlot Sluggers,$5.23,$6.25
Wii,Balloon Pop,$2.99,$4.51
Wii,Boom Blox Bash Party,$6.59,$9.53
Wii,Build-A-Bear Workshop: A Friend Fur All Seasons,$3.62,$4.71
Wii,Disney Princess: My Fairytale Adventure,$11.36,$14.99
Wii,Geometry Wars Galaxies,$7.59,$9.85
Wii,Hasbro Family Game Night 4: The Game Show,$8.80,$8.95
Wii,Kidz Sports: Ice Hockey,$4.44,$6.00
Wii,Monster Hunter 3 Tri [Controller Bundle],$37.21,$45.27
Wii,My Fitness Coach 2 Exercise and Nutrition,$4.34,$4.80
Wii,New Super Mario Bros Wii [White Case],$17.80,$25.14
Wii,Raving Rabbids: Travel in Time,$7.46,$7.57
Wii,Table Tennis,$5.59,$7.99
Wii,The Princess and the Frog,$7.15,$10.00
Wii,The Smurfs 2,$4.57,$5.65
Wii,Toad Wii Remote Plus,$32.49,$50.37
Wii,Vertigo,$7.49,$8.24
Wii,Centipede: Infestation,$11.25,$13.09
Wii,Chronicles of Narnia Prince Caspian,$4.10,$7.19
Wii,Disney Sing It: Family Hits,$7.88,$8.03
Wii,FIFA 15: Legacy Edition,$13.99,$14.82
Wii,Hasbro Family Game Night Value Pack,$12.94,$19.02
Wii,Monkey King The Legend Begins,$5.50,$6.21
Wii,Rapala: We Fish,$4.54,$10.78
Wii,Tiger Woods PGA Tour 11,$7.94,$10.00
Wii,Yu-Gi-Oh 5D's Duel Transer,$11.44,$14.99
Wii,We Cheer,$3.66,$6.48
Wii,Super Swing Golf,$8.88,$9.29
Wii,Alvin And The Chipmunks The Game,$2.99,$6.94
Wii,Ben 10 Alien Force,$4.29,$5.93
Wii,Cabela's Monster Buck Hunter,$4.45,$7.39
Wii,Conduit 2,$16.06,$32.39
Wii,DJ Hero Renegade Edition,$49.99,$68.50
Wii,De Blob 2,$7.20,$7.97
Wii,Family Party: 90 Great Games Party Pack,$3.97,$5.71
Wii,Haunted House,$7.99,$8.70
Wii,Jeep Thrills,$3.85,$5.22
Wii,Kawasaki Quad Bikes,$3.67,$4.97
Wii,Madagascar Escape 2 Africa,$3.73,$6.50
Wii,Offroad Extreme [Special Edition],$2.99,$3.36
Wii,Press Your Luck: 2010 Edition,$10.67,$13.36
Wii,Rodea the Sky Soldier,$16.81,$50.00
Wii,SPRay,$6.42,$7.90
Wii,Surf's Up,$4.92,$6.99
Wii,Trivial Pursuit,$6.00,$6.61
Wii,Valhalla Knights: Eldar Saga,$9.63,$16.56
Wii,Just Dance 2 [Best Buy Edition],$4.65,$9.99
Wii,2 for 1 Power Pack Winter Blast & Summer Sports 2,$22.24,$28.98
Wii,Alice in Wonderland: The Movie,$6.53,$7.26
Wii,Army Men Soldiers of Misfortune,$3.96,$5.71
Wii,Barbie Horse Adventures: Riding Camp,$8.55,$12.84
Wii,Barnyard,$14.17,$17.27
Wii,Birthday Party Bash,$2.61,$4.01
Wii,Championship Foosball,$3.47,$6.99
Wii,Chuck E Cheese's Party Games,$11.92,$12.89
Wii,Crash of the Titans,$9.20,$10.39
Wii,Domino Rally,$6.15,$8.54
Wii,FIFA 14,$21.15,$25.26
Wii,Family Feud: 2012 Edition,$10.96,$12.86
Wii,Furu Furu Park,$4.56,$7.00
Wii,G-Force,$3.87,$4.01
Wii,Guitar Hero: Warriors Of Rock [Band Bundle],$329.94,$399.99
Wii,Harry Potter and the Deathly Hallows: Part 2,$8.09,$9.75
Wii,Hot Wheels Beat That,$6.30,$7.84
Wii,Kororinpa Marble Mania,$17.99,$18.55
Wii,Madden NFL 13,$9.10,$12.62
Wii,MegaMind: Mega Team Unite,$3.33,$5.84
Wii,Monsters vs. Aliens,$3.89,$6.90
Wii,NASCAR The Game 2011,$6.01,$7.99
Wii,Project Runway,$2.95,$4.36
Wii,The Bigs,$4.89,$6.39
Wii,WWE Smackdown vs. Raw 2010,$6.16,$9.97
Wii,Arctic Tale,$2.64,$5.44
Wii,Bigfoot Collision Course,$3.33,$5.99
Wii,Def Jam Rapstar,$5.06,$6.95
Wii,Driver Parallel Lines,$9.14,$10.00
Wii,"Go, Diego, Go: Safari Rescue",$5.07,$6.57
Wii,Guitar Hero 5 Wireless Guitar Controller,$38.99,$41.50
Wii,Help Wanted: 50 Wacky Jobs,$6.80,$10.13
Wii,King of Fighters Collection The Orochi Saga,$15.78,$16.35
Wii,Marble Saga Kororinpa,$13.12,$14.62
Wii,Movie Games,$2.99,$5.30
Wii,Myth Makers Orbs of Doom,$4.99,$5.11
Wii,Myth Makers Trixie in Toyland,$3.98,$7.57
Wii,Nicktoons Attack of the Toybots,$5.86,$7.43
Wii,Order Up,$15.42,$19.45
Wii,Rygar The Battle of Argus,$8.42,$13.53
Wii,Shaun White Snowboarding: World Stage,$2.89,$6.00
Wii,The Beatles: Rock Band Special Value Edition,$55.18,$129.74
Wii,The Munchables,$16.00,$20.40
Wii,WWE '12,$6.45,$9.45
Wii,Grim Adventures of Billy & Mandy,$14.08,$15.02
Wii,The Smurfs: Dance Party,$3.58,$6.20
Wii,Amazing Spiderman,$13.42,$14.00
Wii,Bakugan: Defenders of the Core,$4.75,$8.04
Wii,Beastly,$4.55,$5.95
Wii,Big Buck Hunter Pro,$14.37,$26.97
Wii,Captain America: Super Soldier,$8.79,$12.28
Wii,F1 2009,$24.83,$31.10
Wii,Igor The Game,$4.10,$4.69
Wii,MLB Superstars,$4.15,$6.40
Wii,Monkey Mischief Party Time,$3.81,$4.98
Wii,NBA 2K11,$5.42,$8.23
Wii,NBA Live 09 All-Play,$3.79,$5.96
Wii,Need For Speed: Hot Pursuit,$8.13,$9.37
Wii,Nicktoons MLB,$8.48,$9.26
Wii,Official Wii Component Video Cable,,
Wii,Puppy Luv,$4.18,$6.28
Wii,Rock Band Track Pack Volume 2,$8.49,$12.27
Wii,SCORE International Baja 1000,$7.00,$7.55
Wii,Samurai Shodown Anthology,$15.74,$17.20
Wii,Secret Files Tunguska,$10.00,$13.73
Wii,Tony Hawk Proving Ground,$4.99,$7.02
Wii,Worms A Space Oddity,$6.51,$8.78
Wii,Zumba Fitness Core,$5.42,$7.96
Wii,iCarly,$4.38,$4.99
Wii,Battle of Giants: Dinosaurs Strike,$10.99,$13.96
Wii,All-Star Cheer Squad,$2.51,$4.01
Wii,Alone in the Dark,$6.28,$10.38
Wii,Avatar The Burning Earth,$6.70,$7.79
Wii,Bass Pro Shops: The Hunt,$6.27,$7.87
Wii,Cabela's Adventure Camp,$6.15,$7.01
Wii,DJ Hero 2 [Turntable Bundle],$23.70,$29.20
Wii,Dance Dance Revolution II,$9.95,$11.23
Wii,Epic Mickey [Collector's Edition],$16.66,$45.43
Wii,Glacier 2,$5.65,$5.85
Wii,Gunslingers [Revolver Bundle],$99.44,$129.99
Wii,Kawasaki Jet Ski,$2.75,$6.00
Wii,Lucha Libre AAA: Heroes Del Ring,$19.99,$54.51
Wii,Madden NFL 12,$4.74,$8.12
Wii,Major League Baseball 2K10,$4.99,$6.01
Wii,Major League Baseball 2K8,$3.56,$7.80
Wii,Monster 4x4: Stunt Racer,$4.50,$6.61
Wii,NHL 2K10,$4.36,$6.65
Wii,Pacific Liberator,$4.06,$4.77
Wii,Ready 2 Rumble Revolution,$6.99,$8.22
Wii,Resident Evil The Umbrella Chronicles [Gun Bundle],$24.99,$24.99
Wii,Rock Band 2 Wireless Drum Set,$83.34,$194.78
Wii,Rock Band Storage Ottoman,,
Wii,Scene It? Twilight,$4.71,$7.10
Wii,Spy Fox in Dry Cereal,$6.59,$10.56
Wii,Tamagotchi Party On,$5.39,$6.88
Wii,Tatsunoko vs. Capcom: Ultimate All Stars Controller,$117.99,$162.57
Wii,Tony Hawk: Shred,$3.14,$7.00
Wii,X-Men: Destiny,$4.21,$7.63
Wii,Zelda Skyward Sword [Refurbished],$76.92,$99.99
Wii,Wii Remote [Pink],$15.43,$16.28
Wii,Madden 2007,$3.14,$5.90
Wii,Agatha Christie And Then There Were None,$5.33,$6.40
Wii,Anubis II,$6.00,$7.48
Wii,Are You Smarter Than A 5th Grader? Back to School,$4.57,$4.61
Wii,Are You Smarter Than A 5th Grader? Game Time,$3.58,$5.47
Wii,Band Hero Superbundle,$211.52,$253.67
Wii,Bass Pro Shops: The Strike,$5.79,$8.25
Wii,Bolt,$5.99,$6.99
Wii,Circus Games,$3.76,$5.82
Wii,Cranium Kabookii,$4.37,$6.31
Wii,Fantastic Four: Rise of the Silver Surfer,$4.12,$7.02
Wii,Fritz Chess,$55.09,$70.65
Wii,Guinness World Records The Video Game,$2.29,$5.78
Wii,Happy Feet Two,$3.05,$4.83
Wii,Hooked,$4.85,$5.59
Wii,I Spy Game Pack: Ultimate and Spooky Mansion,$7.99,$12.10
Wii,Iron Chef America Supreme Cuisine,$3.69,$5.61
Wii,Kamen Rider: Dragon Knight,$19.99,$39.33
Wii,Martian Panic,$6.28,$9.61
Wii,Mini Ninjas,$6.69,$10.94
Wii,Mortimer Beckett and the Secrets of Spooky Manor,$5.38,$7.35
Wii,Need For Speed: The Run,$7.68,$9.11
Wii,New Carnival Games,$7.68,$8.22
Wii,Ninjabread Man,$8.18,$9.01
Wii,Our House: Party,$6.99,$8.97
Wii,PopStar Guitar,$4.99,$5.07
Wii,Power Punch,$14.72,$21.33
Wii,Sesame Street: Elmo's A-To-Zoo Adventure,$4.73,$6.98
Wii,Shimano Xtreme Fishing,$6.16,$7.83
Wii,Sid Meier's Pirates!,$8.26,$9.65
Wii,The Golden Compass,$2.66,$5.98
Wii,The Price Is Right Decades,$9.90,$10.00
Wii,Turbo: Super Stunt Squad,$6.18,$8.31
Wii,Vegas Party,$4.06,$5.64
Wii,Wii Speak,$16.44,$18.21
Wii,Wild Earth African Safari,$3.54,$4.99
Wii,Yogi Bear,$9.08,$9.99
Wii,Konami Dance Pad,$12.86,
Wii,White Wii Classic Controller Pro,$13.91,$20.17
Wii,Legend of the Guardians: The Owls of Ga'Hoole,$5.21,$6.98
Wii,Skylander's Giants Starter Pack,$4.74,$43.08
Wii,SpongeBob SquarePants: Plankton's Robotic Revenge,$7.82,$9.17
Wii,AC/DC Live Rock Band Track Pack,$8.51,$8.73
Wii,Academy of Champions Soccer,$5.71,$6.43
Wii,Avatar the Last Airbender,$6.26,$8.62
Wii,Balls of Fury,$4.82,$4.85
Wii,Cabela's Trophy Bucks,$5.17,$7.06
Wii,Chaotic: Shadow Warriors,$4.35,$5.29
Wii,Dance Dance Revolution: Hottest Party 3 [Bundle],$15.44,$30.21
Wii,Dora the Explorer: Dora Saves the Crystal Kingdom,$4.03,$5.46
Wii,Ferrari Challenge,$4.06,$7.94
Wii,G.I. Joe: The Rise of Cobra,$5.93,$7.16
Wii,Ghost Recon,$6.25,$9.04
Wii,Guitar Hero World Tour [Dual Guitar],$184.99,$300.00
Wii,Guitar Hero: Warriors of Rock [Super Bundle],$138.52,$230.20
Wii,JumpStart Pet Rescue,$4.99,$7.17
Wii,JumpStart: Crazy Karts,$7.96,$8.83
Wii,Legend of the Dragon,$4.85,$6.33
Wii,Lord of the Rings: Aragorn's Quest,$5.99,$10.62
Wii,Maximum Racing: Super Karts,$20.00,$29.77
Wii,Meet the Robinsons,$6.33,$7.98
Wii,Monopoly Streets,$7.79,$8.50
Wii,Monster High: Skultimate Roller Maze,$3.98,$10.16
Wii,Monster Lab,$7.00,$8.21
Wii,NPPL Championship Paintball 2009,$3.75,$4.75
Wii,Naruto Shippuden: Dragon Blade Chronicles,$10.10,$12.29
Wii,New Super Mario Bros. Wii [Refurbished],$51.63,$99.99
Wii,Petz Sports,$2.07,$7.71
Wii,Phineas & Ferb: Quest for Cool Stuff,$8.85,$11.40
Wii,Raving Rabbids Party Collection,$15.87,$19.99
Wii,Real Heroes: Firefighter,$4.79,$6.29
Wii,Rock Band 2 Bundle,$252.43,$305.00
Wii,Sam & Max Season Two: Beyond Time and Space,$8.18,$8.44
Wii,Sim Animals Africa,$4.71,$7.47
Wii,The Bigs 2,$7.31,$8.23
Wii,The Sims 2: Pets,$5.99,$7.85
Wii,The Sky Crawlers: Innocent Aces,$12.44,$14.07
Wii,WWE Smackdown vs. Raw 2009,$6.76,$6.97
Wii,Who Wants To Be A Millionaire,$4.49,$5.50
Wii,Wicked Monsters Blast,$28.20,$45.60
Wii,Wii Nunchuk [Black],$5.69,$11.25
Wii,Wii Sports [Refurbished],$76.92,$99.99
Wii,You Don't Know Jack,$7.99,$8.99
Wii,Okami [Misprint],$10.55,$13.78
Wii,FaceBreaker K.O. Party,$5.00,$8.00
Wii,Skylanders Swap Force: Starter Pack,$9.16,$9.96
Wii,Are You Smarter Than A 5th Grader? Make the Grade,$4.83,$4.85
Wii,Astro Boy: The Video Game,$5.63,$5.97
Wii,Barbie as the Island Princess,$5.02,$7.99
Wii,Bit.Trip Complete,$29.99,$55.64
Wii,Bratz: The Movie,$9.93,$10.59
Wii,Buck Fever,$5.11,$5.99
Wii,Charm Girls Club: Pajama Party,$3.96,$4.46
Wii,Dance Dance Revolution Hottest Party [Bundle],$22.31,$25.99
Wii,FlingSmash [Controller Bundle],$12.40,$26.25
Wii,Gallop and Ride,$4.12,$6.41
Wii,Generator Rex: Agent of Providence,$5.34,$5.89
Wii,Hasbro Family Game Night Fun Pack,$16.16,$22.21
Wii,How to Train Your Dragon,$9.95,$12.22
Wii,Imagine: Fashion Party,$3.24,$3.85
Wii,Kung Fu Panda: Legendary Warriors,$4.38,$7.24
Wii,Major Minor's Majestic March,$4.67,$6.55
Wii,Monopoly Collection,$10.20,$16.31
Wii,Monster Jam,$8.37,$10.99
Wii,NBA Live 2008,$3.25,$6.00
Wii,Ninja Reflex,$4.39,$6.49
Wii,North American Hunting Extravaganza,$4.64,$6.78
Wii,Pink Wii Remote MotionPlus Bundle,$13.85,$18.00
Wii,Pirates: Hunt for Blackbeard's Booty,$4.13,$5.37
Wii,Puss In Boots,$4.01,$7.31
Wii,Red Wii Remote Plus,$25.99,$33.79
Wii,Ringling Bros. and Barnum & Bailey Circus,$5.04,$5.16
Wii,Rock Band Track Pack: Metal,$10.08,$14.87
Wii,Rubik's World,$3.62,$6.49
Wii,Showtime Championship Boxing,$4.39,$7.62
Wii,Ski-Doo Snowmobile Challenge,$6.96,$7.43
Wii,Skylanders: Spyro's Adventure Starter Pack,$7.70,$46.16
Wii,The Garfield Show: Threat of the Space Lasagna,$7.44,$9.69
Wii,The Spiderwick Chronicles,$5.29,$7.48
Wii,Thor: God of Thunder,$5.44,$6.45
Wii,Tony Hawk: Ride [Bundle],$24.49,$29.74
Wii,Twin Strike Operation Thunder,$5.26,$6.37
Wii,Victorious: Taking The Lead,$2.88,$5.93
Wii,Water Sports,$6.04,$8.47
Wii,World of Zoo,$5.99,$7.67
Wii,Hollywood Squares,$4.28,$7.60
Wii,Black Wii MotionPlus Adapter,$11.14,$11.95
Wii,Sea Monsters Prehistoric Adventure,$3.54,$7.66
Wii,Dreamworks Super Star Kartz,$7.31,$11.03
Wii,Nintendo Wii Sport Resort Pack Console Black,$67.00,$90.00
Wii,Animal Crossing City Folk [Wii Speak Bundle],$21.60,$30.74
Wii,Barbie and the Three Musketeers,$7.60,$8.95
Wii,Ben 10: Ultimate Alien Cosmic Destruction,$8.98,$9.99
Wii,Beyblade: Metal Fusion Battle Fortress,$9.02,$10.18
Wii,Chicken Little Ace In Action,$4.63,$6.14
Wii,Donkey Kong Country Returns [Nintendo Selects],$9.99,$11.20
Wii,Driver: San Francisco,$9.95,$13.83
Wii,Fishing Master,$5.52,$8.47
Wii,Fishing Resort [Rod Bundle],$129.23,$180.00
Wii,Greg Hastings Paintball 2,$4.95,$6.45
Wii,Guitar Hero III: Legends Of Rock [Special Edition Bundle],$223.07,$289.99
Wii,Hell's Kitchen,$9.00,$12.38
Wii,Ice Age 2 The Meltdown,$5.72,$7.29
Wii,JumpStart: Escape from Adventure Island,$8.70,$8.77
Wii,Jurassic: The Hunted,$13.38,$15.81
Wii,MLB Power Pros 2008,$13.02,$17.05
Wii,Marines: Modern Urban Combat,$5.00,$8.58
Wii,Mathews Bowhunting,$5.03,$7.44
Wii,Mini Desktop Racing,$3.92,$4.35
Wii,NASCAR Unleashed,$6.19,$8.29
Wii,NHL 2K11,$5.99,$9.09
Wii,North American Hunting 2,$4.97,$7.90
Wii,Petz Horsez 2,$4.78,$6.00
Wii,Puzzle Quest Challenge of the Warlords,$3.76,$8.88
Wii,Rock Band Track Pack: Classic Rock,$13.40,$16.60
Wii,Rock Band Wireless Guitar,$45.16,$66.48
Wii,Survivor,$9.27,$11.34
Wii,Tony Hawk: Shred [Skateboard Bundle],$27.49,$27.99
Wii,Transformers: Dark of the Moon Stealth Force Edition,$4.84,$5.40
Wii,Ultimate Duck Hunting,$4.70,$8.25
Wii,Vacation Isle: Beach Party,$3.88,$5.90
Wii,Worms: Battle Islands,$9.04,$11.99
Wii,Yu-Gi-Oh 5D's Wheelie Breakers,$13.84,$24.99
Wii,PDP Tron Collectors Edition Wireless Controller,$100.13,
Wii,Cate West: The Vanishing Files,$6.39,$8.96
Wii,Nintendo Wii Console [Head-To-Head Mario Bundle],$384.61,$499.99
Wii,NDEV Wii Development Kit,$650.00,$915.12
Wii,RVT-R Reader,$415.09,$539.66
Wii,101-in-1 Sports Party Megamix,$15.26,$16.96
Wii,2 for 1 Power Pack Kawasaki Jet Ski & Summer Sports 2,$22.30,$30.11
Wii,2 for 1 Power Pack WWII Aces & Indianapolis 500 Legends,$38.77,$53.99
Wii,Adventures of Tintin: The Game,$7.42,$9.82
Wii,Animal Crossing City Folk [Nintendo Selects],$20.57,$25.60
Wii,Arcade Shooting Gallery,$7.94,$8.54
Wii,Cabela's North American Adventures [Gun Bundle],$12.55,$35.03
Wii,Crayola Colorful Journey,$2.77,$6.38
Wii,Dance Dance Revolution: Disney Grooves,$10.93,$12.09
Wii,Don King Boxing,$6.35,$7.58
Wii,Drawsome Games,$8.00,$12.47
Wii,FIFA Soccer 10,$4.95,$5.40
Wii,Food Network: Cook or Be Cooked,$6.00,$7.18
Wii,George of the Jungle and the Search for the Secret,$3.59,$5.02
Wii,Grease,$4.99,$5.22
Wii,Heatseeker,$5.32,$5.78
Wii,Hot Wheels: Battle Force 5,$4.62,$7.63
Wii,Jambo! Safari Animal Rescue,$9.99,$13.68
Wii,Karaoke Revolution Glee Vol 3,$7.47,$7.77
Wii,Kawasaki Snowmobiles,$3.44,$4.01
Wii,Kid Adventures: Sky Captain,$4.99,$7.99
Wii,Kidz Sports: Crazy Mini Golf 2,$6.26,$8.99
Wii,Little League World Series Double Play,$15.99,$16.41
Wii,Littlest Pet Shop Friends,$7.95,$9.41
Wii,Madagascar 3,$5.27,$7.31
Wii,My Horse and Me,$7.73,$7.92
Wii,Mystery Case Files: The Malgrave Incident,$6.97,$8.99
Wii,Petz Catz 2,$6.62,$9.41
Wii,Planet 51,$4.92,$6.89
Wii,Reload Target Down,$12.50,$12.51
Wii,Remington Great American Bird Hunt,$6.66,$8.67
Wii,Skylanders Giants Wii Console Bundle,$100.00,$150.00
Wii,Tak and the Guardians of Gross,$6.94,$7.74
Wii,The Kore Gang,$16.49,$18.31
Wii,Top Spin 3,$4.67,$6.89
Wii,Truth or Lies,$3.70,$5.31
Wii,WWE '13,$9.99,$12.50
Wii,Wii Nunchuck Pink,$4.46,$6.87
Wii,Zumba Fitness World Party,$5.59,$6.99
Wii,uDraw GameTablet [uDraw Studio: Instant Artist],$13.49,$14.25
Wii,Nintendo Wii Just Dance 4 Bundle,$113.61,$126.39
Wii,Wii HD Component Cable,$19.17,$29.98
Wii,Little League World Series Baseball 2008,$7.63,$9.38
Wii,The Amazing Race,$4.28,$6.56
Wii,Alvin and The Chipmunks: The Squeakquel,$3.97,$5.11
Wii,Arcade Zone,$8.73,$10.87
Wii,Backyard Football,$5.20,$8.13
Wii,Bee Movie Game,$5.45,$6.64
Wii,Blast Works Build Trade Destroy,$4.79,$7.09
Wii,Block Party,$2.94,$4.67
Wii,Boogie SuperStar [Bundle],$4.56,$8.95
Wii,Boogie Superstar,$4.95,$6.67
Wii,Brave The Video Game,$3.37,$7.50
Wii,Cabela's Big Game Hunter 2012 [Gun Bundle],$32.60,$34.99
Wii,Cabela's Dangerous Hunts 2011 [Special Edition],$3.95,$6.70
Wii,Cabela's Dangerous Hunts 2013,$5.95,$6.43
Wii,Cabela's Outdoor Adventures 2010,$6.94,$7.24
Wii,Cake Mania In The Mix,$6.18,$7.85
Wii,Cloudy with a Chance of Meatballs,$6.70,$7.87
Wii,Dance Dance Revolution Hottest Party 2 [Bundle],$12.93,$20.50
Wii,Dancing With The Stars We Dance,$3.36,$6.07
Wii,Disney Channel All Star Party,$5.20,$6.57
Wii,Disney Planes,$7.43,$8.99
Wii,Disney Princess: Enchanted Journey & Tangled,$46.66,$64.99
Wii,Dream Pinball 3D,$6.42,$6.50
Wii,Family Party: 30 Great Games Winter Fun,$6.20,$7.49
Wii,GTI Club Supermini Festa,$24.49,$29.99
Wii,Go Play Circus Star,$1.82,$2.47
Wii,Guitar Hero III & Guitar Hero Aerosmith Dual Pack,$29.99,$34.50
Wii,Just Dance: Disney Party 2,$12.43,$15.45
Wii,Karaoke Revolution,$7.00,$7.89
Wii,LEGO Batman The Videogame [Silver Shield],$14.99,$16.48
Wii,Let's Tap,$6.28,$8.49
Wii,Luxor 3,$3.13,$4.20
Wii,Maximum Racing: Super Truck Racer,$23.99,$70.00
Wii,NBA 2K13,$9.90,$11.15
Wii,Neighborhood Games,$3.08,$6.36
Wii,Nitrobike,$6.66,$6.88
Wii,Octomania,$7.00,$8.10
Wii,Overlord: Dark Legend,$7.93,$12.11
Wii,PBR Out of the Chute,$5.00,$6.13
Wii,Petz Rescue Wildlife Vet,$5.49,$6.88
Wii,Pirate Blast,$5.58,$10.99
Wii,Pitfall The Big Adventure,$9.90,$9.93
Wii,Reel Fishing: Angler's Dream,$5.83,$6.42
Wii,Remington Super Slam Hunting Africa,$6.87,$10.14
Wii,Remington Super Slam Hunting: Alaska,$9.91,$9.95
Wii,Saint,$4.34,$6.94
Wii,Samurai Warriors Katana,$8.94,$12.50
Wii,Sengoku Basara: Samurai Heroes,$15.99,$24.99
Wii,Shrek the Third,$5.29,$6.08
Wii,Spy Games Elevator Mission,$2.83,$4.99
Wii,Squeeballs Party,$3.92,$7.36
Wii,Summer Sports 2 Island Sports Party,$6.57,$6.69
Wii,Top Shot Arcade,$9.18,$11.76
Wii,We Love Golf,$8.07,$10.95
Wii,Wii Nunchuk [Gold Club Nintendo],$41.97,$59.36
Wii,Your Shape [Bundle],$5.97,$10.29
Wii,Zelda Skyward Sword [Not for Resale],$114.27,$157.50
Wii,Tony Hawk Ride [Bundle Walmart],,
Wii,Yoga,$5.82,$10.00
Wii,Wii AC Adapter,$3.25,$8.39
Wii,MLB Power Pros,$9.20,$10.99
Wii,Where the Wild Things Are,$3.90,$5.26
Wii,iCarly 2: iJoin the Click,$4.84,$6.15
Wii,Action Replay,$11.75,$34.36
Wii,All-Star Karate,$5.88,$6.73
Wii,Animal Kingdom: Wildlife Expedition,$4.99,$6.35
Wii,Backyard Baseball 09,$4.67,$8.12
Wii,Ben 10: Alien Force: Vilgax Attacks,$5.57,$8.09
Wii,Biggest Loser Challenge,$4.75,$5.68
Wii,Cabela's African Adventures,$7.48,$8.43
Wii,Cabela's North American Adventures,$6.67,$9.49
Wii,Cartoon Network: Punch Time Explosion,$14.95,$19.99
Wii,Crazy Machines,$12.45,$23.94
Wii,Create,$4.62,$7.99
Wii,DJ Hero 2,$6.63,$6.96
Wii,Daisy Fuentes Pilates,$4.97,$5.59
Wii,Dave Mirra BMX Challenge,$4.60,$7.51
Wii,Deal Or No Deal [2011 Special Edition],$7.16,$9.95
Wii,Dora's Big Birthday Adventure,$4.73,$6.35
Wii,Endless Ocean: Blue World [Controller Bundle],$23.33,$32.47
Wii,Family Party: Fitness Fun,$5.51,$8.48
Wii,Ford Racing Off Road,$4.38,$4.47
Wii,Geon Cube,$4.85,$7.90
Wii,Grey's Anatomy The Video Game,$19.35,$25.31
Wii,Guitar Hero: Warriors of Rock [Guitar Bundle],$98.60,$130.00
Wii,History Channel Battle For the Pacific,$6.40,$7.07
Wii,Hooked Again,$4.65,$5.47
Wii,Kidz Sports Basketball,$4.06,$5.99
Wii,Let's Paint,$2.99,$5.99
Wii,Madden NFL 11 [Breast Cancer],$43.33,$65.00
Wii,Marvel Super Hero Squad: The Infinity Gauntlet,$6.74,$7.19
Wii,Maximum Racing: GP Classic Racing,$9.50,$11.55
Wii,Mountain Sports,$4.30,$7.99
Wii,MySims SkyHeroes,$3.49,$4.27
Wii,NERF N-Strike [Double Blast Bundle],$6.92,$16.50
Wii,NewU Fitness First Mind Body Yoga & Pilates Workout,$11.91,$13.87
Wii,"Ni Hao, Kai-lan: Super Game Day",$4.97,$6.64
Wii,Paws & Claws Pet Resort,$5.12,$9.89
Wii,Pinball Hall of Fame: The Gottlieb Collection,$7.00,$11.87
Wii,Pop'N Music,$6.99,$12.01
Wii,Pro Evolution Soccer 2008,$4.69,$6.57
Wii,Rise Of The Guardians,$5.43,$7.50
Wii,Shrek Forever After,$6.00,$7.02
Wii,Skate City Heroes,$3.55,$8.31
Wii,Summer Athletics The Ultimate Challenge,$3.54,$4.88
Wii,TNA Impact,$4.76,$4.76
Wii,Think Fast,$3.99,$7.20
Wii,Thinksmart Family,$4.32,$4.60
Wii,Triple Crown Snowboarding,$4.81,$7.15
Wii,Walk it Out,$8.48,$10.00
Wii,We Sing UK HIts,$4.91,$6.19
Wii,Wii Play Motion [Black Wii Remote Bundle],$22.45,$44.97
Wii,World Party Games,$4.38,$6.83
Wii,uDraw GameTablet [uDraw Studio],$16.82,$21.86
Wii,The Beatles Rock Band Wireless Gretsch Duo-Jet Guitar Controller,$199.99,$259.99
Wii,Bakugan Battle Brawlers [Walmart],$8.33,$12.50
Wii,Guitar Hero III Legends of Rock [Not For Resale],$14.49,$14.97
Wii,Battle Rage,$4.00,$6.15
Wii,Sesame Street: Cookie's Counting Carnival,$5.05,$6.18
Wii,007 GoldenEye [Walmart Gold Controller Bundle],$34.76,$61.00
Wii,2010 FIFA World Cup South Africa,$3.47,$7.06
Wii,Army Rescue,$3.03,$6.04
Wii,Backyard Football 09,$6.77,$7.62
Wii,Barbie: Dreamhouse Party,$9.82,$11.99
Wii,Bass Pro Shops The Hunt Trophy Showdown,$9.91,$11.34
Wii,Ben 10: Galactic Racing,$3.88,$5.41
Wii,Brunswick Cosmic Bowling,$9.99,$11.00
Wii,Cabela's Big Game Hunter 2010 [Gun Bundle],$25.36,$35.91
Wii,Conduit 2 [Limited Edition],$29.95,$31.05
Wii,Cooking Mama 2 Pack,$19.16,$25.19
Wii,Dance Sensation,$3.41,$7.93
Wii,Deal or No Deal: Special Edition,$7.27,$7.90
Wii,Deer Drive Legends,$8.50,$27.00
Wii,Disney Sing It High School Musical 3,$4.99,$6.79
Wii,Emergency Heroes,$5.60,$8.41
Wii,Guitar Hero 5 [Guitar Bundle],$70.53,$129.35
Wii,Harley-Davidson: Road Trip,$6.28,$7.91
Wii,Jewel Quest Trilogy,$7.40,$8.87
Wii,Jumper,$3.82,$3.90
Wii,Just Dance Kids 2014,$6.48,$7.51
Wii,Karaoke Revolution: Glee 2,$6.19,$8.07
Wii,Kidz Sports International Soccer,$4.93,$6.28
Wii,Little League World Series Baseball 2009,$13.99,$15.66
Wii,Monster Trux Arenas,$4.50,$4.96
Wii,NBA 2K12,$5.63,$5.95
Wii,No More Heroes Red Steel,$19.70,$27.71
Wii,Open Season,$5.00,$9.02
Wii,Pirates vs. Ninjas Dodgeball,$4.49,$5.53
Wii,Racquet Sports,$9.96,$10.09
Wii,Rango: The Video Game,$6.48,$7.98
Wii,Rock 'n Roll Adventures,$3.44,$5.70
Wii,Rock Band 3 Keyboard Bundle,$18.52,$39.49
Wii,Rock Band 3 Wireless Pro-Drum And Pro-Cymbals Kit,$98.21,$127.67
Wii,Sing4: The Hits Edition with Mic,$8.99,$11.70
Wii,The Daring Game for Girls,$4.81,$6.24
Wii,The Destiny of Zorro,$4.43,$8.00
Wii,The Tale of Despereaux,$4.00,$5.54
Wii,Tiger Woods PGA Tour 10 [MotionPlus Bundle],$10.49,$18.04
Wii,Ultimate Party Challenge,$5.85,$9.98
Wii,Vacation Sports,$6.15,$7.25
Wii,Virtua Tennis 2009,$5.47,$6.91
Wii,Wheel of Fortune and Jeopardy,$14.99,$18.26
Wii,Wii Sports Resort 2 Wii MotionPlus Bundle,$29.99,$31.45
Wii,WordJong Party,$6.25,$6.99
Wii,Bandai Namco Dance Pad,$20.00,$26.00
Wii,Wii Wheel Black,$10.00,$17.93
Wii,Dodge Racing: Charger vs. Challenger,$7.86,$8.34
Wii,Alvin & Chipmunks: Chipwrecked,$3.18,$6.90
Wii,Bionicle Heroes,$6.97,$8.78
Wii,Brave: A Warrior's Tale,$5.44,$7.88
Wii,CSI: Crime Scene Investigation: Deadly Intent,$5.21,$7.75
Wii,Candace Kane's Candy Factory,$3.55,$5.72
Wii,Cocoto Magic Circus,$5.26,$6.73
Wii,Cosmic Family,$4.89,$5.81
Wii,DJ Hero Stand-Alone Turntable,,
Wii,Dance Dance Revolution II Bundle,$5.00,$29.99
Wii,Dawn of Discovery,$9.99,$11.82
Wii,Deca Sports [Fan Favorites],$3.82,$7.68
Wii,Emergency Mayhem,$5.00,$8.67
Wii,Gremlins Gizmo,$9.22,$15.83
Wii,Guilty Gear XX Accent Core,$16.19,$20.48
Wii,Hannah Montana: The Movie,$3.91,$5.77
Wii,Heavy Fire: Afghanistan,$11.27,$12.00
Wii,High School Musical 3 Senior Year Dance,$2.78,$5.21
Wii,Ice Age: Dawn of the Dinosaurs,$4.49,$7.69
Wii,Imagine Party Babyz,$5.17,$5.93
Wii,Impossible Mission,$3.33,$7.99
Wii,Jelly Belly: Ballistic Beans,$4.83,$6.76
Wii,London Taxi Rush Hour,$5.61,$7.89
Wii,M&M's Adventure,$7.89,$11.52
Wii,Margot's Word Brain,$4.41,$5.00
Wii,Mini Golf Resort,$14.23,$15.08
Wii,MySims Racing,$4.30,$6.48
Wii,NBA 2K10,$5.67,$5.78
Wii,Neopets Puzzle Adventure,$3.68,$5.02
Wii,New Play Control: Pikmin [Refurbished],,
Wii,Offshore Tycoon,$2.99,$4.94
Wii,Oops! Prank Party,$8.60,$10.99
Wii,Outdoor Action Double Pack,$7.88,$10.99
Wii,Penny Racers Party Turbo-Q Speedway,$2.15,$9.99
Wii,Professor Heinz Wolff's Gravity,$7.67,$7.69
Wii,Rooms: The Main Building,$8.30,$10.18
Wii,Samurai Warriors 3,$11.18,$13.48
Wii,Shaun White Skateboarding,$3.80,$6.52
Wii,Skylanders Trap Team: Starter Pack,$24.95,$39.50
Wii,The Conduit [Special Edition],$12.59,$13.93
Wii,TrackMania: Build to Race,$12.53,$14.33
Wii,World Series of Poker Tournament of Champions 2007,$4.26,$4.69
Wii,Merv Griffin's Crosswords,$4.56,$4.69
Wii,Cabela's Hunting Expedition,$5.41,$5.81
Wii,ATV Quad Kings,$3.00,$5.00
Wii,Abba You Can Dance,$7.61,$11.00
Wii,Active Life Magical Carnival [with Mat],$12.27,$20.00
Wii,Active Life: Explorer,$6.29,$7.57
Wii,Active Life: Extreme Challenge,$5.82,$6.99
Wii,Alien Monster Bowling League,$5.99,$8.81
Wii,Aliens in the Attic,$6.49,$6.99
Wii,All Star Cheer Squad 2,$2.87,$5.25
Wii,Avatar the Last Airbender Into the Inferno,$7.90,$11.99
Wii,Balance Board Rechargeable Battery Pack,$9.83,$11.76
Wii,Bass Pro Shops: The Strike with Fishing Rod,$34.17,$39.93
Wii,Big Buck Hunter Pro Gun Bundle,$72.99,$73.50
Wii,Black Wii Remote MotionPlus Bundle,$12.50,$19.94
Wii,Bratz Kidz,$6.19,$9.35
Wii,Bratz: Girlz Really Rock!,$8.09,$10.00
Wii,Brothers in Arms Double Time,$4.81,$6.25
Wii,Cabela's Dangerous Hunts 2011 [Gun Bundle],$34.99,$45.99
Wii,Cabela's Legendary Adventures,$3.59,$8.64
Wii,Casper Scare School: Spooky Sports Day,$4.38,$9.87
Wii,Celebrity Sports Showdown,$3.76,$5.35
Wii,Chuck E Cheese's Super Collection,$35.82,$37.18
Wii,Cid the Dummy,$7.49,$8.50
Wii,Cold Stone Creamery: Scoop It Up,$4.10,$6.23
Wii,Colt's Wild West Shootout,$8.79,$13.16
Wii,Cradle of Rome,$5.99,$7.41
Wii,Cruise Ship Vacation Games,$4.53,$7.14
Wii,Cyberbike Cycling Sports,$69.99,$105.00
Wii,Dance Dance Revolution: Disney Grooves [Bundle],$46.15,$59.99
Wii,Dance On Broadway,$5.52,$6.67
Wii,Defendin' de Penguin,$3.23,$4.74
Wii,Disney Princess: Enchanting Storybooks,$3.11,$7.95
Wii,Dream Dance & Cheer,$4.27,$5.88
Wii,EA Sports Active Bundle,$10.31,$20.08
Wii,EA Sports Active: More Workouts,$4.73,$5.02
Wii,Epic Mickey Power Of Two Paintbrush,$23.07,$26.49
Wii,FIFA Soccer 11,$3.85,$5.99
Wii,FIFA Soccer 12,$7.65,$8.26
Wii,Family Game Show,$3.30,$7.22
Wii,Fishing Master World Tour,$8.30,$9.25
Wii,Guitar Hero World Tour [Band Kit],$175.00,$267.29
Wii,Gummy Bears Magic Medallion,$5.43,$6.15
Wii,HAWX 2,$6.57,$8.24
Wii,Heathcliff: The Fast and The Furriest,$4.13,$4.99
Wii,Horse Life Adventures,$7.11,$9.59
Wii,How to Train Your Dragon 2,$10.49,$14.32
Wii,Hyper Fighters,$8.94,$9.75
Wii,Jaws: Ultimate Predator,$12.41,$16.05
Wii,Jenga,$3.78,$4.40
Wii,Jimmie Johnson's Anything with an Engine,$5.27,$6.86
Wii,Junior League Sports,$3.99,$5.45
Wii,Just Dance 3 [Target Edition],$8.00,$8.06
Wii,Karaoke Revolution American Idol Encore Bundle,$6.18,$7.57
Wii,Karaoke Revolution American Idol Encore [Game Only],$8.68,$11.28
Wii,Kart Racer,$4.91,$7.01
Wii,Kevin VanDam's Big Bass Challenge,$6.49,$8.55
Wii,Kid Fit: Island Resort,$4.31,$6.71
Wii,Kidz Bop Dance Party! The Video Game,$4.72,$5.96
Wii,Kung Fu Panda,$5.63,$7.25
Wii,Major League Baseball 2K11,$6.23,$7.99
Wii,Major League Baseball 2K12,$6.22,$11.03
Wii,Maximum Racing: Crash Car Racer,$13.74,$16.99
Wii,Maximum Racing: Drag & Stock Racer,$12.98,$15.39
Wii,Mini-Golf: King of Clubs,$4.30,$6.06
Wii,Monster High: New Ghoul in School,$18.33,$21.27
Wii,My Baby First Steps,$4.28,$5.29
Wii,My Word Coach,$4.17,$5.34
Wii,NASCAR The Game: Inside Line,$9.55,$9.91
Wii,NHL Slapshot [Bundle],$15.03,$31.24
Wii,Nancy Drew The White Wolf of Icicle Creek,$9.97,$12.91
Wii,Nickelodeon Dance,$5.17,$8.39
Wii,Night at the Museum Battle of the Smithsonian,$6.00,$7.71
Wii,Pajama Sam: Don't Fear the Dark,$9.50,$14.25
Wii,Penguins of Madagascar: Dr. Blowhole Returns,$6.98,$8.49
Wii,Petz Crazy Monkeyz,$3.49,$5.62
Wii,Pirates Plund-Arrr,$9.04,$11.86
Wii,Pizza Delivery Boy,$6.99,$8.98
Wii,Purr Pals,$5.02,$8.28
Wii,Puzzler Collection,$4.67,$6.74
Wii,Rapala Fishing Frenzy,$3.69,$7.44
Wii,Rapala Pro Bass Fishing 2010,$6.85,$7.50
Wii,Reader Rabbit Preschool,$19.53,$20.25
Wii,Red Steel 2 [MotionPlus Bundle],$14.47,$22.49
Wii,Rock Band Country Track Pack 2,$19.27,$19.99
Wii,Rock Band Track Pack Volume 1,$10.07,$10.08
Wii,Rolling Stone: Drum King,$6.99,$7.99
Wii,Roogoo Twisted Towers,$5.82,$5.95
Wii,Sam & Max Season One,$12.99,$15.00
Wii,Satisfashion,$5.00,$6.00
Wii,Scooby Doo and the Spooky Swamp [Silver Shield],$12.98,$16.87
Wii,Shawn Johnson Gymnastics,$3.99,$3.99
Wii,Sim Animals,$5.89,$7.99
Wii,Ski and Shoot,$4.25,$5.35
Wii,Skylanders SuperChargers: Dark Edition Starter Pack,$44.89,$58.56
Wii,Sled Shred,$4.66,$5.79
Wii,Space Camp,$3.88,$6.87
Wii,SpongeBob SquigglePants,$5.95,$7.46
Wii,Spyborgs,$10.28,$12.77
Wii,Star Trek Conquest,$9.89,$10.95
Wii,Super Smash Bros. Brawl [Fighting Game of the Year],$12.99,$18.15
Wii,Sushi Go Round,$2.66,$6.03
Wii,Swords,$5.75,$11.99
Wii,"The $1,000,000 Pyramid",$9.82,$10.97
Wii,The Croods: Prehistoric Party,$7.00,$7.99
Wii,The Last Airbender,$6.07,$8.17
Wii,The Mummy Tomb of the Dragon Emperor,$5.59,$7.47
Wii,The Naked Brothers Band,$3.55,$4.72
Wii,The Secret Saturdays: Beasts of The 5th Sun,$3.64,$6.51
Wii,Thrustmaster Ubisoft Steering Wheel [Black],$6.15,$8.00
Wii,Tony Hawk: Shred Skateboard,$24.18,$33.30
Wii,Top Shot: Dinosaur Hunter,$12.85,$15.19
Wii,Tournament of Legends,$5.81,$6.10
Wii,Transformers: Prime,$9.79,$15.95
Wii,Transformers: Ultimate Battle Edition,$8.50,$8.79
Wii,Trivial Pursuit: Bet You Know It,$6.27,$6.91
Wii,Victorious Boxers Revolution,$11.43,$13.49
Wii,Wacky World Of Sports,$8.69,$10.73
Wii,We Cheer 2,$4.48,$7.01
Wii,Wicked Monsters Blast [Limited Edition Bundle],$78.22,$78.85
Wii,Wii Sports Resort [Not For Resale],$34.21,$34.99
Wii,Winter Blast: 9 Snow & Ice Games,$5.24,$6.32
Wii,Winter Sports 2 The Next Challenge,$3.32,$5.55
Wii,Winter Stars,$3.95,$4.23
Wii,Yamaha Supercross,$5.79,$7.28
Wii,Your Shape,$3.48,$4.60
Wii,Zumba Fitness 2 [Bundle],$9.68,$14.99
Wii,iCarly [Pillowcase Bundle],$44.54,$66.81
Wii,Wii Ultra Sensor Bar,$11.50,$14.96
Wii,LEGO Build & Play Remote,$37.50,$120.00
Wii,Rock Candy Wii Remote [Pink],$15.00,$19.50
Wii,ExerBeat,$11.42,$11.53
Wii,Nintendo Wii System [Mario Kart White Bundle ],$50.00,$75.00
Wii,Dood's Big Adventure,$3.10,$7.18
Wii,Wii Sensor Bar,$7.43,$18.99
Wii,MiniCopter Adventure Flight,$6.11,$6.97
Wii,10 Minute Solution,$4.97,$6.00
Wii,Agatha Christie Evil Under the Sun,$8.91,$9.00
Wii,Around the World In 50 Games,$4.80,$9.12
Wii,Backyard Baseball '10,$7.11,$8.38
Wii,Backyard Football '10,$5.28,$8.88
Wii,Backyard Sports: Rookie Rush,$3.50,$4.46
Wii,Baseball Blast!,$6.64,$7.22
Wii,Bermuda Triangle: Saving the Coral,$3.95,$9.29
Wii,Big Beach Sports 2,$5.87,$7.73
Wii,Big League Sports: Summer,$3.58,$5.90
Wii,Burger Island,$7.66,$7.94
Wii,Cabela's Monster Buck Hunter [Gun Bundle],$19.99,$27.93
Wii,Canada Hunt,$4.40,$7.23
Wii,Champion Jockey: G1 Jockey & Gallop Racer,$17.97,$19.99
Wii,Chrysler Classic Racing,$4.79,$7.50
Wii,DJ Hero 2 [Party Bundle],$24.76,$94.50
Wii,Deadliest Catch: Sea of Chaos,$3.94,$6.05
Wii,Deepak Chopra: Leela,$5.71,$8.13
Wii,Dirt 2,$6.01,$7.33
Wii,Disney Sing It: Party Hits [Micrphone Bundle],$12.11,$17.38
Wii,Free Running,$12.52,$12.85
Wii,Get Fit With Mel B,$17.28,$21.23
Wii,Go Play City Sports,$4.83,$5.80
Wii,Go Play Lumberjacks,$4.79,$7.99
Wii,Groovin' Blocks,$6.56,$6.95
Wii,Gummy Bears Minigolf,$5.56,$5.99
Wii,Hysteria Hospital: Emergency Ward,$6.43,$8.59
Wii,JaJa's Adventure,$4.79,$16.14
Wii,Karaoke Revolution Glee Vol 3 Bundle,$16.86,$23.44
Wii,Kung Fu Panda 2,$5.43,$5.99
Wii,Line Rider 2 Unbound,$2.42,$5.30
Wii,Major League Baseball 2K9,$4.04,$7.56
Wii,Marvel Super Hero Squad: Comic Combat,$6.40,$8.97
Wii,Men In Black: Alien Crisis,$6.19,$6.39
Wii,Monster 4X4,$3.25,$5.21
Wii,My Horse & Me: Riding for Gold,$14.85,$20.00
Wii,MySims Collection,$9.31,$12.24
Wii,Perfect Shot,$23.62,$24.94
Wii,Petz Horse Club,$6.77,$7.05
Wii,Pool Party,$3.55,$7.97
Wii,Pro Evolution Soccer 2012,$5.14,$5.99
Wii,Ram Racing,$12.47,$16.94
Wii,Rapala: We Fish with Fishing Rod,$20.37,$28.64
Wii,Rig Racer 2,$5.40,$5.45
Wii,Rogue Trooper: The Quartz Zone Massacre,$10.26,$13.13
Wii,Safecracker The Ultimate Puzzle Adventure,$6.80,$8.00
Wii,Scene It? Bright Lights! Big Screen!,$4.34,$7.88
Wii,Sleepover Party,$3.74,$7.04
Wii,Sonic and the Secret Rings [Target Edition],$10.34,$18.99
Wii,Speed,$8.36,$9.73
Wii,The Island of Dr. Frankenstein,$6.79,$8.37
Wii,Ultimate Duck Hunting 2009,$7.00,$7.03
Wii,Virtua Tennis 4,$7.78,$7.85
Wii,We Wish You A Merry Christmas,$12.95,$15.22
Wii,Wii System [Just Dance 3 Bundle],$43.00,$385.00
Wii,Wild West Shootout with Gun,$6.76,$8.79
Wii,Wii AV Cable,$6.14,$7.41
Wii,Wii Lan Adapter,$18.16,$19.85
Wii,10 Minute Solution [Fitness Accessory Pack],$11.62,$15.10
Wii,AC/DC Live Rock Band Track Pack [Fan Pack],,
Wii,AC/DC Live: Rock Band Fan Pack,$15.00,$22.50
Wii,ATV Quad Kings Bundle,$5.69,$9.73
Wii,Active Life Magical Carnival,$6.90,$10.00
Wii,Active Life: Explorer [Mat Bundle],$18.45,$18.45
Wii,Alone in the Dark [Soundtrack Edition],$8.26,$11.51
Wii,America's Next Top Model,$9.26,$12.13
Wii,Ant Bully,$3.29,$7.99
Wii,Bakugan Battle Brawlers [Toys R Us],$9.23,$12.00
Wii,"Barbie: Jet, Set, & Style [Little Orbit]",,
Wii,Bass Fishing [Rod Bundle],$28.35,$39.50
Wii,Bass Pro Shops The Hunt Trophy Showdown [Gun Bundle],$30.99,$32.97
Wii,Bass Pro Shops The Hunt [Gun Bundle],$30.00,$32.50
Wii,Bass Pro Shops: The Strike: Tournament Edition,$9.79,$11.41
Wii,Bass Pro Shops: The Strike: Tournament Edition [Bundle],$29.04,$49.49
Wii,Battleship,$6.89,$8.78
Wii,Battleship [Movie Cash],,
Wii,Beach Fun: Summer Challenge,$3.99,$5.05
Wii,Ben 10: Omniverse,$4.65,$7.39
Wii,Ben 10: Omniverse 2,$6.99,$8.07
Wii,Big Beach Sports 1 and 2 [Double Pack],$16.49,$22.95
Wii,Big Time Rush Dance Party,$8.26,$10.84
Wii,Bigfoot: King of Crush,$5.97,$11.28
Wii,Boot Camp,$6.72,$7.17
Wii,Build-A-Bear Workshop: Friendship Valley,$4.26,$6.99
Wii,Burger Bot,$8.10,$10.50
Wii,Busy Scissors,$3.81,$7.95
Wii,CSI: Fatal Conspiracy,$5.00,$8.42
Wii,Cabela's African Adventures [Gun Bundle],$17.99,$35.00
Wii,Cabela's Big Game Hunter 2012 [Limited Edition 2 Pack],$43.91,$59.99
Wii,Cabela's Dangerous Hunts 2013 [Gun Bundle],$25.85,$36.00
Wii,Cabela's Hunting Expeditions [Limited Edition],$25.65,$45.36
Wii,Cabela's North American Adventures [Gun Bundle + Bonus Pack],$30.07,$34.99
Wii,Cabela's Survival: Shadows Of Katmai [Gun Bundle],$8.00,$28.95
Wii,Cages: Pro Style Batting Practice,$10.36,$13.99
Wii,Calling [Not For Resale],$26.66,$40.00
Wii,Calvin Tucker's Redneck Farm Animal Racing Tournament,$5.09,$8.42
Wii,Cars 2 Racing Wheel,$11.48,$14.92
Wii,Cars 2 Racing Wheel [Finn McMissile],,
Wii,Cars Race-o-Rama [Wheel Bundle],$57.44,$80.00
Wii,Chaotic: Shadow Warrior [Walmart],$8.25,$11.49
Wii,Chevrolet Camaro: Wild Ride,$5.82,$6.98
Wii,Chicken Blaster Bundle,$13.07,$17.02
Wii,Chicken Riot,$14.93,$17.08
Wii,Chicken Shoot Bundle,$20.89,$20.89
Wii,City Builder,$7.93,$10.97
Wii,Classic British Motor Racing,$5.90,$5.91
Wii,Cook Wars,$7.99,$8.82
Wii,Country Dance [Walmart Exclusive],$4.62,$6.00
Wii,Crazy Chicken Tales,$8.33,$12.15
Wii,DJ Hero 2 [Not For Resale],$9.13,$11.87
Wii,DJ Hero White Stand-Alone Turntable,,
Wii,Dance Dance Revolution [Bundle],$23.20,$27.09
Wii,Deca Sports 2 [Fan Favorites],$3.84,$4.99
Wii,Deca Sports 2 [Not For Resale],,
Wii,Deca Sports [Not For Resale],,
Wii,Deer Drive Gun Bundle,$10.50,$15.58
Wii,Def Jam Rapstar [Microphone Bundle],$9.04,$12.97
Wii,Disney Sing It High School Musical 3 [Bundle],$9.36,$15.61
Wii,Disney Sing It [Microphone Bundle],$8.88,$15.65
Wii,Disney Sing It: Family Hits with Microphone,$19.81,$24.99
Wii,Disney Sing It: Pop Hits with Microphone,$11.49,$15.35
Wii,Diva Girls: Divas On Ice,$2.25,$6.71
Wii,Doctor Fizzwhizzle's Animal Rescue,$3.99,$4.28
Wii,Drawsome Tablet,$8.63,$12.49
Wii,Dream Salon,$5.00,$6.87
Wii,Dreamworks Super Star Kartz with Wheel,$8.95,$12.44
Wii,EA Sports Active: Bracelet,$0.88,$1.32
Wii,EA Sports Tennis Racket,,
Wii,Epic Mickey Power of Two Clicker,$43.07,$45.57
Wii,Escape the Museum,$6.63,$7.70
Wii,Excitebots: Trick Racing [Refurbished],,
Wii,Excitebots: Trick Racing [Wheel Bundle],$36.17,$47.00
Wii,FIFA Soccer 13,$8.03,$8.99
Wii,Family Fun Football,$2.18,$5.67
Wii,Fantasy Aquarium World,$6.74,$7.20
Wii,Fast Food Panic,$7.13,$9.96
Wii,Fit in Six,$6.74,$7.32
Wii,Fit in Six Camera Bundle,$8.98,$13.39
Wii,FlatOut,$7.23,$13.59
Wii,Flip's Twisted World,$8.70,$11.58
Wii,Frag Master,,
Wii,Freddi Fish Kelp Seed Mystery,$10.93,$15.59
Wii,Freeloader,$29.71,$31.00
Wii,GameCube Controller Adapter,,
Wii,Gem Smashers,$6.98,$6.99
Wii,Get Up And Dance,$8.45,$8.98
Wii,Glacier 3 The Meltdown [Cardboard Sleeve],,
Wii,Glacier 3: The Meltdown,$5.63,$6.00
Wii,Goosebumps Horrorland [Bonus Book],,
Wii,Green Wii Remote Protector,,
Wii,Guitar Hero Aerosmith [Special Edition],$44.14,$61.49
Wii,Guitar Hero Controller,$60.00,$69.36
Wii,Hall of Fame Ultimate Hoops Challenge,$5.79,$6.39
Wii,Harley Pasternak Hollywood Workout,$2.72,$7.38
Wii,Harley-Davidson: Road Trip [Motorcycle RhinoBar],$43.32,$64.98
Wii,Hell's Kitchen [GameStop],,
Wii,High School Musical Sing It Bundle,$3.08,$23.00
Wii,Honda ATV Fever,$4.87,$4.88
Wii,Hotel For Dogs,$4.80,$6.49
Wii,I Love Horses: Rider's Paradise,$6.00,$6.97
Wii,I Spy: Two Games In One,,
Wii,Ice Age: Continental Drift Arctic Games,$5.60,$6.04
Wii,Insigna Wii Remote Charger,,
Wii,Insten Wireless Sensor Bar,,
Wii,Intec Racing Wheel Black,,
Wii,Intec Ultimate Action Pack,$14.47,$18.81
Wii,Intec White Wii Remote,,
Wii,Jeep Thrills [Bundle],,
Wii,Jerry Rice & Nitus' Dog Football,$6.59,$10.00
Wii,JumpStart: Get Moving Family Fitness,$5.68,$6.85
Wii,Just Dance 2015 [Bonus Wii Remote Plus],$33.87,$50.81
Wii,Just Dance 2015 [Nintendo Selects],$9.58,$10.55
Wii,Karaoke Joysound,$11.96,$12.26
Wii,Karaoke Joysound Bundle (1 mic),,
Wii,Karaoke Revolution American Idol Encore 2 [Bundle],$8.99,$17.75
Wii,Karaoke Revolution: Glee 2 [Microphone Bundle],$10.39,$16.70
Wii,Karaoke Revolution: Glee [Microphone Bundle],$7.14,$15.99
Wii,Kevin VanDam's Big Bass Challenge [Cardboard Sleeve],$7.23,$9.40
Wii,Kevin VanDam's Big Bass Challenge [Fishing Rod Bundle],$11.48,$14.93
Wii,Kirby's Epic Yarn [Refurbished],,
Wii,LEGO Batman 2 DC Super Heroes [DVD Bundle],,
Wii,LEGO Batman: Play & Collect,$40.00,$60.00
Wii,LEGO Harry Potter: Years 1-4 [Collector's Edition],$12.00,$15.54
Wii,LEGO Harry Potter: Years 1-4 [Silver Shield],$10.00,$11.47
Wii,LEGO Star Wars III: The Clone Wars [Figure Bundle],$5.46,$14.99
Wii,Le Conte De Despereaux,,
Wii,Let's Dance,$9.34,$13.79
Wii,Let's Play Ballerina,$5.61,$6.92
Wii,Let's Play Garden,$5.43,$7.32
Wii,Let's Tap [Best Buy Limited Edition],$6.67,$9.34
Wii,Living the Game With Wii and Activision,$1.91,$2.87
Wii,Logitech Wireless Guitar,,
Wii,Louisville Slugger Bat,$9.96,$14.95
Wii,Luxor Pharaoh's Challenge,$5.65,$6.89
Wii,Mad Catz GameShark GameSaves & Media Manager,,
Wii,Mad Catz Universal AV Cable,,
Wii,Madagascar Kartz [Wheel Bundle],$14.99,$17.30
Wii,Man vs. Wild,$4.70,$7.99
Wii,Marble Saga Kororinpa [Demo Disc Not For Resale],,
Wii,Mario Kart Wii [Refurbished],$26.59,$26.59
Wii,Mario Kart Wii [Wheel Bundle Refurbished],,
Wii,Martian Panic [Cardboard Sleeve],$7.68,$9.99
Wii,Marvel Super Hero Squad [Walmart],$9.22,$11.99
Wii,Memorex Racing Wheel,,
Wii,Metroid Prime Trilogy [Refurbished],,
Wii,Metroid: Other M [Refurbished],,
Wii,Midi Pro-Adapter,$35.00,$45.50
Wii,Monster 4x4: Stunt Racer with Racing Wheel,$6.79,$9.43
Wii,Monster High: 13 Wishes,$9.50,$9.94
Wii,Monster Hunter 3 Tri [Demo Disc],$5.51,$7.27
Wii,Monster Jam: Path of Destruction with Wheel,$17.94,$17.97
Wii,Monster Mayhem: Build and Battle,$4.07,$8.65
Wii,Monster Trucks Mayhem with Racing Wheel,$5.25,$5.54
Wii,Monster Trux Offroad,$4.61,$5.55
Wii,MotoGP,$6.64,$9.00
Wii,Muramasa: The Demon Blade [Demo Disc Not For Resale],,
Wii,My Arcade Gamepad Classics Wireless Controller,$6.99,$8.09
Wii,My Arcade Super Gamepad Wireless Controller,$5.00,$7.50
Wii,My Ballet Studio,$4.87,$8.50
Wii,NCIS,$6.42,$9.54
Wii,NERF N-Strike Elite [Bundle],$22.49,$24.50
Wii,NHL Slapshot Hockey Stick,$25.00,$25.99
Wii,NHL Slapshot [Limited Edition],$30.50,$39.80
Wii,NPPL Championship Paintball 2009 [Gun Bundle],$17.95,$24.99
Wii,NYKO Kama Wireless Nunchuk,$14.99,$19.49
Wii,Naruto Shippuden Clash of Ninja Revolution 3 [Limited Edition],$19.02,$26.50
Wii,Nat Geo Challenge Wild Life,$4.88,$7.00
Wii,National Geographic Challenge,$5.44,$9.01
Wii,"Nerf Tennis Racket, Golf Club, & Baseball Bat",,
Wii,New Carnival Games [Slip Cover],,
Wii,New Play Control: Mario Power Tennis [Refurbished],,
Wii,NiGHTS: Journey Of Dreams Behind The Scenes DVD,$8.33,$12.50
Wii,Nickelodeon Dance 2,$5.00,$7.47
Wii,Nintendo Wii Mini System [Pikmin 2 Bundle],,
Wii,Nintendo Wii [Buckingham Palace 24K Gold],$29.04,$56.02
Wii,Nyko Blue Wii Nunchuk,,
Wii,Nyko Charge Station,$12.31,$14.75
Wii,Nyko HD Link,,
Wii,Nyko White Wii Nunchuk,,
Wii,Nyko Wireless Sensor Bar,$7.31,$58.00
Wii,Once Upon a Time,$6.65,$13.00
Wii,PDC World Championship Darts 2008,$13.86,$18.14
Wii,Paintbrush Controller,$34.99,$35.47
Wii,Party Pigs: Farmyard Games,$3.90,$6.41
Wii,Paws & Claws Pet Vet,$4.99,$7.09
Wii,Penguins of Madagascar,$11.95,$15.51
Wii,Perfect Shot [Gold],,
Wii,Pet Pals: Animal Doctor,$6.97,$8.22
Wii,Pheasants Forever Wingshooter,$6.65,$8.65
Wii,Pimp My Ride,$5.85,$6.21
Wii,Planes: Fire & Rescue,$15.97,$17.50
Wii,Playmobil Circus,$8.44,$10.63
Wii,Points Card with Glove [Black],,
Wii,Pony Friends 2,$9.97,$13.58
Wii,Pool Hall Pro,$12.16,$13.15
Wii,PowerA Star Wars: The Force Unleashed II Darth Vader Light-Up Lightsaber,$8.84,$13.27
Wii,Princess Isabella: A Witch's Curse,$10.96,$12.99
Wii,Pro Evolution Soccer 2009,$6.50,$6.70
Wii,Pro Evolution Soccer 2010,$3.99,$8.99
Wii,Pro Evolution Soccer 2011,$6.79,$7.49
Wii,Pro Evolution Soccer 2013,$7.40,$7.58
Wii,Punch-Out [Refurbished],,
Wii,Puzzle Challenge Crosswords and More,$3.53,$5.57
Wii,Puzzle Kingdoms,$4.99,$7.39
Wii,Rabbids Go Home [Gamestop],$9.06,$12.73
Wii,Racquet Sports with Camera,$8.30,$12.05
Wii,Rapala Pro Bass Fishing 2010 (Fishing Rod Bundle),$26.50,$29.77
Wii,Reader Rabbit 1st Grade,$12.99,$17.99
Wii,Reader Rabbit 2nd Grade,$13.49,$19.20
Wii,Reader Rabbit Kindergarten,$15.37,$18.99
Wii,Rebel Raiders Operation Nighthawk,$5.07,$6.99
Wii,Reel Fishing: Angler's Dream [Fishing Rod Bundle],$37.25,$37.25
Wii,Remington Great American Bird Hunt and Shimano Xtreme Fishing Dual Pack,$8.00,$10.40
Wii,Remington Great American Bird Hunt with Blaster,$14.70,$16.55
Wii,Remington Super Slam Hunting: North America,$8.03,$9.30
Wii,Rock Band 2 Wireless Guitar,$29.40,$84.38
Wii,Rock Blast,$5.64,$6.85
Wii,Rock Candy Wii Nunchuck [Green],,
Wii,Rock Candy Wii Remote [Green],,
Wii,Rodea The Sky Soldier [Not For Resale],,
Wii,Rudolph The Red-Nosed Reindeer [Plush Toy Bundle],$33.33,$50.00
Wii,Safari Adventures: Africa,$3.85,$5.09
Wii,Safe Cracker,$7.40,$9.62
Wii,Samba Samba Maracas,$17.17,$19.99
Wii,Santa Claus Is Coming To Town,$10.60,$10.64
Wii,Science Papa,$4.85,$5.86
Wii,Sega Super Star Tennis Competition Pack,,
Wii,Sesame Street: Elmo's A-To-Zoo Adventure [Not for Resale],$10.45,$13.59
Wii,Sesame Street: Elmo's Musical Monsterpiece,$6.32,$7.17
Wii,"Sesame Street: Ready, Set, Grover!",$6.50,$8.32
Wii,Shaun White Snowboarding Road Trip [Target Edition],$4.75,$5.83
Wii,Skylanders Superchargers Racing Dark Edition Starter Pack,$55.95,$79.41
Wii,Skylanders Swap Force [Dark Edition],$50.93,$89.99
Wii,Skylanders Trap Team Dark Edition: Starter Pack,$9.49,$18.51
Wii,Skylanders Trap Team [Super Bundle Pack],$29.83,$30.08
Wii,Skylanders Wii Pro Pack Mini [Orange],,
Wii,Skylanders: SuperChargers Racing [Starter Pack],,
Wii,Solitaire & Mahjong,$6.16,$8.18
Wii,Spectrobes: Origins [Bonus Code Input Card & Novel],$26.92,$35.00
Wii,Speed Racer: The Videogame [Movie Ticket Bundle],,
Wii,Speed with Wheel,$3.66,$5.76
Wii,SpeedZone,$9.52,$13.77
Wii,Story Hour Adventures,$3.99,$5.99
Wii,Story Hour Fairy Tales,$5.01,$5.25
Wii,Storybook Workshop,$5.70,$8.56
Wii,Summer Stars 2012,$4.86,$6.61
Wii,Super Famicom Classic Controller,$14.00,$21.00
Wii,Super Fruit Fall,$3.99,$6.11
Wii,Super Mario All-Stars [Refurbished],,
Wii,Super Mario Galaxy 2 [Refurbished],,
Wii,Super Mario Toad Wii Wheel,,
Wii,Super PickUps,$3.99,$4.15
Wii,Supersonic Racer,$10.63,$13.69
Wii,Team Elimination Games,$4.37,$7.43
Wii,Ten Pin Alley 2,$4.31,$5.76
Wii,The Hardy Boys: The Hidden Theft,$9.99,$13.08
Wii,The House Of The Dead: Overkill [Hand Cannon Bundle],$65.38,$85.00
Wii,The Last Airbender [Toys R Us],$9.68,$13.48
Wii,The Voice with Microphone,$9.74,$13.44
Wii,The Voice: I Want You,$6.74,$10.24
Wii,Think: Logic Trainer,$5.10,$6.43
Wii,Top Shot Arcade [Gun Bundle],$33.20,$49.99
Wii,Top Shot Arcade [Limited Edition 2 Pack],$35.47,$64.97
Wii,Top Shot Elite Gun,$34.09,$37.50
Wii,Top Shot: Dinosaur Hunter [Gun Bundle],$31.31,$42.47
Wii,Top Spin 4,$7.34,$8.22
Wii,Totally Spies! Totally Party,$6.80,$14.95
Wii,Tournament Pool,$8.61,$9.91
Wii,Toy Story 3 [Toys R Us],$22.73,$29.44
Wii,Transformers: Dark Of The Moon Stealth Force Edition [Toy Bundle],$11.58,$17.38
Wii,Tron Evolution: Battle Grids [Championship Edition],$9.99,$9.99
Wii,Truck Racer,$6.51,$7.68
Wii,UDraw Game Tablet [White],$5.99,$7.99
Wii,UDraw GameTablet Gift Pack [SpongeBob SquigglePants Bundle],,
Wii,UFC Personal Trainer,$5.97,$8.32
Wii,Universal HD Component Cables,$13.71,$17.82
Wii,Violetta,$13.48,$20.22
Wii,WWE '12 [Sin Cara Edition],,
Wii,WWE Smackdown Vs. Raw 2011 [En Espanol],,
Wii,We Sing 80s with One Microphone,$17.04,$23.85
Wii,We Sing Pop,$9.68,$12.43
Wii,Wheel of Fortune [Nordic Games],$10.99,$11.69
Wii,Wii Accessory Pack,$21.99,$23.99
Wii,Wii Controller Jutec,,
Wii,Wii Deluxe Game Traveler,$22.60,$23.00
Wii,Wii Fit Plus [Not For Resale],,
Wii,Wii Game And Console Tower Black,,
Wii,Wii Game Traveler,,
Wii,Wii Games And Console Tower White,,
Wii,Wii Gun Controller Holder,,
Wii,Wii Lens Cleaning Kit,$44.62,$46.31
Wii,Wii Nunchuk [Blue],$12.99,$16.89
Wii,Wii Nunchuk [Red],$13.05,$16.97
Wii,Wii Party [Controller Bundle],$81.49,$113.50
Wii,Wii Power Cord,$15.51,$20.16
Wii,Wii Remote Carry Bag,,
Wii,Wii Remote Holder [Club Nintendo],$13.38,$17.39
Wii,Wii Sports Resort 1 Wii MotionPlus Bundle [Refurbished],,
Wii,Wii Sports Resort [Refurbished],,
Wii,Wii To HDMI USB Adapter,,
Wii,Wing Island,$7.67,$7.72
Wii,Winter Sports 3: The Great Tournament,$6.49,$8.90
Wii,World Championship Athletics,$6.11,$7.05
Wii,World Championship Poker All In,$5.66,$7.36
Wii,Wreck-It Ralph [Blu-Ray Combo Pack],,
Wii,Your New Best Friend Puppy Luv,,
Wii,Zhu Zhu Pets 2: Featuring The Wild Bunch Limited Edition,$4.33,$5.99
Wii,Zoo Hospital,$4.52,$7.48
Wii,Zumba Fitness: Core [Bundle],$12.30,$15.99
Wii,Zumba Kids,$4.83,$5.26
Wii,uDraw Game Tablet [Black],$9.00,$10.32
Wii,uDraw GameTablet Gift Pack,$8.48,$11.03
Wii,Essentials Kit,,
Wii,Remote Faceplates,,
Wii,Skylanders Giants Portal Of Power,$12.00,$12.99
Wii,Portal Of Power - Swap Force,$11.00,$14.30
Wii,EA Sports Active Accessory Pack,$7.61,$10.00
Wii,Glove Kit [Purple & Pink],,
Wii,Rock Band 3 Wireless Keyboard,$24.99,$34.51
Wii,Epic Mickey [Not for Resale],$61.00,$79.30
Wii,Disney Infinity Portal,$10.68,
Wii,Wireless Portal Of Power,$18.82,$22.18
Wii,Sports Pack 8 in 1 for Wii Sports Resort,$17.97,$32.73
Wii,Storage Tower Zig-Zag,,
Wii,Nyko Power Adaptor,,
Wii,Energy Pak,$14.30,$17.19
Wii,Front Man Wireless Guitar,,
Wii,PowerA Sensor Bar Holder [Darth Vader],,
Wii,Official Wii Wireless Ultra Sensor Bar,,
Wii,Speed Force Wireless,$37.25,$39.44
Wii,Country Dance [Demo],,
Wii,Neo Fit Bag,,
Wii,Lady Fitness 3 In 1 Comfort Starter Kit,$24.99,$32.49
Wii,3 In 1 Comfort Starter Kit,,
Wii,EA Sports Active 2 Push Up Bars,,
Wii,Wii Glo Sword,$15.00,$19.50
Wii,Logitech Cordless Keyboard,$29.32,$41.72
Wii,Wii Fit Starter Kit [Pelican],,
Wii,Big Town Shoot Out [White & Blue Blaster Pack],,
Wii,Headbanger Chat Headset,,
Wii,Storage Tower Flux,,
Wii,6ft Component Video Cable,$3.00,$4.50
Wii,Points Card 2000,$2.83,$4.25
Wii,Blue Light Charge Station,$6.20,$7.77
Wii,Big Oversized Super Shell [Yellow],$14.95,$19.44
Wii,Energizer 4x Charging System,,
Wii,AJ & Aly Guitar,,
Wii,Rock Candy Wii Remote [Blue],$10.00,$13.00
Wii,Rock Candy Wii Nunchuck [Blue],,
Wii,Bakugan Battle Brawlers [with DVD],$7.68,$9.98
Wii,EA Sports Active 2 [Game Only],,
Wii,EA Sports Active More Workouts [Game Only],$5.32,$7.98
Wii,Jillian Michaels' Fitness Ultimatum 2011,$4.02,$6.10
Wii,Nintendo Wii Special Value Edition System,,
Wii,Classic Turbo GameCube Controller,,
Wii,Nintendo Wii Black New Super Mario Bundle,$80.50,$119.70
Wii,Avatar: The Game [Limited Edition],$66.68,$89.95
Wii,Bass Pro Shops: Outdoor Mega Pack,$60.17,$78.28
Wii,ATV Quad Kings [Cardboard Sleeve],,
Wii,GT Pro Series [Racing Wheel Bundle],$5.29,$8.10
Wii,The Smurfs Dance Party [Toys R Us],,
Wii,The Smurfs Dance Party [Walmart Edition],,
Wii,Shaun White Snowboarding: World Stage [Target Edition],$2.00,$2.00
Wii,Nexxtech Ultimate Intercooler Fan,,
Wii,Hori Fighting Stick Wii,$49.82,$54.82
Wii,Wii Radiator,,
Wii,Wii to HDMI Converter 1080P for Full HD Device,$5.20,$7.81
Wii,Mario Kart Wii,$30.53,$33.57
Wii,Wii Sports,$27.50,$29.99
Wii,New Super Mario Bros. Wii,$23.96,$25.20
Wii,Wii Sports Resort,$33.00,$39.94
Wii,White Nintendo Wii System,$60.00,$152.69
Wii,Super Smash Bros. Brawl,$15.07,$18.27
Wii,Super Mario Galaxy,$12.17,$16.07
Wii,Zelda Twilight Princess,$15.00,$18.42
Wii,Mario Party 8,$27.00,$30.00
Wii,Super Mario Galaxy 2,$19.52,$23.14
Wii,Wii Play,$6.00,$7.42
Wii,Fire Emblem Radiant Dawn,$98.32,$117.16
Wii,Donkey Kong Country Returns,$12.30,$12.84
Wii,Super Paper Mario,$12.34,$15.00
Wii,Silent Hill: Shattered Memories,$94.34,$119.77
Wii,Wii Party,$58.29,$63.86
Wii,Mario Party 9,$39.99,$46.07
Wii,Zelda Skyward Sword,$16.72,$19.99
Wii,Metroid Prime Trilogy [Collector's Edition],$99.98,$137.69
Wii,Michael Jackson: The Experience,$29.99,$36.75
Wii,Animal Crossing City Folk,$17.73,$23.03
Wii,Pokemon Battle Revolution,$19.78,$28.96
Wii,Mario Super Sluggers,$35.00,$36.08
Wii,Metroid Prime 3 Corruption,$13.80,$17.93
Wii,Rhythm Heaven Fever,$109.99,$150.00
Wii,Resident Evil 4,$11.68,$13.10
Wii,Just Dance 2,$5.69,$8.49
Wii,Kirby's Epic Yarn,$16.44,$19.20
Wii,Mario and Sonic at the Olympic Games,$9.63,$11.12
Wii,Just Dance 3,$9.20,$12.24
Wii,Wii Fit Plus,$3.25,$6.86
Wii,Super Mario All-Stars Limited Edition,$22.44,$28.99
Wii,Black Nintendo Wii System,$81.21,$149.88
Wii,Metroid Prime Trilogy,$96.19,$125.25
Wii,Punch-Out,$29.97,$35.00
Wii,Sonic and the Secret Rings,$9.45,$13.74
Wii,Kirby's Dream Collection: Special Edition,$29.23,$53.00
Wii,Wii Fit (game Only),$3.32,$7.55
Wii,Zelda Skyward Sword [Soundtrack Bundle],$16.98,$18.29
Wii,LEGO Star Wars Complete Saga,$7.99,$8.37
Wii,Guitar Hero III Legends of Rock,$15.37,$19.62
Wii,Epic Mickey,$5.00,$7.99
Wii,Nintendo Wii Console Red [Mario 25th Anniversary],$73.64,$476.34
Wii,Mario Strikers Charged,$13.33,$15.94
Wii,Resident Evil The Umbrella Chronicles,$13.43,$19.65
Wii,WarioWare: Smooth Moves,$18.49,$21.90
Wii,Just Dance 4,$11.49,$11.73
Wii,Metroid: Other M,$11.99,$16.99
Wii,The Last Story,$50.47,$69.66
Wii,Resident Evil: The Darkside Chronicles,$38.99,$59.99
Wii,PokePark Wii: Pikachu's Adventure,$29.53,$35.00
Wii,Wario Land Shake It,$14.97,$19.58
Wii,Mario and Sonic at the Olympic Winter Games,$14.57,$15.00
Wii,Wii Sports & Wii Sports Resort,$63.99,$67.12
Wii,Guitar Hero World Tour,$12.40,$12.99
Wii,Pandora's Tower,$66.04,$87.50
Wii,Super Mario Galaxy [Nintendo Selects],$13.11,$16.41
Wii,Just Dance,$7.99,$8.49
Wii,Dragon Ball Z Budokai Tenkaichi 3,$28.20,$39.99
Wii,Sonic and the Black Knight,$13.80,$18.42
Wii,Super Mario All-Stars [Nintendo Selects],$18.80,$24.99
Wii,Kirby's Return to Dream Land,$22.98,$29.17
Wii,Red Nintendo Wii System,$74.75,$209.23
Wii,Xenoblade Chronicles,$19.10,$25.00
Wii,Nintendo Wii Mini System,$79.29,$108.90
Wii,MadWorld,$11.29,$15.00
Wii,Sonic Colors,$9.72,$13.34
Wii,The House of the Dead 2 & 3 Return,$18.82,$20.00
Wii,Coraline,$79.99,$94.84
Wii,White Wii Remote,$12.95,$14.55
Wii,Link's Crossbow Training,$4.82,$7.00
Wii,Rayman Raving Rabbids,$4.05,$7.69
Wii,Super Monkey Ball Banana Blitz,$5.95,$7.28
Wii,Star Wars The Force Unleashed,$5.41,$5.94
Wii,Sin and Punishment: Star Successor,$27.06,$33.78
Wii,Carnival Games,$6.30,$7.26
Wii,Wii Music,$5.90,$7.97
Wii,The Last Story [Limited Edition],$62.39,$70.40
Wii,Sonic Unleashed,$11.58,$14.22
Wii,Tatsunoko vs. Capcom: Ultimate All Stars,$26.00,$41.18
Wii,LEGO Batman The Videogame,$4.93,$5.96
Wii,Manhunt 2,$15.54,$24.99
Wii,Fortune Street,$28.99,$29.96
Wii,Game Party,$3.54,$6.95
Wii,007 GoldenEye,$10.18,$13.99
Wii,Super Paper Mario [Nintendo Selects],$14.85,$15.00
Wii,Zelda Twilight Princess [Nintendo Selects],$19.76,$19.95
Wii,Mario Sports Mix,$23.28,$28.71
Wii,PokePark 2: Wonders Beyond,$33.38,$43.68
Wii,Wii Sports [Nintendo Selects],$32.99,$34.03
Wii,Mario & Sonic at the London 2012 Olympic Games,$14.54,$17.95
Wii,Club Penguin: Game Day Limited Edition,$541.64,$660.96
Wii,JU-ON: The Grudge,$74.30,$96.06
Wii,Rock Band,$8.46,$8.48
Wii,Mario Kart Wii [Wheel Bundle],$34.90,$45.21
Wii,The Beatles: Rock Band,$6.47,$7.14
Wii,Just Dance 2014,$8.89,$13.05
Wii,Guitar Hero: Metallica,$38.13,$45.80
Wii,LEGO Indiana Jones The Original Adventures,$4.68,$5.40
Wii,Red Steel,$5.57,$7.15
Wii,The House of the Dead Overkill,$19.99,$28.49
Wii,The Simpsons Game,$15.99,$19.99
Wii,No More Heroes,$10.42,$14.99
Wii,Zelda Skyward Sword [Controller Bundle],$30.11,$79.49
Wii,Black Wii Remote Plus,$29.95,$36.86
Wii,Fragile Dreams: Farewell Ruins of The Moon,$73.34,$96.87
Wii,Dead Space Extraction,$23.23,$29.99
Wii,Guitar Hero Aerosmith,$8.70,$10.65
Wii,Nights Journey of Dreams,$8.99,$12.98
Wii,The Godfather Blackhand Edition,$10.48,$14.75
Wii,LEGO Star Wars III: The Clone Wars,$6.00,$6.96
Wii,Okami,$9.54,$10.85
Wii,Cooking Mama Cook Off,$8.00,$9.14
Wii,Mario Super Sluggers [Nintendo Selects],$38.68,$38.71
Wii,Wipeout: The Game,$6.09,$7.00
Wii,Epic Mickey 2: The Power of Two,$5.28,$7.70
Wii,Wii Play Motion,$17.92,$23.18
Wii,LEGO Harry Potter: Years 1-4,$7.20,$8.94
Wii,Big Brain Academy Wii Degree,$3.44,$6.71
Wii,Guitar Hero 5,$18.89,$23.63
Wii,New Play Control: Mario Power Tennis,$12.99,$13.82
Wii,Muramasa: The Demon Blade,$25.46,$32.50
Wii,Call of Duty Black Ops,$8.81,$10.00
Wii,Rayman Raving Rabbids 2,$6.00,$8.30
Wii,Deca Sports,$5.58,$7.95
Wii,Guitar Hero: Warriors of Rock,$29.85,$34.97
Wii,Bakugan Battle Brawlers,$4.94,$7.55
Wii,Blazing Angels Squadrons of WWII,$2.80,$5.04
Wii,uDraw Studio,$10.00,$13.79
Wii,Pikmin 2 [Nintendo Selects],$22.67,$24.37
Wii,Wii Fit [Balance Board Bundle],$25.49,$26.99
Wii,Toy Story Mania,$6.06,$7.72
Wii,EA Sports Active,$2.95,$8.25
Wii,Spiderman: Shattered Dimensions,$15.55,$17.99
Wii,Skylanders Spyro's Adventure,$6.22,$7.54
Wii,Star Wars Clone Wars Lightsaber Duels,$3.79,$4.97
Wii,Veggy World,$169.05,$179.99
Wii,Zumba Fitness,$2.60,$5.59
Wii,Rock Band 2,$8.76,$11.41
Wii,Trauma Center Second Opinion,$7.33,$12.94
Wii,Opoona,$45.00,$55.19
Wii,Black Nintendo Wii System [Wii Sports + Wi Sports Resort + Wii MotionPlus],$144.97,$210.93
Wii,Donkey Kong Barrel Blast,$11.98,$15.93
Wii,Monster Hunter 3 Tri,$9.09,$12.68
Wii,Castlevania Judgment,$15.00,$21.47
Wii,LEGO Batman 2,$5.40,$7.50
Wii,Sonic & SEGA All-Stars Racing,$10.00,$12.07
Wii,Toy Story 3: The Video Game,$8.30,$8.62
Wii,Calling,$37.46,$71.36
Wii,Just Dance 2015,$10.05,$11.99
Wii,Dokapon Kingdom,$34.00,$47.68
Wii,Dragon Ball Z Budokai Tenkaichi 2,$12.69,$15.75
Wii,No More Heroes 2: Desperate Struggle,$14.99,$20.00
Wii,Zack and Wiki Quest for Barbaros Treasure,$11.36,$14.89
Wii,Call of Duty 3,$4.00,$6.30
Wii,Guitar Hero Smash Hits,$37.39,$44.01
Wii,New Play Control: Pikmin,$14.50,$23.09
Wii,Need for Speed Prostreet,$4.45,$7.20
Wii,Godzilla Unleashed,$34.56,$40.01
Wii,New Carnival Games [Wii Motion Plus Bundle],$13.33,$20.00
Wii,Wii Nunchuk [White],$8.99,$10.92
Wii,Call of Duty World at War,$4.79,$8.37
Wii,Scarface the World is Yours,$28.05,$40.67
Wii,NERF N-Strike [Bundle],$6.69,$7.37
Wii,Cursed Mountain,$13.99,$19.49
Wii,Klonoa,$18.12,$27.03
Wii,Spiderman Web of Shadows,$13.21,$15.64
Wii,Gunblade NY & LA Machineguns Arcade Hits Pack,$81.14,$86.97
Wii,Just Dance 2020,$29.99,$32.49
Wii,Red Steel 2,$11.99,$12.85
Wii,LEGO Indiana Jones 2: The Adventure Continues,$6.26,$6.54
Wii,Game Party 2,$4.79,$8.99
Wii,Guitar Hero Wireless Les Paul Controller,$36.49,$122.50
Wii,Mathews Bowhunting (with Bow),$42.72,$59.50
Wii,Rayman Raving Rabbids TV Party,$5.31,$6.99
Wii,Sonic Riders Zero Gravity,$16.80,$17.98
Wii,Blue Nintendo Wii System,$98.25,$138.08
Wii,Call of Duty Modern Warfare Reflex,$5.11,$6.67
Wii,Samba De Amigo,$3.44,$6.93
Wii,Wii Wheel,$8.99,$12.83
Wii,Mortal Kombat Armageddon,$15.49,$17.99
Wii,Obscure The Aftermath,$12.99,$16.38
Wii,Rock Band 3,$22.99,$24.38
Wii,Wii Balance Board,$20.19,$26.25
Wii,LEGO Pirates of the Caribbean: The Video Game,$6.62,$7.82
Wii,Endless Ocean,$9.31,$9.43
Wii,Wheel of Fortune,$7.29,$9.48
Wii,Resident Evil Archives: Resident Evil,$15.28,$16.99
Wii,Disney Infinity [Game Only],$5.31,$6.57
Wii,Mario Wii Remote Plus,$48.70,$49.82
Wii,Tales of Symphonia Dawn of the New World,$9.96,$12.25
Wii,Bully Scholarship Edition,$13.77,$21.55
Wii,Wii Classic Controller,$12.25,$30.38
Wii,Monster 4X4 World Circuit [Steering Wheel Bundle],$2.67,$3.47
Wii,Shaun White Snowboarding Road Trip,$3.69,$6.52
Wii,Game Party 3,$7.45,$9.07
Wii,Aqua Panic,$14.00,$17.66
Wii,FlingSmash,$3.94,$7.25
Wii,Pac-Man Party,$9.25,$11.07
Wii,Cabela's Big Game Hunter 2010,$4.72,$7.38
Wii,Fishing Resort,$62.90,$79.97
Wii,We Ski,$5.47,$7.65
Wii,Ghost Squad,$9.75,$10.98
Wii,Just Dance Summer Party,$9.71,$9.99
Wii,Deadly Creatures,$16.62,$22.99
Wii,Dragon Quest Swords The Masked Queen and the Tower of Mirrors,$13.95,$19.33
Wii,Looney Tunes Acme Arsenal,$6.00,$6.06
Wii,Wii Energizer 2x Charge Station,$12.99,$16.89
Wii,Spiderman 3,$6.78,$9.18
Wii,The Conduit,$8.02,$10.34
Wii,MySims,$4.53,$8.80
Wii,Batman: The Brave and the Bold,$9.98,$13.01
Wii,Monster 4X4 World Circuit,$3.48,$4.83
Wii,NERF N-Strike (game only),$5.91,$6.00
Wii,Naruto Clash of Ninja Revolution,$7.39,$8.82
Wii,Trauma Center New Blood,$8.87,$9.94
Wii,Trauma Team,$33.14,$45.00
Wii,Skylanders Swap Force,$5.87,$7.62
Wii,Build 'N Race,$3.42,$4.57
Wii,Active Life Outdoor Challenge,$3.51,$6.36
Wii,Dragon Ball: Revenge of King Piccolo,$28.52,$31.99
Wii,White Wii MotionPlus Adapter,$9.00,$12.93
Wii,Metal Slug Anthology,$15.09,$19.61
Wii,Ghostbusters: The Video Game,$7.96,$9.72
Wii,LEGO Harry Potter Years 5-7,$6.85,$9.28
Wii,LEGO Lord Of The Rings,$9.99,$11.17
Wii,Need for Speed Carbon,$6.84,$7.78
Wii,Nintendo Wii Sport Resort Pack Console White,$99.62,$129.00
Wii,Boom Blox,$4.39,$6.46
Wii,Rune Factory: Frontier,$22.64,$29.99
Wii,Disney Princess Enchanted Journey,$8.00,$10.66
Wii,Tiger Woods 2009 All-Play,$4.68,$5.12
Wii,Skylander's Giants,$6.07,$9.77
Wii,Just Dance Kids,$5.45,$5.68
Wii,Maximum Racing: Rally Racer,$34.63,$35.06
Wii,Star Wars: The Force Unleashed II,$6.60,$9.73
Wii,Baroque,$38.60,$48.55
Wii,De Blob,$5.10,$6.10
Wii,Band Hero,$6.72,$7.98
Wii,Final Fantasy Crystal Chronicles: Crystal Bearers,$11.49,$16.55
Wii,M&M's Kart Racing,$3.54,$6.80
Wii,Marvel Ultimate Alliance,$8.31,$10.00
Wii,New Play Control: Donkey Kong Jungle Beat,$14.69,$18.13
Wii,Rayman Origins,$10.50,$12.00
Wii,Wii Console White: Wii Sports Edition,$96.33,$144.50
Wii,Chicken Shoot,$3.79,$6.66
Wii,Harvest Moon Tree of Tranquility,$13.94,$15.00
Wii,Just Dance 2016,$14.00,$14.99
Wii,LEGO Rock Band,$7.99,$10.23
Wii,WWII Aces,$2.76,$6.94
Wii,Deal or No Deal,$4.54,$8.23
Wii,Sega Bass Fishing,$4.39,$6.67
Wii,Wii Fit Plus [Balance Board Bundle],$24.18,$32.49
Wii,Namco Museum Megamix,$7.77,$10.05
Wii,Skylander's Giants Portal Owners Pack,$4.09,$5.40
Wii,Nintendo Wii Sports & Wii Sports Resort Black Console,$66.00,$119.67
Wii,Tiger Woods PGA Tour 10,$5.89,$7.80
Wii,Resident Evil Archives: Resident Evil Zero,$13.70,$17.99
Wii,Titanic Mystery,$10.96,$14.95
Wii,Arc Rise Fantasia,$32.50,$52.68
Wii,Bleach Shattered Blade,$10.27,$11.02
Wii,Call of Duty Modern Warfare 3,$5.29,$7.36
Wii,Dance Dance Revolution Hottest Party,$7.73,$7.90
Wii,Need for Speed Nitro,$5.49,$9.70
Wii,Animal Planet: Vet Life,$3.78,$9.11
Wii,The Bachelor,$4.25,$5.55
Wii,Club Penguin: Game Day,$5.31,$8.00
Wii,Wii Black Console [RVL-001],$53.75,$76.81
Wii,007 Quantum of Solace,$5.34,$6.95
Wii,Teenage Mutant Ninja Turtles: Smash-Up,$8.75,$11.36
Wii,The Sims 3,$6.73,$8.84
Wii,AMF Bowling Pinbusters,$6.38,$6.73
Wii,Spectrobes: Origins,$9.25,$17.99
Wii,High School Musical Sing It,$5.90,$8.31
Wii,Teenage Mutant Ninja Turtles,$7.87,$8.00
Wii,Rampage Total Destruction,$9.97,$10.19
Wii,Scooby-Doo First Frights,$10.07,$12.00
Wii,Transformers: The Game,$3.53,$6.92
Wii,Gormiti: The Lords of Nature!,$9.00,$10.22
Wii,Lost in Shadow,$17.38,$26.44
Wii,Zelda Twilight Princess [Not for Resale],$199.95,$300.00
Wii,Excite Truck,$7.40,$10.07
Wii,Alien Syndrome,$4.99,$6.54
Wii,Deca Sports 2,$6.97,$7.39
Wii,Star Wars Clone Wars: Republic Heroes,$4.48,$6.47
Wii,Target Terror,$34.84,$51.95
Wii,Carnival Games Mini Golf,$7.45,$8.99
Wii,The Price is Right,$6.53,$6.98
Wii,Atrevete a Sonar,$103.29,$269.30
Wii,Cars 2,$6.96,$8.38
Wii,Ivy the Kiwi,$48.63,$59.00
Wii,Just Dance Disney Party,$9.18,$11.13
Wii,Prince of Persia Rival Swords,$4.73,$4.79
Wii,Zumba Fitness 2,$2.82,$6.14
Wii,Harvest Moon: Animal Parade,$20.50,$24.99
Wii,Summer Sports Paradise Island,$4.45,$7.64
Wii,Battalion Wars 2,$9.95,$12.70
Wii,Avatar: The Game,$7.95,$8.12
Wii,Disney Universe,$4.88,$6.68
Wii,Naruto Shippuden: Clash of Ninja Revolution 3,$9.50,$10.97
Wii,Chicken Blaster,$4.89,$5.42
Wii,Excitebots: Trick Racing,$8.99,$13.95
Wii,Guitar Hero III Legends of Rock [Bundle],$58.49,$102.45
Wii,Skylanders Trap Team,$10.85,$11.48
Wii,Just Dance 2017,$13.61,$17.99
Wii,Just Dance 2018,$18.41,$20.00
Wii,Onechanbara Bikini Zombie Slayers,$19.99,$32.45
Wii,Rapala Tournament Fishing,$3.79,$6.87
Wii,Black Eyed Peas Experience,$3.72,$6.89
Wii,Cooking Mama World Kitchen,$5.99,$7.02
Wii,Elebits,$6.89,$9.99
Wii,Indiana Jones and the Staff of Kings,$6.49,$7.54
Wii,Tiger Woods PGA Tour 08,$3.21,$4.53
Wii,RVT-H Reader,$655.28,$846.12
Wii,101-in-1 Party Megamix,$5.28,$5.48
Wii,Barbie and Her Sisters: Puppy Rescue,$10.99,$14.46
Wii,Madden 2009 All-Play,$3.10,$7.00
Wii,Wii Console White: Wii Sports + Wii Sports Resort + Wii Motion Plus,$95.73,$140.61
Wii,Soul Calibur Legends,$6.74,$11.07
Wii,Tangled,$6.03,$7.72
Wii,WWE Smackdown vs. Raw 2008,$4.40,$8.87
Wii,MySims Kingdom,$5.24,$8.99
Wii,Rabbids Go Home,$12.33,$12.77
Wii,Cars Mater-National Championship,$4.23,$6.63
Wii,Rock Band Drum Set,$110.00,$111.76
Wii,Mario Power Tennis [Nintendo Selects],$14.25,$15.89
Wii,EA Playground,$4.24,$7.15
Wii,Speed Racer: The Videogame,$6.55,$8.20
Wii,GT Pro Series,$4.45,$6.38
Wii,Just Dance Kids 2,$5.46,$5.50
Wii,Tetris Party Deluxe,$11.00,$13.66
Wii,X-Men Origins: Wolverine,$6.21,$10.43
Wii,Castle of Shikigami III,$28.10,$36.76
Wii,Dance Dance Revolution: Hottest Party 2,$3.74,$6.94
Wii,Let's Sing 2016 Microphone Bundle,$38.31,$49.80
Wii,Namco Museum Remix,$4.78,$7.98
Wii,We Sing 80s,$21.59,$23.88
Wii,Winter Sports the Ultimate Challenge,$5.87,$7.35
Wii,Smiley World: Island Challenge,$9.59,$12.47
Wii,Hasbro Family Game Night,$7.45,$9.00
Wii,Hasbro Family Game Night 3,$14.96,$16.95
Wii,Iron Man,$7.21,$9.31
Wii,Sega Superstars Tennis,$6.02,$8.39
Wii,Wii Zapper with Link's Crossbow Training,$7.58,$14.71
Wii,Cars Toon: Mater's Tall Tales,$5.58,$7.99
Wii,The Hip Hop Dance Experience,$12.48,$14.98
Wii,Dead Rising Chop Til You Drop,$7.18,$12.75
Wii,Maximum Racing: Sprint Cars,$25.74,$33.49
Wii,Rudolph the Red-Nosed Reindeer,$5.22,$6.18
Wii,Sniper Elite,$10.48,$11.82
Wii,Black Wii Classic Controller Pro,$15.02,$30.72
Wii,EA Sports Active NFL Training Camp,$5.81,$9.97
Wii,Jillian Michaels' Fitness Ultimatum 2009,$2.75,$3.74
Wii,Medal of Honor Heroes 2,$4.78,$5.85
Wii,Wii Sports Resort [Cardboard Sleeve],$27.49,$34.08
Wii,Luigi Wii Remote Plus,$28.85,$37.69
Wii,Skylanders SuperChargers Starter Pack,$18.35,$34.99
Wii,Nintendo Wii [New Super Mario Bros. Wii Bundle],$126.76,$199.99
Wii,Bust-A-Move Bash,$4.92,$5.66
Wii,Scooby Doo and the Spooky Swamp,$13.41,$13.44
Wii,Angry Birds Star Wars,$4.82,$8.55
Wii,Green Day: Rock Band,$19.96,$27.99
Wii,Country Dance,$6.57,$7.67
Wii,Jeopardy,$5.99,$6.16
Wii,Punch-Out [Nintendo Selects],$34.75,$34.96
Wii,New Super Mario Bros. Wii [Not For Resale],$17.60,$20.37
Wii,Nintendo Wii Mini System [Mario Kart Bundle],$75.00,$129.36
Wii,Babysitting Mama,$5.98,$7.89
Wii,Dragon Ball Z Budokai Tenkaichi 3 [Bonus Disc Bundle],$67.43,$87.49
Wii,Guilty Party,$5.02,$7.35
Wii,Madden NFL 10,$3.04,$5.76
Wii,Michael Jackson: The Experience [Walmart Edition],$21.42,$21.46
Wii,The Beatles: Rock Band [Limited Edition],$249.97,$299.99
Wii,Thrillville Off The Rails,$3.51,$7.99
Wii,Cabela's Survival: Shadows Of Katmai,$4.39,$6.50
Wii,Pinball Hall of Fame: The Williams Collection,$6.07,$8.65
Wii,Skate It,$5.53,$8.29
Wii,Super Mario Galaxy 2 [Nintendo Selects],$19.74,$23.14
Wii,White Wii Remote Plus,$16.27,$20.18
Wii,El Chavo,$33.68,$34.58
Wii,Guitar Hero World Tour Wireless Drum Kit Controller,,
Wii,Peach Wii Remote Plus,$29.00,$40.35
Wii,Spiderman: Edge of Time,$14.60,$16.36
Wii,Tenchu Shadow Assassins,$8.45,$10.37
Wii,Gold's Gym Cardio Workout,$3.75,$6.62
Wii,Cabela's Big Game Hunter 2008,$3.97,$7.21
Wii,SSX Blur,$5.11,$6.95
Wii,"Sakura Wars: So Long, My Love",$49.45,$57.76
Wii,Cabela's Dangerous Hunts 2011,$4.70,$9.90
Wii,Little King's Story,$18.16,$24.54
Wii,NASCAR Kart Racing,$6.79,$9.29
Wii,One Piece Unlimited Adventure,$22.72,$51.16
Wii,Shiren the Wanderer,$49.01,$54.97
Wii,Spore Hero,$6.74,$7.53
Wii,Tomb Raider Anniversary,$8.50,$10.92
Wii,Cabela's Dangerous Hunts 2009,$3.86,$5.52
Wii,Endless Ocean: Blue World,$9.98,$15.13
Wii,My Personal Golf Trainer With IMG Academies and David Leadbetter,$10.44,$13.62
Wii,Resident Evil The Umbrella & Darkside Chronicles,$45.00,$84.34
Wii,Transformers: Revenge of the Fallen,$3.87,$7.93
Wii,Wii Sports Resort 1 Wii MotionPlus Bundle,$25.45,$44.65
Wii,The Biggest Loser,$2.97,$5.07
Wii,DJ Hero (game only),$5.99,$6.49
Wii,Destroy All Humans Big Willy Unleashed,$6.37,$7.75
Wii,EA Smarty Pants,$4.25,$5.24
Wii,Tiger Woods PGA Tour 12: The Masters,$21.99,$24.99
Wii,Deca Sports 3,$7.99,$8.96
Wii,Disney Pixar Up,$5.63,$7.83
Wii,Gold's Gym Dance Workout,$4.24,$5.27
Wii,Hello Kitty Seasons,$8.96,$9.48
Wii,Martian Panic [Gun Bundle],$23.46,$30.23
Wii,NHL Slapshot,$8.23,$9.93
Wii,AMF Bowling World Lanes,$7.31,$9.14
Wii,Cars,$8.03,$12.72
Wii,Cursed Mountain [Limited Edition],$50.00,$52.07
Wii,Dewy's Adventure,$7.00,$9.00
Wii,Hannah Montana Spotlight World Tour,$3.62,$5.70
Wii,I Spy: Spooky Mansion,$6.08,$7.92
Wii,Phineas and Ferb: Across the 2nd Dimension,$5.73,$6.46
Wii,Prince of Persia: The Forgotten Sands,$5.05,$7.98
Wii,Wacky Races Crash and Dash,$8.41,$12.80
Wii,Wii Zapper,$16.99,$28.61
Wii,Arcade Shooting Gallery Bundle,$20.46,$28.46
Wii,Big Beach Sports,$2.42,$3.70
Wii,EA Sports Active 2,$5.69,$10.05
Wii,Shrek's Carnival Craze,$4.95,$7.70
Wii,Transformers: Cybertron Adventures,$7.82,$9.85
Wii,Boogie,$2.02,$5.80
Wii,Disney Sing It,$3.01,$6.64
Wii,Mario Strikers Charged [Nintendo Selects],$14.35,$15.21
Wii,Resident Evil: The Darkside Chronicles [Gun Bundle],$97.24,$125.00
Wii,The Sims 2: Castaway,$8.23,$9.10
Wii,Blue Wii Remote Plus,$21.95,$23.64
Wii,Brunswick Pro Bowling,$7.92,$8.50
Wii,Aladdin Magic Racer,$7.99,$14.92
Wii,Pirates of the Caribbean At World`s End,$4.15,$6.47
Wii,Skyward Sword Wii Remote Plus,$49.72,$103.94
Wii,Tony Hawk Downhill Jam,$4.02,$5.76
Wii,Tony Hawk: Ride,$8.48,$9.72
Wii,Pictionary,$5.50,$5.70
Wii,Deer Drive,$4.43,$6.03
Wii,Final Fantasy Fables Chocobo's Dungeon,$9.80,$22.83
Wii,Karaoke Revolution: Glee,$4.77,$5.87
Wii,Madden 2008,$4.89,$5.96
Wii,Madden 2009 All-Play [Breast Cancer Slipcover],$238.46,$310.00
Wii,Mercury Meltdown Revolution,$4.72,$4.73
Wii,Mr. Bean's Wacky World,$75.00,$80.00
Wii,Need for Speed Undercover,$5.95,$8.00
Wii,Rock Band 3 Fender Mustang Guitar,$47.50,$143.42
Wii,A Boy and His Blob,$10.04,$12.97
Wii,Disney Sing It: Pop Hits,$2.87,$7.30
Wii,Dragon Blade Wrath Of Fire,$6.02,$6.79
Wii,Harry Potter and the Deathly Hallows: Part 1,$5.77,$7.52
Wii,Harvest Moon Magical Melody,$10.42,$13.25
Wii,Heavenly Guardian,$6.12,$6.50
Wii,Monster High: Ghoul Spirit,$5.29,$9.21
Wii,MySims Agents,$9.00,$9.45
Wii,Spiderman Friend or Foe,$9.30,$11.84
Wii,SpongeBob SquarePants Featuring Nicktoons Globs of Doom,$6.21,$8.12
Wii,Tornado Outbreak,$12.03,$19.99
Wii,Medieval Games,$3.97,$5.10
Wii,Marvel Super Hero Squad,$7.81,$8.99
Wii,Mushroom Men The Spore Wars,$10.40,$16.70
Wii,Wreck It Ralph,$5.99,$8.30
Wii,Escape From Bug Island,$15.40,$28.18
Wii,Barbie: Groom and Glam Pups,$7.49,$7.73
Wii,Drawn to Life: The Next Chapter,$3.98,$6.69
Wii,Guitar Hero: Van Halen,$23.51,$31.16
Wii,Harvey Birdman Attorney at Law,$7.22,$11.24
Wii,King of Clubs,$4.21,$6.94
Wii,My Fitness Coach,$3.29,$4.31
Wii,NBA Jam,$11.18,$14.57
Wii,Nintendo Wii Console [Mario Kart Bundle],$129.99,$183.51
Wii,SpongeBob's Boating Bash,$5.31,$6.07
Wii,Storage Tower,$42.91,$50.39
Wii,M&M's Beach Party,$5.02,$6.52
Wii,Ben 10 Protector of Earth,$4.99,$8.35
Wii,Far Cry Vengeance,$5.00,$8.72
Wii,MX vs ATV Untamed,$4.81,$6.09
Wii,Madagascar Kartz,$5.73,$8.43
Wii,Monopoly,$7.55,$9.05
Wii,Marvel Ultimate Alliance 2,$9.92,$11.80
Wii,Bomberman Land,$17.00,$20.04
Wii,Dragon's Lair Trilogy,$32.44,$40.00
Wii,Mad Dog McCree: Gunslinger Pack,$34.02,$37.35
Wii,Oregon Trail,$35.48,$37.28
Wii,Wall-E,$5.71,$8.06
Wii,Attack of the Movies 3D,$7.23,$8.65
Wii,Back to the Future,$24.99,$32.99
Wii,Kidz Sports Crazy Golf,$4.99,$7.62
Wii,Legend of Spyro Dawn of the Dragon,$12.47,$16.11
Wii,Ratatouille,$10.46,$11.50
Wii,Rec Room Games,$4.27,$5.36
Wii,SpongeBob's Truth or Square,$6.01,$7.99
Wii,Lost in Blue Shipwrecked,$8.32,$11.83
Wii,CSI Hard Evidence,$5.85,$6.57
Wii,Guilty Gear XX Accent Core Plus,$40.70,$53.29
Wii,Karaoke Revolution American Idol Encore 2,$3.75,$3.99
Wii,NERF N-Strike Elite,$4.81,$6.54
Wii,Space Chimps,$3.17,$7.65
Wii,SpongeBob's Atlantis SquarePantis,$7.70,$7.80
Wii,Wipeout 3,$5.65,$7.89
Wii,Guitar Hero World Tour Wireless Guitar Controller,$32.00,$142.84
Wii,Gold Wii Classic Controller Pro,$31.96,$41.55
Wii,"Barbie: Jet, Set & Style",$5.32,$7.95
Wii,Final Fantasy Crystal Chronicles: Echoes of Time,$8.50,$14.99
Wii,Hidden Mysteries: Titanic,$5.50,$7.31
Wii,Ultimate Board Game Collection,$4.97,$6.48
Wii,Cars Race-O-Rama,$8.08,$8.16
Wii,Harry Potter and the Order of the Phoenix,$6.60,$10.96
Wii,Monster Jam Urban Assault,$5.96,$9.18
Wii,Monster Trucks Mayhem,$3.00,$4.08
Wii,Phantom Brave: We Meet Again,$9.68,$20.15
Wii,SNK Arcade Classics Volume 1,$13.48,$14.62
Wii,Tron Evolution: Battle Grids,$4.43,$6.42
Wii,Wipeout 2,$3.97,$6.89
Wii,Battle of the Bands,$2.88,$3.75
Wii,Country Dance 2,$7.58,$7.71
Wii,DJ Hero [Turntable Bundle],$17.54,$21.91
Wii,"Go, Diego, Go: Great Dinosaur Rescue",$4.02,$5.81
Wii,Gunslingers,$33.49,$40.96
Wii,Happy Feet,$3.94,$5.27
Wii,Just Dance Greatest Hits,$20.47,$24.97
Wii,Super Monkey Ball: Step & Roll,$6.03,$8.38
Wii,The Price is Right: 2010 Edition,$8.37,$9.46
Wii,Zhu Zhu Pets 2: Featuring The Wild Bunch,$2.84,$7.52
Wii,007 GoldenEye [Gold Controller Bundle],$42.99,$49.99
Wii,Angry Birds Trilogy,$14.51,$14.99
Wii,Crash Mind Over Mutant,$11.32,$15.00
Wii,FIFA 09 All-Play,$4.96,$5.08
Wii,Family Party: 30 Great Games,$5.12,$6.73
Wii,Go Vacation,$12.00,$14.99
Wii,Hasbro Family Game Night 2,$6.26,$6.58
Wii,Littlest Pet Shop,$7.49,$9.11
Wii,Monster Jam: Path of Destruction,$6.99,$8.49
Wii,Six Flags Fun Park,$5.55,$7.48
Wii,WWE Smackdown vs. Raw 2011,$8.50,$10.20
Wii,Wii Play [Controller Bundle],$14.80,$19.90
Wii,Bowser Wii Remote Plus,$50.24,$64.92
Wii,Counter Force,$4.77,$7.13
Wii,Dance Dance Revolution,$9.86,$10.00
Wii,Family Feud Decades,$7.52,$9.18
Wii,Grand Slam Tennis,$7.85,$9.96
Wii,Guitar Hero Aerosmith [Bundle],$46.37,$72.47
Wii,Indianapolis 500 Legends,$4.06,$4.99
Wii,Just Dance 2019,$22.97,$26.50
Wii,Resident Evil Umbrella Chronicles Shot Blaster,$53.58,$114.99
Wii,Where's Waldo? The Fantastic Journey,$5.11,$7.14
Wii,Wonder World Amusement Park,$4.43,$5.80
Wii,Billy The Wizard,$2.22,$3.59
Wii,Black Wii Remote,$26.35,$26.53
Wii,Cocoto Kart Racer,$4.69,$7.13
Wii,Goosebumps HorrorLand,$8.72,$11.97
Wii,Legend of Spyro The Eternal Night,$11.90,$13.43
Wii,Super Swing Golf Season 2,$6.39,$11.21
Wii,Tomb Raider Underworld,$9.04,$9.99
Wii,uDraw Studio: Instant Artist,$2.87,$10.49
Wii,Dance Dance Revolution: Hottest Party 3,$8.26,$8.79
Wii,Guitar Hero World Tour [Guitar Kit],$65.32,$107.00
Wii,NCAA Football 09 All-Play,$6.82,$9.02
Wii,Naruto Clash of Ninja Revolution 2,$7.69,$11.39
Wii,Ocean Commander,$6.51,$6.81
Wii,Petz Dogz 2,$4.23,$4.41
Wii,Rock Band Country Track Pack,$9.95,$10.95
Wii,Skylanders Superchargers Racing,$8.49,$8.57
Wii,The Dog Island,$10.47,$17.68
Wii,Wipeout: Create & Crash,$6.93,$7.56
Wii,NHL 2K9,$3.78,$5.89
Wii,Action Girlz Racing,$4.59,$6.20
Wii,American Mensa Academy,$69.99,$71.48
Wii,Big League Sports,$4.82,$6.50
Wii,Calvin Tucker's Redneck Jamboree,$3.99,$5.19
Wii,Dancing with the Stars,$2.68,$5.32
Wii,Data East Arcade Classics,$31.99,$32.00
Wii,Death Jr Root of Evil,$12.58,$14.28
Wii,Harry Potter and the Half-Blood Prince,$6.47,$8.52
Wii,Intec 7” Wii Color Game Screen,$551.35,$904.05
Wii,The Incredible Hulk,$6.47,$9.95
Wii,Cabela's Big Game Hunter 2012,$5.34,$7.79
Wii,Despicable Me,$8.40,$10.28
Wii,Madden NFL 11,$3.62,$7.15
Wii,Netflix,$6.33,$8.05
Wii,Power Rangers Samurai,$5.22,$9.05
Wii,Rio,$5.13,$7.54
Wii,Sega Fun Pack - Sonic And The Secret Rings And Monkey Ball Banana Blitz,$115.38,$149.99
Wii,Splinter Cell Double Agent,$4.76,$6.06
Wii,Ultimate Band,$2.93,$5.79
Wii,Disney Sing It: Party Hits,$4.71,$6.18
Wii,Family Party: 30 Great Games Outdoor Fun,$3.75,$6.48
Wii,Medal of Honor Vanguard,$4.97,$7.69
Wii,Myth Makers Super Kart GP,$3.76,$8.51
Wii,Rune Factory: Tides of Destiny,$27.19,$38.00
Wii,WWE All Stars,$9.52,$12.38
Wii,Minute to Win It,$3.21,$5.93
Wii,Ultimate I Spy,$5.17,$5.44
Wii,Code Lyoko Quest for Infinity,$8.46,$11.00
Wii,Cruis'n,$8.99,$10.00
Wii,Hot Wheels: Track Attack,$7.99,$8.50
Wii,Jillian Michaels' Fitness Ultimatum 2010,$3.38,$4.41
Wii,Punch-Out [Controller Bundle],$136.42,$190.01
Wii,SimCity Creator,$4.97,$6.65
Wii,TV Show King Party,$6.99,$7.68
Wii,Tiger Woods 2007,$3.87,$5.10
Wii,Yoshi Wii Remote Plus,$35.97,$45.88
Wii,Broken Sword The Shadow of the Templars,$6.07,$8.20
Wii,Chuck E. Cheese's Sports Games,$35.03,$39.99
Wii,Dino Strike,$26.23,$37.09
Wii,Disney Infinity Starter Pack,$12.81,$16.65
Wii,Dora the Explorer Dora Saves the Snow Princess,$4.29,$5.36
Wii,FIFA 08,$4.94,$7.40
Wii,Family Feud: 2010 Edition,$6.33,$7.36
Wii,Green Lantern: Rise of the Manhunters,$5.06,$5.67
Wii,Iron Man 2,$5.00,$6.86
Wii,Just Dance 3 [Best Buy Edition],$6.35,$10.87
Wii,Let's Sing 2016,$31.10,$56.00
Wii,MySims Party,$4.00,$6.28
Wii,Nickelodeon Fit,$4.03,$8.00
Wii,Rock Band [Special Edition],$204.71,$216.30
Wii,SpongeBob SquarePants Creature from Krusty Krab,$5.87,$8.45
Wii,TMNT,$7.63,$8.38
Wii,Ultimate Shooting Collection,$20.90,$29.17
Wii,We Ski and Snowboard,$7.40,$11.31
Wii,Backyard Sports: Sandlot Sluggers,$5.23,$6.25
Wii,Balloon Pop,$2.99,$4.51
Wii,Boom Blox Bash Party,$6.59,$9.53
Wii,Build-A-Bear Workshop: A Friend Fur All Seasons,$3.62,$4.71
Wii,Disney Princess: My Fairytale Adventure,$11.36,$14.99
Wii,Geometry Wars Galaxies,$7.59,$9.85
Wii,Hasbro Family Game Night 4: The Game Show,$8.80,$8.95
Wii,Kidz Sports: Ice Hockey,$4.44,$6.00
Wii,Monster Hunter 3 Tri [Controller Bundle],$37.21,$45.27
Wii,My Fitness Coach 2 Exercise and Nutrition,$4.34,$4.80
Wii,New Super Mario Bros Wii [White Case],$17.80,$25.14
Wii,Raving Rabbids: Travel in Time,$7.46,$7.57
Wii,Table Tennis,$5.59,$7.99
Wii,The Princess and the Frog,$7.15,$10.00
Wii,The Smurfs 2,$4.57,$5.65
Wii,Toad Wii Remote Plus,$32.49,$50.37
Wii,Vertigo,$7.49,$8.24
Wii,Centipede: Infestation,$11.25,$13.09
Wii,Chronicles of Narnia Prince Caspian,$4.10,$7.19
Wii,Disney Sing It: Family Hits,$7.88,$8.03
Wii,FIFA 15: Legacy Edition,$13.99,$14.82
Wii,Hasbro Family Game Night Value Pack,$12.94,$19.02
Wii,Monkey King The Legend Begins,$5.50,$6.21
Wii,Rapala: We Fish,$4.54,$10.78
Wii,Tiger Woods PGA Tour 11,$7.94,$10.00
Wii,Yu-Gi-Oh 5D's Duel Transer,$11.44,$14.99
Wii,We Cheer,$3.66,$6.48
Wii,Super Swing Golf,$8.88,$9.29
Wii,Alvin And The Chipmunks The Game,$2.99,$6.94
Wii,Ben 10 Alien Force,$4.29,$5.93
Wii,Cabela's Monster Buck Hunter,$4.45,$7.39
Wii,Conduit 2,$16.06,$32.39
Wii,DJ Hero Renegade Edition,$49.99,$68.50
Wii,De Blob 2,$7.20,$7.97
Wii,Family Party: 90 Great Games Party Pack,$3.97,$5.71
Wii,Haunted House,$7.99,$8.70
Wii,Jeep Thrills,$3.85,$5.22
Wii,Kawasaki Quad Bikes,$3.67,$4.97
Wii,Madagascar Escape 2 Africa,$3.73,$6.50
Wii,Offroad Extreme [Special Edition],$2.99,$3.36
Wii,Press Your Luck: 2010 Edition,$10.67,$13.36
Wii,Rodea the Sky Soldier,$16.81,$50.00
Wii,SPRay,$6.42,$7.90
Wii,Surf's Up,$4.92,$6.99
Wii,Trivial Pursuit,$6.00,$6.61
Wii,Valhalla Knights: Eldar Saga,$9.63,$16.56
Wii,Just Dance 2 [Best Buy Edition],$4.65,$9.99
Wii,2 for 1 Power Pack Winter Blast & Summer Sports 2,$22.24,$28.98
Wii,Alice in Wonderland: The Movie,$6.53,$7.26
Wii,Army Men Soldiers of Misfortune,$3.96,$5.71
Wii,Barbie Horse Adventures: Riding Camp,$8.55,$12.84
Wii,Barnyard,$14.17,$17.27
Wii,Birthday Party Bash,$2.61,$4.01
Wii,Championship Foosball,$3.47,$6.99
Wii,Chuck E Cheese's Party Games,$11.92,$12.89
Wii,Crash of the Titans,$9.20,$10.39
Wii,Domino Rally,$6.15,$8.54
Wii,FIFA 14,$21.15,$25.26
Wii,Family Feud: 2012 Edition,$10.96,$12.86
Wii,Furu Furu Park,$4.56,$7.00
Wii,G-Force,$3.87,$4.01
Wii,Guitar Hero: Warriors Of Rock [Band Bundle],$329.94,$399.99
Wii,Harry Potter and the Deathly Hallows: Part 2,$8.09,$9.75
Wii,Hot Wheels Beat That,$6.30,$7.84
Wii,Kororinpa Marble Mania,$17.99,$18.55
Wii,Madden NFL 13,$9.10,$12.62
Wii,MegaMind: Mega Team Unite,$3.33,$5.84
Wii,Monsters vs. Aliens,$3.89,$6.90
Wii,NASCAR The Game 2011,$6.01,$7.99
Wii,Project Runway,$2.95,$4.36
Wii,The Bigs,$4.89,$6.39
Wii,WWE Smackdown vs. Raw 2010,$6.16,$9.97
Wii,Arctic Tale,$2.64,$5.44
Wii,Bigfoot Collision Course,$3.33,$5.99
Wii,Def Jam Rapstar,$5.06,$6.95
Wii,Driver Parallel Lines,$9.14,$10.00
Wii,"Go, Diego, Go: Safari Rescue",$5.07,$6.57
Wii,Guitar Hero 5 Wireless Guitar Controller,$38.99,$41.50
Wii,Help Wanted: 50 Wacky Jobs,$6.80,$10.13
Wii,King of Fighters Collection The Orochi Saga,$15.78,$16.35
Wii,Marble Saga Kororinpa,$13.12,$14.62
Wii,Movie Games,$2.99,$5.30
Wii,Myth Makers Orbs of Doom,$4.99,$5.11
Wii,Myth Makers Trixie in Toyland,$3.98,$7.57
Wii,Nicktoons Attack of the Toybots,$5.86,$7.43
Wii,Order Up,$15.42,$19.45
Wii,Rygar The Battle of Argus,$8.42,$13.53
Wii,Shaun White Snowboarding: World Stage,$2.89,$6.00
Wii,The Beatles: Rock Band Special Value Edition,$55.18,$129.74
Wii,The Munchables,$16.00,$20.40
Wii,WWE '12,$6.45,$9.45
Wii,Grim Adventures of Billy & Mandy,$14.08,$15.02
Wii,The Smurfs: Dance Party,$3.58,$6.20
Wii,Amazing Spiderman,$13.42,$14.00
Wii,Bakugan: Defenders of the Core,$4.75,$8.04
Wii,Beastly,$4.55,$5.95
Wii,Big Buck Hunter Pro,$14.37,$26.97
Wii,Captain America: Super Soldier,$8.79,$12.28
Wii,F1 2009,$24.83,$31.10
Wii,Igor The Game,$4.10,$4.69
Wii,MLB Superstars,$4.15,$6.40
Wii,Monkey Mischief Party Time,$3.81,$4.98
Wii,NBA 2K11,$5.42,$8.23
Wii,NBA Live 09 All-Play,$3.79,$5.96
Wii,Need For Speed: Hot Pursuit,$8.13,$9.37
Wii,Nicktoons MLB,$8.48,$9.26
Wii,Official Wii Component Video Cable,,
Wii,Puppy Luv,$4.18,$6.28
Wii,Rock Band Track Pack Volume 2,$8.49,$12.27
Wii,SCORE International Baja 1000,$7.00,$7.55
Wii,Samurai Shodown Anthology,$15.74,$17.20
Wii,Secret Files Tunguska,$10.00,$13.73
Wii,Tony Hawk Proving Ground,$4.99,$7.02
Wii,Worms A Space Oddity,$6.51,$8.78
Wii,Zumba Fitness Core,$5.42,$7.96
Wii,iCarly,$4.38,$4.99
Wii,Battle of Giants: Dinosaurs Strike,$10.99,$13.96
Wii,All-Star Cheer Squad,$2.51,$4.01
Wii,Alone in the Dark,$6.28,$10.38
Wii,Avatar The Burning Earth,$6.70,$7.79
Wii,Bass Pro Shops: The Hunt,$6.27,$7.87
Wii,Cabela's Adventure Camp,$6.15,$7.01
Wii,DJ Hero 2 [Turntable Bundle],$23.70,$29.20
Wii,Dance Dance Revolution II,$9.95,$11.23
Wii,Epic Mickey [Collector's Edition],$16.66,$45.43
Wii,Glacier 2,$5.65,$5.85
Wii,Gunslingers [Revolver Bundle],$99.44,$129.99
Wii,Kawasaki Jet Ski,$2.75,$6.00
Wii,Lucha Libre AAA: Heroes Del Ring,$19.99,$54.51
Wii,Madden NFL 12,$4.74,$8.12
Wii,Major League Baseball 2K10,$4.99,$6.01
Wii,Major League Baseball 2K8,$3.56,$7.80
Wii,Monster 4x4: Stunt Racer,$4.50,$6.61
Wii,NHL 2K10,$4.36,$6.65
Wii,Pacific Liberator,$4.06,$4.77
Wii,Ready 2 Rumble Revolution,$6.99,$8.22
Wii,Resident Evil The Umbrella Chronicles [Gun Bundle],$24.99,$24.99
Wii,Rock Band 2 Wireless Drum Set,$83.34,$194.78
Wii,Rock Band Storage Ottoman,,
Wii,Scene It? Twilight,$4.71,$7.10
Wii,Spy Fox in Dry Cereal,$6.59,$10.56
Wii,Tamagotchi Party On,$5.39,$6.88
Wii,Tatsunoko vs. Capcom: Ultimate All Stars Controller,$117.99,$162.57
Wii,Tony Hawk: Shred,$3.14,$7.00
Wii,X-Men: Destiny,$4.21,$7.63
Wii,Zelda Skyward Sword [Refurbished],$76.92,$99.99
Wii,Wii Remote [Pink],$15.43,$16.28
Wii,Madden 2007,$3.14,$5.90
Wii,Agatha Christie And Then There Were None,$5.33,$6.40
Wii,Anubis II,$6.00,$7.48
Wii,Are You Smarter Than A 5th Grader? Back to School,$4.57,$4.61
Wii,Are You Smarter Than A 5th Grader? Game Time,$3.58,$5.47
Wii,Band Hero Superbundle,$211.52,$253.67
Wii,Bass Pro Shops: The Strike,$5.79,$8.25
Wii,Bolt,$5.99,$6.99
Wii,Circus Games,$3.76,$5.82
Wii,Cranium Kabookii,$4.37,$6.31
Wii,Fantastic Four: Rise of the Silver Surfer,$4.12,$7.02
Wii,Fritz Chess,$55.09,$70.65
Wii,Guinness World Records The Video Game,$2.29,$5.78
Wii,Happy Feet Two,$3.05,$4.83
Wii,Hooked,$4.85,$5.59
Wii,I Spy Game Pack: Ultimate and Spooky Mansion,$7.99,$12.10
Wii,Iron Chef America Supreme Cuisine,$3.69,$5.61
Wii,Kamen Rider: Dragon Knight,$19.99,$39.33
Wii,Martian Panic,$6.28,$9.61
Wii,Mini Ninjas,$6.69,$10.94
Wii,Mortimer Beckett and the Secrets of Spooky Manor,$5.38,$7.35
Wii,Need For Speed: The Run,$7.68,$9.11
Wii,New Carnival Games,$7.68,$8.22
Wii,Ninjabread Man,$8.18,$9.01
Wii,Our House: Party,$6.99,$8.97
Wii,PopStar Guitar,$4.99,$5.07
Wii,Power Punch,$14.72,$21.33
Wii,Sesame Street: Elmo's A-To-Zoo Adventure,$4.73,$6.98
Wii,Shimano Xtreme Fishing,$6.16,$7.83
Wii,Sid Meier's Pirates!,$8.26,$9.65
Wii,The Golden Compass,$2.66,$5.98
Wii,The Price Is Right Decades,$9.90,$10.00
Wii,Turbo: Super Stunt Squad,$6.18,$8.31
Wii,Vegas Party,$4.06,$5.64
Wii,Wii Speak,$16.44,$18.21
Wii,Wild Earth African Safari,$3.54,$4.99
Wii,Yogi Bear,$9.08,$9.99
Wii,Konami Dance Pad,$12.86,
Wii,White Wii Classic Controller Pro,$13.91,$20.17
Wii,Legend of the Guardians: The Owls of Ga'Hoole,$5.21,$6.98
Wii,Skylander's Giants Starter Pack,$4.74,$43.08
Wii,SpongeBob SquarePants: Plankton's Robotic Revenge,$7.82,$9.17
Wii,AC/DC Live Rock Band Track Pack,$8.51,$8.73
Wii,Academy of Champions Soccer,$5.71,$6.43
Wii,Avatar the Last Airbender,$6.26,$8.62
Wii,Balls of Fury,$4.82,$4.85
Wii,Cabela's Trophy Bucks,$5.17,$7.06
Wii,Chaotic: Shadow Warriors,$4.35,$5.29
Wii,Dance Dance Revolution: Hottest Party 3 [Bundle],$15.44,$30.21
Wii,Dora the Explorer: Dora Saves the Crystal Kingdom,$4.03,$5.46
Wii,Ferrari Challenge,$4.06,$7.94
Wii,G.I. Joe: The Rise of Cobra,$5.93,$7.16
Wii,Ghost Recon,$6.25,$9.04
Wii,Guitar Hero World Tour [Dual Guitar],$184.99,$300.00
Wii,Guitar Hero: Warriors of Rock [Super Bundle],$138.52,$230.20
Wii,JumpStart Pet Rescue,$4.99,$7.17
Wii,JumpStart: Crazy Karts,$7.96,$8.83
Wii,Legend of the Dragon,$4.85,$6.33
Wii,Lord of the Rings: Aragorn's Quest,$5.99,$10.62
Wii,Maximum Racing: Super Karts,$20.00,$29.77
Wii,Meet the Robinsons,$6.33,$7.98
Wii,Monopoly Streets,$7.79,$8.50
Wii,Monster High: Skultimate Roller Maze,$3.98,$10.16
Wii,Monster Lab,$7.00,$8.21
Wii,NPPL Championship Paintball 2009,$3.75,$4.75
Wii,Naruto Shippuden: Dragon Blade Chronicles,$10.10,$12.29
Wii,New Super Mario Bros. Wii [Refurbished],$51.63,$99.99
Wii,Petz Sports,$2.07,$7.71
Wii,Phineas & Ferb: Quest for Cool Stuff,$8.85,$11.40
Wii,Raving Rabbids Party Collection,$15.87,$19.99
Wii,Real Heroes: Firefighter,$4.79,$6.29
Wii,Rock Band 2 Bundle,$252.43,$305.00
Wii,Sam & Max Season Two: Beyond Time and Space,$8.18,$8.44
Wii,Sim Animals Africa,$4.71,$7.47
Wii,The Bigs 2,$7.31,$8.23
Wii,The Sims 2: Pets,$5.99,$7.85
Wii,The Sky Crawlers: Innocent Aces,$12.44,$14.07
Wii,WWE Smackdown vs. Raw 2009,$6.76,$6.97
Wii,Who Wants To Be A Millionaire,$4.49,$5.50
Wii,Wicked Monsters Blast,$28.20,$45.60
Wii,Wii Nunchuk [Black],$5.69,$11.25
Wii,Wii Sports [Refurbished],$76.92,$99.99
Wii,You Don't Know Jack,$7.99,$8.99
Wii,Okami [Misprint],$10.55,$13.78
Wii,FaceBreaker K.O. Party,$5.00,$8.00
Wii,Skylanders Swap Force: Starter Pack,$9.16,$9.96
Wii,Are You Smarter Than A 5th Grader? Make the Grade,$4.83,$4.85
Wii,Astro Boy: The Video Game,$5.63,$5.97
Wii,Barbie as the Island Princess,$5.02,$7.99
Wii,Bit.Trip Complete,$29.99,$55.64
Wii,Bratz: The Movie,$9.93,$10.59
Wii,Buck Fever,$5.11,$5.99
Wii,Charm Girls Club: Pajama Party,$3.96,$4.46
Wii,Dance Dance Revolution Hottest Party [Bundle],$22.31,$25.99
Wii,FlingSmash [Controller Bundle],$12.40,$26.25
Wii,Gallop and Ride,$4.12,$6.41
Wii,Generator Rex: Agent of Providence,$5.34,$5.89
Wii,Hasbro Family Game Night Fun Pack,$16.16,$22.21
Wii,How to Train Your Dragon,$9.95,$12.22
Wii,Imagine: Fashion Party,$3.24,$3.85
Wii,Kung Fu Panda: Legendary Warriors,$4.38,$7.24
Wii,Major Minor's Majestic March,$4.67,$6.55
Wii,Monopoly Collection,$10.20,$16.31
Wii,Monster Jam,$8.37,$10.99
Wii,NBA Live 2008,$3.25,$6.00
Wii,Ninja Reflex,$4.39,$6.49
Wii,North American Hunting Extravaganza,$4.64,$6.78
Wii,Pink Wii Remote MotionPlus Bundle,$13.85,$18.00
Wii,Pirates: Hunt for Blackbeard's Booty,$4.13,$5.37
Wii,Puss In Boots,$4.01,$7.31
Wii,Red Wii Remote Plus,$25.99,$33.79
Wii,Ringling Bros. and Barnum & Bailey Circus,$5.04,$5.16
Wii,Rock Band Track Pack: Metal,$10.08,$14.87
Wii,Rubik's World,$3.62,$6.49
Wii,Showtime Championship Boxing,$4.39,$7.62
Wii,Ski-Doo Snowmobile Challenge,$6.96,$7.43
Wii,Skylanders: Spyro's Adventure Starter Pack,$7.70,$46.16
Wii,The Garfield Show: Threat of the Space Lasagna,$7.44,$9.69
Wii,The Spiderwick Chronicles,$5.29,$7.48
Wii,Thor: God of Thunder,$5.44,$6.45
Wii,Tony Hawk: Ride [Bundle],$24.49,$29.74
Wii,Twin Strike Operation Thunder,$5.26,$6.37
Wii,Victorious: Taking The Lead,$2.88,$5.93
Wii,Water Sports,$6.04,$8.47
Wii,World of Zoo,$5.99,$7.67
Wii,Hollywood Squares,$4.28,$7.60
Wii,Black Wii MotionPlus Adapter,$11.14,$11.95
Wii,Sea Monsters Prehistoric Adventure,$3.54,$7.66
Wii,Dreamworks Super Star Kartz,$7.31,$11.03
Wii,Nintendo Wii Sport Resort Pack Console Black,$67.00,$90.00
Wii,Animal Crossing City Folk [Wii Speak Bundle],$21.60,$30.74
Wii,Barbie and the Three Musketeers,$7.60,$8.95
Wii,Ben 10: Ultimate Alien Cosmic Destruction,$8.98,$9.99
Wii,Beyblade: Metal Fusion Battle Fortress,$9.02,$10.18
Wii,Chicken Little Ace In Action,$4.63,$6.14
Wii,Donkey Kong Country Returns [Nintendo Selects],$9.99,$11.20
Wii,Driver: San Francisco,$9.95,$13.83
Wii,Fishing Master,$5.52,$8.47
Wii,Fishing Resort [Rod Bundle],$129.23,$180.00
Wii,Greg Hastings Paintball 2,$4.95,$6.45
Wii,Guitar Hero III: Legends Of Rock [Special Edition Bundle],$223.07,$289.99
Wii,Hell's Kitchen,$9.00,$12.38
Wii,Ice Age 2 The Meltdown,$5.72,$7.29
Wii,JumpStart: Escape from Adventure Island,$8.70,$8.77
Wii,Jurassic: The Hunted,$13.38,$15.81
Wii,MLB Power Pros 2008,$13.02,$17.05
Wii,Marines: Modern Urban Combat,$5.00,$8.58
Wii,Mathews Bowhunting,$5.03,$7.44
Wii,Mini Desktop Racing,$3.92,$4.35
Wii,NASCAR Unleashed,$6.19,$8.29
Wii,NHL 2K11,$5.99,$9.09
Wii,North American Hunting 2,$4.97,$7.90
Wii,Petz Horsez 2,$4.78,$6.00
Wii,Puzzle Quest Challenge of the Warlords,$3.76,$8.88
Wii,Rock Band Track Pack: Classic Rock,$13.40,$16.60
Wii,Rock Band Wireless Guitar,$45.16,$66.48
Wii,Survivor,$9.27,$11.34
Wii,Tony Hawk: Shred [Skateboard Bundle],$27.49,$27.99
Wii,Transformers: Dark of the Moon Stealth Force Edition,$4.84,$5.40
Wii,Ultimate Duck Hunting,$4.70,$8.25
Wii,Vacation Isle: Beach Party,$3.88,$5.90
Wii,Worms: Battle Islands,$9.04,$11.99
Wii,Yu-Gi-Oh 5D's Wheelie Breakers,$13.84,$24.99
Wii,PDP Tron Collectors Edition Wireless Controller,$100.13,
Wii,Cate West: The Vanishing Files,$6.39,$8.96
Wii,Nintendo Wii Console [Head-To-Head Mario Bundle],$384.61,$499.99
Wii,NDEV Wii Development Kit,$650.00,$915.12
Wii,RVT-R Reader,$415.09,$539.66
Wii,101-in-1 Sports Party Megamix,$15.26,$16.96
Wii,2 for 1 Power Pack Kawasaki Jet Ski & Summer Sports 2,$22.30,$30.11
Wii,2 for 1 Power Pack WWII Aces & Indianapolis 500 Legends,$38.77,$53.99
Wii,Adventures of Tintin: The Game,$7.42,$9.82
Wii,Animal Crossing City Folk [Nintendo Selects],$20.57,$25.60
Wii,Arcade Shooting Gallery,$7.94,$8.54
Wii,Cabela's North American Adventures [Gun Bundle],$12.55,$35.03
Wii,Crayola Colorful Journey,$2.77,$6.38
Wii,Dance Dance Revolution: Disney Grooves,$10.93,$12.09
Wii,Don King Boxing,$6.35,$7.58
Wii,Drawsome Games,$8.00,$12.47
Wii,FIFA Soccer 10,$4.95,$5.40
Wii,Food Network: Cook or Be Cooked,$6.00,$7.18
Wii,George of the Jungle and the Search for the Secret,$3.59,$5.02
Wii,Grease,$4.99,$5.22
Wii,Heatseeker,$5.32,$5.78
Wii,Hot Wheels: Battle Force 5,$4.62,$7.63
Wii,Jambo! Safari Animal Rescue,$9.99,$13.68
Wii,Karaoke Revolution Glee Vol 3,$7.47,$7.77
Wii,Kawasaki Snowmobiles,$3.44,$4.01
Wii,Kid Adventures: Sky Captain,$4.99,$7.99
Wii,Kidz Sports: Crazy Mini Golf 2,$6.26,$8.99
Wii,Little League World Series Double Play,$15.99,$16.41
Wii,Littlest Pet Shop Friends,$7.95,$9.41
Wii,Madagascar 3,$5.27,$7.31
Wii,My Horse and Me,$7.73,$7.92
Wii,Mystery Case Files: The Malgrave Incident,$6.97,$8.99
Wii,Petz Catz 2,$6.62,$9.41
Wii,Planet 51,$4.92,$6.89
Wii,Reload Target Down,$12.50,$12.51
Wii,Remington Great American Bird Hunt,$6.66,$8.67
Wii,Skylanders Giants Wii Console Bundle,$100.00,$150.00
Wii,Tak and the Guardians of Gross,$6.94,$7.74
Wii,The Kore Gang,$16.49,$18.31
Wii,Top Spin 3,$4.67,$6.89
Wii,Truth or Lies,$3.70,$5.31
Wii,WWE '13,$9.99,$12.50
Wii,Wii Nunchuck Pink,$4.46,$6.87
Wii,Zumba Fitness World Party,$5.59,$6.99
Wii,uDraw GameTablet [uDraw Studio: Instant Artist],$13.49,$14.25
Wii,Nintendo Wii Just Dance 4 Bundle,$113.61,$126.39
Wii,Wii HD Component Cable,$19.17,$29.98
Wii,Little League World Series Baseball 2008,$7.63,$9.38
Wii,The Amazing Race,$4.28,$6.56
Wii,Alvin and The Chipmunks: The Squeakquel,$3.97,$5.11
Wii,Arcade Zone,$8.73,$10.87
Wii,Backyard Football,$5.20,$8.13
Wii,Bee Movie Game,$5.45,$6.64
Wii,Blast Works Build Trade Destroy,$4.79,$7.09
Wii,Block Party,$2.94,$4.67
Wii,Boogie SuperStar [Bundle],$4.56,$8.95
Wii,Boogie Superstar,$4.95,$6.67
Wii,Brave The Video Game,$3.37,$7.50
Wii,Cabela's Big Game Hunter 2012 [Gun Bundle],$32.60,$34.99
Wii,Cabela's Dangerous Hunts 2011 [Special Edition],$3.95,$6.70
Wii,Cabela's Dangerous Hunts 2013,$5.95,$6.43
Wii,Cabela's Outdoor Adventures 2010,$6.94,$7.24
Wii,Cake Mania In The Mix,$6.18,$7.85
Wii,Cloudy with a Chance of Meatballs,$6.70,$7.87
Wii,Dance Dance Revolution Hottest Party 2 [Bundle],$12.93,$20.50
Wii,Dancing With The Stars We Dance,$3.36,$6.07
Wii,Disney Channel All Star Party,$5.20,$6.57
Wii,Disney Planes,$7.43,$8.99
Wii,Disney Princess: Enchanted Journey & Tangled,$46.66,$64.99
Wii,Dream Pinball 3D,$6.42,$6.50
Wii,Family Party: 30 Great Games Winter Fun,$6.20,$7.49
Wii,GTI Club Supermini Festa,$24.49,$29.99
Wii,Go Play Circus Star,$1.82,$2.47
Wii,Guitar Hero III & Guitar Hero Aerosmith Dual Pack,$29.99,$34.50
Wii,Just Dance: Disney Party 2,$12.43,$15.45
Wii,Karaoke Revolution,$7.00,$7.89
Wii,LEGO Batman The Videogame [Silver Shield],$14.99,$16.48
Wii,Let's Tap,$6.28,$8.49
Wii,Luxor 3,$3.13,$4.20
Wii,Maximum Racing: Super Truck Racer,$23.99,$70.00
Wii,NBA 2K13,$9.90,$11.15
Wii,Neighborhood Games,$3.08,$6.36
Wii,Nitrobike,$6.66,$6.88
Wii,Octomania,$7.00,$8.10
Wii,Overlord: Dark Legend,$7.93,$12.11
Wii,PBR Out of the Chute,$5.00,$6.13
Wii,Petz Rescue Wildlife Vet,$5.49,$6.88
Wii,Pirate Blast,$5.58,$10.99
Wii,Pitfall The Big Adventure,$9.90,$9.93
Wii,Reel Fishing: Angler's Dream,$5.83,$6.42
Wii,Remington Super Slam Hunting Africa,$6.87,$10.14
Wii,Remington Super Slam Hunting: Alaska,$9.91,$9.95
Wii,Saint,$4.34,$6.94
Wii,Samurai Warriors Katana,$8.94,$12.50
Wii,Sengoku Basara: Samurai Heroes,$15.99,$24.99
Wii,Shrek the Third,$5.29,$6.08
Wii,Spy Games Elevator Mission,$2.83,$4.99
Wii,Squeeballs Party,$3.92,$7.36
Wii,Summer Sports 2 Island Sports Party,$6.57,$6.69
Wii,Top Shot Arcade,$9.18,$11.76
Wii,We Love Golf,$8.07,$10.95
Wii,Wii Nunchuk [Gold Club Nintendo],$41.97,$59.36
Wii,Your Shape [Bundle],$5.97,$10.29
Wii,Zelda Skyward Sword [Not for Resale],$114.27,$157.50
Wii,Tony Hawk Ride [Bundle Walmart],,
Wii,Yoga,$5.82,$10.00
Wii,Wii AC Adapter,$3.25,$8.39
Wii,MLB Power Pros,$9.20,$10.99
Wii,Where the Wild Things Are,$3.90,$5.26
Wii,iCarly 2: iJoin the Click,$4.84,$6.15
Wii,Action Replay,$11.75,$34.36
Wii,All-Star Karate,$5.88,$6.73
Wii,Animal Kingdom: Wildlife Expedition,$4.99,$6.35
Wii,Backyard Baseball 09,$4.67,$8.12
Wii,Ben 10: Alien Force: Vilgax Attacks,$5.57,$8.09
Wii,Biggest Loser Challenge,$4.75,$5.68
Wii,Cabela's African Adventures,$7.48,$8.43
Wii,Cabela's North American Adventures,$6.67,$9.49
Wii,Cartoon Network: Punch Time Explosion,$14.95,$19.99
Wii,Crazy Machines,$12.45,$23.94
Wii,Create,$4.62,$7.99
Wii,DJ Hero 2,$6.63,$6.96
Wii,Daisy Fuentes Pilates,$4.97,$5.59
Wii,Dave Mirra BMX Challenge,$4.60,$7.51
Wii,Deal Or No Deal [2011 Special Edition],$7.16,$9.95
Wii,Dora's Big Birthday Adventure,$4.73,$6.35
Wii,Endless Ocean: Blue World [Controller Bundle],$23.33,$32.47
Wii,Family Party: Fitness Fun,$5.51,$8.48
Wii,Ford Racing Off Road,$4.38,$4.47
Wii,Geon Cube,$4.85,$7.90
Wii,Grey's Anatomy The Video Game,$19.35,$25.31
Wii,Guitar Hero: Warriors of Rock [Guitar Bundle],$98.60,$130.00
Wii,History Channel Battle For the Pacific,$6.40,$7.07
Wii,Hooked Again,$4.65,$5.47
Wii,Kidz Sports Basketball,$4.06,$5.99
Wii,Let's Paint,$2.99,$5.99
Wii,Madden NFL 11 [Breast Cancer],$43.33,$65.00
Wii,Marvel Super Hero Squad: The Infinity Gauntlet,$6.74,$7.19
Wii,Maximum Racing: GP Classic Racing,$9.50,$11.55
Wii,Mountain Sports,$4.30,$7.99
Wii,MySims SkyHeroes,$3.49,$4.27
Wii,NERF N-Strike [Double Blast Bundle],$6.92,$16.50
Wii,NewU Fitness First Mind Body Yoga & Pilates Workout,$11.91,$13.87
Wii,"Ni Hao, Kai-lan: Super Game Day",$4.97,$6.64
Wii,Paws & Claws Pet Resort,$5.12,$9.89
Wii,Pinball Hall of Fame: The Gottlieb Collection,$7.00,$11.87
Wii,Pop'N Music,$6.99,$12.01
Wii,Pro Evolution Soccer 2008,$4.69,$6.57
Wii,Rise Of The Guardians,$5.43,$7.50
Wii,Shrek Forever After,$6.00,$7.02
Wii,Skate City Heroes,$3.55,$8.31
Wii,Summer Athletics The Ultimate Challenge,$3.54,$4.88
Wii,TNA Impact,$4.76,$4.76
Wii,Think Fast,$3.99,$7.20
Wii,Thinksmart Family,$4.32,$4.60
Wii,Triple Crown Snowboarding,$4.81,$7.15
Wii,Walk it Out,$8.48,$10.00
Wii,We Sing UK HIts,$4.91,$6.19
Wii,Wii Play Motion [Black Wii Remote Bundle],$22.45,$44.97
Wii,World Party Games,$4.38,$6.83
Wii,uDraw GameTablet [uDraw Studio],$16.82,$21.86
Wii,The Beatles Rock Band Wireless Gretsch Duo-Jet Guitar Controller,$199.99,$259.99
Wii,Bakugan Battle Brawlers [Walmart],$8.33,$12.50
Wii,Guitar Hero III Legends of Rock [Not For Resale],$14.49,$14.97
Wii,Battle Rage,$4.00,$6.15
Wii,Sesame Street: Cookie's Counting Carnival,$5.05,$6.18
Wii,007 GoldenEye [Walmart Gold Controller Bundle],$34.76,$61.00
Wii,2010 FIFA World Cup South Africa,$3.47,$7.06
Wii,Army Rescue,$3.03,$6.04
Wii,Backyard Football 09,$6.77,$7.62
Wii,Barbie: Dreamhouse Party,$9.82,$11.99
Wii,Bass Pro Shops The Hunt Trophy Showdown,$9.91,$11.34
Wii,Ben 10: Galactic Racing,$3.88,$5.41
Wii,Brunswick Cosmic Bowling,$9.99,$11.00
Wii,Cabela's Big Game Hunter 2010 [Gun Bundle],$25.36,$35.91
Wii,Conduit 2 [Limited Edition],$29.95,$31.05
Wii,Cooking Mama 2 Pack,$19.16,$25.19
Wii,Dance Sensation,$3.41,$7.93
Wii,Deal or No Deal: Special Edition,$7.27,$7.90
Wii,Deer Drive Legends,$8.50,$27.00
Wii,Disney Sing It High School Musical 3,$4.99,$6.79
Wii,Emergency Heroes,$5.60,$8.41
Wii,Guitar Hero 5 [Guitar Bundle],$70.53,$129.35
Wii,Harley-Davidson: Road Trip,$6.28,$7.91
Wii,Jewel Quest Trilogy,$7.40,$8.87
Wii,Jumper,$3.82,$3.90
Wii,Just Dance Kids 2014,$6.48,$7.51
Wii,Karaoke Revolution: Glee 2,$6.19,$8.07
Wii,Kidz Sports International Soccer,$4.93,$6.28
Wii,Little League World Series Baseball 2009,$13.99,$15.66
Wii,Monster Trux Arenas,$4.50,$4.96
Wii,NBA 2K12,$5.63,$5.95
Wii,No More Heroes Red Steel,$19.70,$27.71
Wii,Open Season,$5.00,$9.02
Wii,Pirates vs. Ninjas Dodgeball,$4.49,$5.53
Wii,Racquet Sports,$9.96,$10.09
Wii,Rango: The Video Game,$6.48,$7.98
Wii,Rock 'n Roll Adventures,$3.44,$5.70
Wii,Rock Band 3 Keyboard Bundle,$18.52,$39.49
Wii,Rock Band 3 Wireless Pro-Drum And Pro-Cymbals Kit,$98.21,$127.67
Wii,Sing4: The Hits Edition with Mic,$8.99,$11.70
Wii,The Daring Game for Girls,$4.81,$6.24
Wii,The Destiny of Zorro,$4.43,$8.00
Wii,The Tale of Despereaux,$4.00,$5.54
Wii,Tiger Woods PGA Tour 10 [MotionPlus Bundle],$10.49,$18.04
Wii,Ultimate Party Challenge,$5.85,$9.98
Wii,Vacation Sports,$6.15,$7.25
Wii,Virtua Tennis 2009,$5.47,$6.91
Wii,Wheel of Fortune and Jeopardy,$14.99,$18.26
Wii,Wii Sports Resort 2 Wii MotionPlus Bundle,$29.99,$31.45
Wii,WordJong Party,$6.25,$6.99
Wii,Bandai Namco Dance Pad,$20.00,$26.00
Wii,Wii Wheel Black,$10.00,$17.93
Wii,Dodge Racing: Charger vs. Challenger,$7.86,$8.34
Wii,Alvin & Chipmunks: Chipwrecked,$3.18,$6.90
Wii,Bionicle Heroes,$6.97,$8.78
Wii,Brave: A Warrior's Tale,$5.44,$7.88
Wii,CSI: Crime Scene Investigation: Deadly Intent,$5.21,$7.75
Wii,Candace Kane's Candy Factory,$3.55,$5.72
Wii,Cocoto Magic Circus,$5.26,$6.73
Wii,Cosmic Family,$4.89,$5.81
Wii,DJ Hero Stand-Alone Turntable,,
Wii,Dance Dance Revolution II Bundle,$5.00,$29.99
Wii,Dawn of Discovery,$9.99,$11.82
Wii,Deca Sports [Fan Favorites],$3.82,$7.68
Wii,Emergency Mayhem,$5.00,$8.67
Wii,Gremlins Gizmo,$9.22,$15.83
Wii,Guilty Gear XX Accent Core,$16.19,$20.48
Wii,Hannah Montana: The Movie,$3.91,$5.77
Wii,Heavy Fire: Afghanistan,$11.27,$12.00
Wii,High School Musical 3 Senior Year Dance,$2.78,$5.21
Wii,Ice Age: Dawn of the Dinosaurs,$4.49,$7.69
Wii,Imagine Party Babyz,$5.17,$5.93
Wii,Impossible Mission,$3.33,$7.99
Wii,Jelly Belly: Ballistic Beans,$4.83,$6.76
Wii,London Taxi Rush Hour,$5.61,$7.89
Wii,M&M's Adventure,$7.89,$11.52
Wii,Margot's Word Brain,$4.41,$5.00
Wii,Mini Golf Resort,$14.23,$15.08
Wii,MySims Racing,$4.30,$6.48
Wii,NBA 2K10,$5.67,$5.78
Wii,Neopets Puzzle Adventure,$3.68,$5.02
Wii,New Play Control: Pikmin [Refurbished],,
Wii,Offshore Tycoon,$2.99,$4.94
Wii,Oops! Prank Party,$8.60,$10.99
Wii,Outdoor Action Double Pack,$7.88,$10.99
Wii,Penny Racers Party Turbo-Q Speedway,$2.15,$9.99
Wii,Professor Heinz Wolff's Gravity,$7.67,$7.69
Wii,Rooms: The Main Building,$8.30,$10.18
Wii,Samurai Warriors 3,$11.18,$13.48
Wii,Shaun White Skateboarding,$3.80,$6.52
Wii,Skylanders Trap Team: Starter Pack,$24.95,$39.50
Wii,The Conduit [Special Edition],$12.59,$13.93
Wii,TrackMania: Build to Race,$12.53,$14.33
Wii,World Series of Poker Tournament of Champions 2007,$4.26,$4.69
Wii,Merv Griffin's Crosswords,$4.56,$4.69
Wii,Cabela's Hunting Expedition,$5.41,$5.81
Wii,ATV Quad Kings,$3.00,$5.00
Wii,Abba You Can Dance,$7.61,$11.00
Wii,Active Life Magical Carnival [with Mat],$12.27,$20.00
Wii,Active Life: Explorer,$6.29,$7.57
Wii,Active Life: Extreme Challenge,$5.82,$6.99
Wii,Alien Monster Bowling League,$5.99,$8.81
Wii,Aliens in the Attic,$6.49,$6.99
Wii,All Star Cheer Squad 2,$2.87,$5.25
Wii,Avatar the Last Airbender Into the Inferno,$7.90,$11.99
Wii,Balance Board Rechargeable Battery Pack,$9.83,$11.76
Wii,Bass Pro Shops: The Strike with Fishing Rod,$34.17,$39.93
Wii,Big Buck Hunter Pro Gun Bundle,$72.99,$73.50
Wii,Black Wii Remote MotionPlus Bundle,$12.50,$19.94
Wii,Bratz Kidz,$6.19,$9.35
Wii,Bratz: Girlz Really Rock!,$8.09,$10.00
Wii,Brothers in Arms Double Time,$4.81,$6.25
Wii,Cabela's Dangerous Hunts 2011 [Gun Bundle],$34.99,$45.99
Wii,Cabela's Legendary Adventures,$3.59,$8.64
Wii,Casper Scare School: Spooky Sports Day,$4.38,$9.87
Wii,Celebrity Sports Showdown,$3.76,$5.35
Wii,Chuck E Cheese's Super Collection,$35.82,$37.18
Wii,Cid the Dummy,$7.49,$8.50
Wii,Cold Stone Creamery: Scoop It Up,$4.10,$6.23
Wii,Colt's Wild West Shootout,$8.79,$13.16
Wii,Cradle of Rome,$5.99,$7.41
Wii,Cruise Ship Vacation Games,$4.53,$7.14
Wii,Cyberbike Cycling Sports,$69.99,$105.00
Wii,Dance Dance Revolution: Disney Grooves [Bundle],$46.15,$59.99
Wii,Dance On Broadway,$5.52,$6.67
Wii,Defendin' de Penguin,$3.23,$4.74
Wii,Disney Princess: Enchanting Storybooks,$3.11,$7.95
Wii,Dream Dance & Cheer,$4.27,$5.88
Wii,EA Sports Active Bundle,$10.31,$20.08
Wii,EA Sports Active: More Workouts,$4.73,$5.02
Wii,Epic Mickey Power Of Two Paintbrush,$23.07,$26.49
Wii,FIFA Soccer 11,$3.85,$5.99
Wii,FIFA Soccer 12,$7.65,$8.26
Wii,Family Game Show,$3.30,$7.22
Wii,Fishing Master World Tour,$8.30,$9.25
Wii,Guitar Hero World Tour [Band Kit],$175.00,$267.29
Wii,Gummy Bears Magic Medallion,$5.43,$6.15
Wii,HAWX 2,$6.57,$8.24
Wii,Heathcliff: The Fast and The Furriest,$4.13,$4.99
Wii,Horse Life Adventures,$7.11,$9.59
Wii,How to Train Your Dragon 2,$10.49,$14.32
Wii,Hyper Fighters,$8.94,$9.75
Wii,Jaws: Ultimate Predator,$12.41,$16.05
Wii,Jenga,$3.78,$4.40
Wii,Jimmie Johnson's Anything with an Engine,$5.27,$6.86
Wii,Junior League Sports,$3.99,$5.45
Wii,Just Dance 3 [Target Edition],$8.00,$8.06
Wii,Karaoke Revolution American Idol Encore Bundle,$6.18,$7.57
Wii,Karaoke Revolution American Idol Encore [Game Only],$8.68,$11.28
Wii,Kart Racer,$4.91,$7.01
Wii,Kevin VanDam's Big Bass Challenge,$6.49,$8.55
Wii,Kid Fit: Island Resort,$4.31,$6.71
Wii,Kidz Bop Dance Party! The Video Game,$4.72,$5.96
Wii,Kung Fu Panda,$5.63,$7.25
Wii,Major League Baseball 2K11,$6.23,$7.99
Wii,Major League Baseball 2K12,$6.22,$11.03
Wii,Maximum Racing: Crash Car Racer,$13.74,$16.99
Wii,Maximum Racing: Drag & Stock Racer,$12.98,$15.39
Wii,Mini-Golf: King of Clubs,$4.30,$6.06
Wii,Monster High: New Ghoul in School,$18.33,$21.27
Wii,My Baby First Steps,$4.28,$5.29
Wii,My Word Coach,$4.17,$5.34
Wii,NASCAR The Game: Inside Line,$9.55,$9.91
Wii,NHL Slapshot [Bundle],$15.03,$31.24
Wii,Nancy Drew The White Wolf of Icicle Creek,$9.97,$12.91
Wii,Nickelodeon Dance,$5.17,$8.39
Wii,Night at the Museum Battle of the Smithsonian,$6.00,$7.71
Wii,Pajama Sam: Don't Fear the Dark,$9.50,$14.25
Wii,Penguins of Madagascar: Dr. Blowhole Returns,$6.98,$8.49
Wii,Petz Crazy Monkeyz,$3.49,$5.62
Wii,Pirates Plund-Arrr,$9.04,$11.86
Wii,Pizza Delivery Boy,$6.99,$8.98
Wii,Purr Pals,$5.02,$8.28
Wii,Puzzler Collection,$4.67,$6.74
Wii,Rapala Fishing Frenzy,$3.69,$7.44
Wii,Rapala Pro Bass Fishing 2010,$6.85,$7.50
Wii,Reader Rabbit Preschool,$19.53,$20.25
Wii,Red Steel 2 [MotionPlus Bundle],$14.47,$22.49
Wii,Rock Band Country Track Pack 2,$19.27,$19.99
Wii,Rock Band Track Pack Volume 1,$10.07,$10.08
Wii,Rolling Stone: Drum King,$6.99,$7.99
Wii,Roogoo Twisted Towers,$5.82,$5.95
Wii,Sam & Max Season One,$12.99,$15.00
Wii,Satisfashion,$5.00,$6.00
Wii,Scooby Doo and the Spooky Swamp [Silver Shield],$12.98,$16.87
Wii,Shawn Johnson Gymnastics,$3.99,$3.99
Wii,Sim Animals,$5.89,$7.99
Wii,Ski and Shoot,$4.25,$5.35
Wii,Skylanders SuperChargers: Dark Edition Starter Pack,$44.89,$58.56
Wii,Sled Shred,$4.66,$5.79
Wii,Space Camp,$3.88,$6.87
Wii,SpongeBob SquigglePants,$5.95,$7.46
Wii,Spyborgs,$10.28,$12.77
Wii,Star Trek Conquest,$9.89,$10.95
Wii,Super Smash Bros. Brawl [Fighting Game of the Year],$12.99,$18.15
Wii,Sushi Go Round,$2.66,$6.03
Wii,Swords,$5.75,$11.99
Wii,"The $1,000,000 Pyramid",$9.82,$10.97
Wii,The Croods: Prehistoric Party,$7.00,$7.99
Wii,The Last Airbender,$6.07,$8.17
Wii,The Mummy Tomb of the Dragon Emperor,$5.59,$7.47
Wii,The Naked Brothers Band,$3.55,$4.72
Wii,The Secret Saturdays: Beasts of The 5th Sun,$3.64,$6.51
Wii,Thrustmaster Ubisoft Steering Wheel [Black],$6.15,$8.00
Wii,Tony Hawk: Shred Skateboard,$24.18,$33.30
Wii,Top Shot: Dinosaur Hunter,$12.85,$15.19
Wii,Tournament of Legends,$5.81,$6.10
Wii,Transformers: Prime,$9.79,$15.95
Wii,Transformers: Ultimate Battle Edition,$8.50,$8.79
Wii,Trivial Pursuit: Bet You Know It,$6.27,$6.91
Wii,Victorious Boxers Revolution,$11.43,$13.49
Wii,Wacky World Of Sports,$8.69,$10.73
Wii,We Cheer 2,$4.48,$7.01
Wii,Wicked Monsters Blast [Limited Edition Bundle],$78.22,$78.85
Wii,Wii Sports Resort [Not For Resale],$34.21,$34.99
Wii,Winter Blast: 9 Snow & Ice Games,$5.24,$6.32
Wii,Winter Sports 2 The Next Challenge,$3.32,$5.55
Wii,Winter Stars,$3.95,$4.23
Wii,Yamaha Supercross,$5.79,$7.28
Wii,Your Shape,$3.48,$4.60
Wii,Zumba Fitness 2 [Bundle],$9.68,$14.99
Wii,iCarly [Pillowcase Bundle],$44.54,$66.81
Wii,Wii Ultra Sensor Bar,$11.50,$14.96
Wii,LEGO Build & Play Remote,$37.50,$120.00
Wii,Rock Candy Wii Remote [Pink],$15.00,$19.50
Wii,ExerBeat,$11.42,$11.53
Wii,Nintendo Wii System [Mario Kart White Bundle ],$50.00,$75.00
Wii,Dood's Big Adventure,$3.10,$7.18
Wii,Wii Sensor Bar,$7.43,$18.99
Wii,MiniCopter Adventure Flight,$6.11,$6.97
Wii,10 Minute Solution,$4.97,$6.00
Wii,Agatha Christie Evil Under the Sun,$8.91,$9.00
Wii,Around the World In 50 Games,$4.80,$9.12
Wii,Backyard Baseball '10,$7.11,$8.38
Wii,Backyard Football '10,$5.28,$8.88
Wii,Backyard Sports: Rookie Rush,$3.50,$4.46
Wii,Baseball Blast!,$6.64,$7.22
Wii,Bermuda Triangle: Saving the Coral,$3.95,$9.29
Wii,Big Beach Sports 2,$5.87,$7.73
Wii,Big League Sports: Summer,$3.58,$5.90
Wii,Burger Island,$7.66,$7.94
Wii,Cabela's Monster Buck Hunter [Gun Bundle],$19.99,$27.93
Wii,Canada Hunt,$4.40,$7.23
Wii,Champion Jockey: G1 Jockey & Gallop Racer,$17.97,$19.99
Wii,Chrysler Classic Racing,$4.79,$7.50
Wii,DJ Hero 2 [Party Bundle],$24.76,$94.50
Wii,Deadliest Catch: Sea of Chaos,$3.94,$6.05
Wii,Deepak Chopra: Leela,$5.71,$8.13
Wii,Dirt 2,$6.01,$7.33
Wii,Disney Sing It: Party Hits [Micrphone Bundle],$12.11,$17.38
Wii,Free Running,$12.52,$12.85
Wii,Get Fit With Mel B,$17.28,$21.23
Wii,Go Play City Sports,$4.83,$5.80
Wii,Go Play Lumberjacks,$4.79,$7.99
Wii,Groovin' Blocks,$6.56,$6.95
Wii,Gummy Bears Minigolf,$5.56,$5.99
Wii,Hysteria Hospital: Emergency Ward,$6.43,$8.59
Wii,JaJa's Adventure,$4.79,$16.14
Wii,Karaoke Revolution Glee Vol 3 Bundle,$16.86,$23.44
Wii,Kung Fu Panda 2,$5.43,$5.99
Wii,Line Rider 2 Unbound,$2.42,$5.30
Wii,Major League Baseball 2K9,$4.04,$7.56
Wii,Marvel Super Hero Squad: Comic Combat,$6.40,$8.97
Wii,Men In Black: Alien Crisis,$6.19,$6.39
Wii,Monster 4X4,$3.25,$5.21
Wii,My Horse & Me: Riding for Gold,$14.85,$20.00
Wii,MySims Collection,$9.31,$12.24
Wii,Perfect Shot,$23.62,$24.94
Wii,Petz Horse Club,$6.77,$7.05
Wii,Pool Party,$3.55,$7.97
Wii,Pro Evolution Soccer 2012,$5.14,$5.99
Wii,Ram Racing,$12.47,$16.94
Wii,Rapala: We Fish with Fishing Rod,$20.37,$28.64
Wii,Rig Racer 2,$5.40,$5.45
Wii,Rogue Trooper: The Quartz Zone Massacre,$10.26,$13.13
Wii,Safecracker The Ultimate Puzzle Adventure,$6.80,$8.00
Wii,Scene It? Bright Lights! Big Screen!,$4.34,$7.88
Wii,Sleepover Party,$3.74,$7.04
Wii,Sonic and the Secret Rings [Target Edition],$10.34,$18.99
Wii,Speed,$8.36,$9.73
Wii,The Island of Dr. Frankenstein,$6.79,$8.37
Wii,Ultimate Duck Hunting 2009,$7.00,$7.03
Wii,Virtua Tennis 4,$7.78,$7.85
Wii,We Wish You A Merry Christmas,$12.95,$15.22
Wii,Wii System [Just Dance 3 Bundle],$43.00,$385.00
Wii,Wild West Shootout with Gun,$6.76,$8.79
Wii,Wii AV Cable,$6.14,$7.41
Wii,Wii Lan Adapter,$18.16,$19.85
Wii,10 Minute Solution [Fitness Accessory Pack],$11.62,$15.10
Wii,AC/DC Live Rock Band Track Pack [Fan Pack],,
Wii,AC/DC Live: Rock Band Fan Pack,$15.00,$22.50
Wii,ATV Quad Kings Bundle,$5.69,$9.73
Wii,Active Life Magical Carnival,$6.90,$10.00
Wii,Active Life: Explorer [Mat Bundle],$18.45,$18.45
Wii,Alone in the Dark [Soundtrack Edition],$8.26,$11.51
Wii,America's Next Top Model,$9.26,$12.13
Wii,Ant Bully,$3.29,$7.99
Wii,Bakugan Battle Brawlers [Toys R Us],$9.23,$12.00
Wii,"Barbie: Jet, Set, & Style [Little Orbit]",,
Wii,Bass Fishing [Rod Bundle],$28.35,$39.50
Wii,Bass Pro Shops The Hunt Trophy Showdown [Gun Bundle],$30.99,$32.97
Wii,Bass Pro Shops The Hunt [Gun Bundle],$30.00,$32.50
Wii,Bass Pro Shops: The Strike: Tournament Edition,$9.79,$11.41
Wii,Bass Pro Shops: The Strike: Tournament Edition [Bundle],$29.04,$49.49
Wii,Battleship,$6.89,$8.78
Wii,Battleship [Movie Cash],,
Wii,Beach Fun: Summer Challenge,$3.99,$5.05
Wii,Ben 10: Omniverse,$4.65,$7.39
Wii,Ben 10: Omniverse 2,$6.99,$8.07
Wii,Big Beach Sports 1 and 2 [Double Pack],$16.49,$22.95
Wii,Big Time Rush Dance Party,$8.26,$10.84
Wii,Bigfoot: King of Crush,$5.97,$11.28
Wii,Boot Camp,$6.72,$7.17
Wii,Build-A-Bear Workshop: Friendship Valley,$4.26,$6.99
Wii,Burger Bot,$8.10,$10.50
Wii,Busy Scissors,$3.81,$7.95
Wii,CSI: Fatal Conspiracy,$5.00,$8.42
Wii,Cabela's African Adventures [Gun Bundle],$17.99,$35.00
Wii,Cabela's Big Game Hunter 2012 [Limited Edition 2 Pack],$43.91,$59.99
Wii,Cabela's Dangerous Hunts 2013 [Gun Bundle],$25.85,$36.00
Wii,Cabela's Hunting Expeditions [Limited Edition],$25.65,$45.36
Wii,Cabela's North American Adventures [Gun Bundle + Bonus Pack],$30.07,$34.99
Wii,Cabela's Survival: Shadows Of Katmai [Gun Bundle],$8.00,$28.95
Wii,Cages: Pro Style Batting Practice,$10.36,$13.99
Wii,Calling [Not For Resale],$26.66,$40.00
Wii,Calvin Tucker's Redneck Farm Animal Racing Tournament,$5.09,$8.42
Wii,Cars 2 Racing Wheel,$11.48,$14.92
Wii,Cars 2 Racing Wheel [Finn McMissile],,
Wii,Cars Race-o-Rama [Wheel Bundle],$57.44,$80.00
Wii,Chaotic: Shadow Warrior [Walmart],$8.25,$11.49
Wii,Chevrolet Camaro: Wild Ride,$5.82,$6.98
Wii,Chicken Blaster Bundle,$13.07,$17.02
Wii,Chicken Riot,$14.93,$17.08
Wii,Chicken Shoot Bundle,$20.89,$20.89
Wii,City Builder,$7.93,$10.97
Wii,Classic British Motor Racing,$5.90,$5.91
Wii,Cook Wars,$7.99,$8.82
Wii,Country Dance [Walmart Exclusive],$4.62,$6.00
Wii,Crazy Chicken Tales,$8.33,$12.15
Wii,DJ Hero 2 [Not For Resale],$9.13,$11.87
Wii,DJ Hero White Stand-Alone Turntable,,
Wii,Dance Dance Revolution [Bundle],$23.20,$27.09
Wii,Deca Sports 2 [Fan Favorites],$3.84,$4.99
Wii,Deca Sports 2 [Not For Resale],,
Wii,Deca Sports [Not For Resale],,
Wii,Deer Drive Gun Bundle,$10.50,$15.58
Wii,Def Jam Rapstar [Microphone Bundle],$9.04,$12.97
Wii,Disney Sing It High School Musical 3 [Bundle],$9.36,$15.61
Wii,Disney Sing It [Microphone Bundle],$8.88,$15.65
Wii,Disney Sing It: Family Hits with Microphone,$19.81,$24.99
Wii,Disney Sing It: Pop Hits with Microphone,$11.49,$15.35
Wii,Diva Girls: Divas On Ice,$2.25,$6.71
Wii,Doctor Fizzwhizzle's Animal Rescue,$3.99,$4.28
Wii,Drawsome Tablet,$8.63,$12.49
Wii,Dream Salon,$5.00,$6.87
Wii,Dreamworks Super Star Kartz with Wheel,$8.95,$12.44
Wii,EA Sports Active: Bracelet,$0.88,$1.32
Wii,EA Sports Tennis Racket,,
Wii,Epic Mickey Power of Two Clicker,$43.07,$45.57
Wii,Escape the Museum,$6.63,$7.70
Wii,Excitebots: Trick Racing [Refurbished],,
Wii,Excitebots: Trick Racing [Wheel Bundle],$36.17,$47.00
Wii,FIFA Soccer 13,$8.03,$8.99
Wii,Family Fun Football,$2.18,$5.67
Wii,Fantasy Aquarium World,$6.74,$7.20
Wii,Fast Food Panic,$7.13,$9.96
Wii,Fit in Six,$6.74,$7.32
Wii,Fit in Six Camera Bundle,$8.98,$13.39
Wii,FlatOut,$7.23,$13.59
Wii,Flip's Twisted World,$8.70,$11.58
Wii,Frag Master,,
Wii,Freddi Fish Kelp Seed Mystery,$10.93,$15.59
Wii,Freeloader,$29.71,$31.00
Wii,GameCube Controller Adapter,,
Wii,Gem Smashers,$6.98,$6.99
Wii,Get Up And Dance,$8.45,$8.98
Wii,Glacier 3 The Meltdown [Cardboard Sleeve],,
Wii,Glacier 3: The Meltdown,$5.63,$6.00
Wii,Goosebumps Horrorland [Bonus Book],,
Wii,Green Wii Remote Protector,,
Wii,Guitar Hero Aerosmith [Special Edition],$44.14,$61.49
Wii,Guitar Hero Controller,$60.00,$69.36
Wii,Hall of Fame Ultimate Hoops Challenge,$5.79,$6.39
Wii,Harley Pasternak Hollywood Workout,$2.72,$7.38
Wii,Harley-Davidson: Road Trip [Motorcycle RhinoBar],$43.32,$64.98
Wii,Hell's Kitchen [GameStop],,
Wii,High School Musical Sing It Bundle,$3.08,$23.00
Wii,Honda ATV Fever,$4.87,$4.88
Wii,Hotel For Dogs,$4.80,$6.49
Wii,I Love Horses: Rider's Paradise,$6.00,$6.97
Wii,I Spy: Two Games In One,,
Wii,Ice Age: Continental Drift Arctic Games,$5.60,$6.04
Wii,Insigna Wii Remote Charger,,
Wii,Insten Wireless Sensor Bar,,
Wii,Intec Racing Wheel Black,,
Wii,Intec Ultimate Action Pack,$14.47,$18.81
Wii,Intec White Wii Remote,,
Wii,Jeep Thrills [Bundle],,
Wii,Jerry Rice & Nitus' Dog Football,$6.59,$10.00
Wii,JumpStart: Get Moving Family Fitness,$5.68,$6.85
Wii,Just Dance 2015 [Bonus Wii Remote Plus],$33.87,$50.81
Wii,Just Dance 2015 [Nintendo Selects],$9.58,$10.55
Wii,Karaoke Joysound,$11.96,$12.26
Wii,Karaoke Joysound Bundle (1 mic),,
Wii,Karaoke Revolution American Idol Encore 2 [Bundle],$8.99,$17.75
Wii,Karaoke Revolution: Glee 2 [Microphone Bundle],$10.39,$16.70
Wii,Karaoke Revolution: Glee [Microphone Bundle],$7.14,$15.99
Wii,Kevin VanDam's Big Bass Challenge [Cardboard Sleeve],$7.23,$9.40
Wii,Kevin VanDam's Big Bass Challenge [Fishing Rod Bundle],$11.48,$14.93
Wii,Kirby's Epic Yarn [Refurbished],,
Wii,LEGO Batman 2 DC Super Heroes [DVD Bundle],,
Wii,LEGO Batman: Play & Collect,$40.00,$60.00
Wii,LEGO Harry Potter: Years 1-4 [Collector's Edition],$12.00,$15.54
Wii,LEGO Harry Potter: Years 1-4 [Silver Shield],$10.00,$11.47
Wii,LEGO Star Wars III: The Clone Wars [Figure Bundle],$5.46,$14.99
Wii,Le Conte De Despereaux,,
Wii,Let's Dance,$9.34,$13.79
Wii,Let's Play Ballerina,$5.61,$6.92
Wii,Let's Play Garden,$5.43,$7.32
Wii,Let's Tap [Best Buy Limited Edition],$6.67,$9.34
Wii,Living the Game With Wii and Activision,$1.91,$2.87
Wii,Logitech Wireless Guitar,,
Wii,Louisville Slugger Bat,$9.96,$14.95
Wii,Luxor Pharaoh's Challenge,$5.65,$6.89
Wii,Mad Catz GameShark GameSaves & Media Manager,,
Wii,Mad Catz Universal AV Cable,,
Wii,Madagascar Kartz [Wheel Bundle],$14.99,$17.30
Wii,Man vs. Wild,$4.70,$7.99
Wii,Marble Saga Kororinpa [Demo Disc Not For Resale],,
Wii,Mario Kart Wii [Refurbished],$26.59,$26.59
Wii,Mario Kart Wii [Wheel Bundle Refurbished],,
Wii,Martian Panic [Cardboard Sleeve],$7.68,$9.99
Wii,Marvel Super Hero Squad [Walmart],$9.22,$11.99
Wii,Memorex Racing Wheel,,
Wii,Metroid Prime Trilogy [Refurbished],,
Wii,Metroid: Other M [Refurbished],,
Wii,Midi Pro-Adapter,$35.00,$45.50
Wii,Monster 4x4: Stunt Racer with Racing Wheel,$6.79,$9.43
Wii,Monster High: 13 Wishes,$9.50,$9.94
Wii,Monster Hunter 3 Tri [Demo Disc],$5.51,$7.27
Wii,Monster Jam: Path of Destruction with Wheel,$17.94,$17.97
Wii,Monster Mayhem: Build and Battle,$4.07,$8.65
Wii,Monster Trucks Mayhem with Racing Wheel,$5.25,$5.54
Wii,Monster Trux Offroad,$4.61,$5.55
Wii,MotoGP,$6.64,$9.00
Wii,Muramasa: The Demon Blade [Demo Disc Not For Resale],,
Wii,My Arcade Gamepad Classics Wireless Controller,$6.99,$8.09
Wii,My Arcade Super Gamepad Wireless Controller,$5.00,$7.50
Wii,My Ballet Studio,$4.87,$8.50
Wii,NCIS,$6.42,$9.54
Wii,NERF N-Strike Elite [Bundle],$22.49,$24.50
Wii,NHL Slapshot Hockey Stick,$25.00,$25.99
Wii,NHL Slapshot [Limited Edition],$30.50,$39.80
Wii,NPPL Championship Paintball 2009 [Gun Bundle],$17.95,$24.99
Wii,NYKO Kama Wireless Nunchuk,$14.99,$19.49
Wii,Naruto Shippuden Clash of Ninja Revolution 3 [Limited Edition],$19.02,$26.50
Wii,Nat Geo Challenge Wild Life,$4.88,$7.00
Wii,National Geographic Challenge,$5.44,$9.01
Wii,"Nerf Tennis Racket, Golf Club, & Baseball Bat",,
Wii,New Carnival Games [Slip Cover],,
Wii,New Play Control: Mario Power Tennis [Refurbished],,
Wii,NiGHTS: Journey Of Dreams Behind The Scenes DVD,$8.33,$12.50
Wii,Nickelodeon Dance 2,$5.00,$7.47
Wii,Nintendo Wii Mini System [Pikmin 2 Bundle],,
Wii,Nintendo Wii [Buckingham Palace 24K Gold],$29.04,$56.02
Wii,Nyko Blue Wii Nunchuk,,
Wii,Nyko Charge Station,$12.31,$14.75
Wii,Nyko HD Link,,
Wii,Nyko White Wii Nunchuk,,
Wii,Nyko Wireless Sensor Bar,$7.31,$58.00
Wii,Once Upon a Time,$6.65,$13.00
Wii,PDC World Championship Darts 2008,$13.86,$18.14
Wii,Paintbrush Controller,$34.99,$35.47
Wii,Party Pigs: Farmyard Games,$3.90,$6.41
Wii,Paws & Claws Pet Vet,$4.99,$7.09
Wii,Penguins of Madagascar,$11.95,$15.51
Wii,Perfect Shot [Gold],,
Wii,Pet Pals: Animal Doctor,$6.97,$8.22
Wii,Pheasants Forever Wingshooter,$6.65,$8.65
Wii,Pimp My Ride,$5.85,$6.21
Wii,Planes: Fire & Rescue,$15.97,$17.50
Wii,Playmobil Circus,$8.44,$10.63
Wii,Points Card with Glove [Black],,
Wii,Pony Friends 2,$9.97,$13.58
Wii,Pool Hall Pro,$12.16,$13.15
Wii,PowerA Star Wars: The Force Unleashed II Darth Vader Light-Up Lightsaber,$8.84,$13.27
Wii,Princess Isabella: A Witch's Curse,$10.96,$12.99
Wii,Pro Evolution Soccer 2009,$6.50,$6.70
Wii,Pro Evolution Soccer 2010,$3.99,$8.99
Wii,Pro Evolution Soccer 2011,$6.79,$7.49
Wii,Pro Evolution Soccer 2013,$7.40,$7.58
Wii,Punch-Out [Refurbished],,
Wii,Puzzle Challenge Crosswords and More,$3.53,$5.57
Wii,Puzzle Kingdoms,$4.99,$7.39
Wii,Rabbids Go Home [Gamestop],$9.06,$12.73
Wii,Racquet Sports with Camera,$8.30,$12.05
Wii,Rapala Pro Bass Fishing 2010 (Fishing Rod Bundle),$26.50,$29.77
Wii,Reader Rabbit 1st Grade,$12.99,$17.99
Wii,Reader Rabbit 2nd Grade,$13.49,$19.20
Wii,Reader Rabbit Kindergarten,$15.37,$18.99
Wii,Rebel Raiders Operation Nighthawk,$5.07,$6.99
Wii,Reel Fishing: Angler's Dream [Fishing Rod Bundle],$37.25,$37.25
Wii,Remington Great American Bird Hunt and Shimano Xtreme Fishing Dual Pack,$8.00,$10.40
Wii,Remington Great American Bird Hunt with Blaster,$14.70,$16.55
Wii,Remington Super Slam Hunting: North America,$8.03,$9.30
Wii,Rock Band 2 Wireless Guitar,$29.40,$84.38
Wii,Rock Blast,$5.64,$6.85
Wii,Rock Candy Wii Nunchuck [Green],,
Wii,Rock Candy Wii Remote [Green],,
Wii,Rodea The Sky Soldier [Not For Resale],,
Wii,Rudolph The Red-Nosed Reindeer [Plush Toy Bundle],$33.33,$50.00
Wii,Safari Adventures: Africa,$3.85,$5.09
Wii,Safe Cracker,$7.40,$9.62
Wii,Samba Samba Maracas,$17.17,$19.99
Wii,Santa Claus Is Coming To Town,$10.60,$10.64
Wii,Science Papa,$4.85,$5.86
Wii,Sega Super Star Tennis Competition Pack,,
Wii,Sesame Street: Elmo's A-To-Zoo Adventure [Not for Resale],$10.45,$13.59
Wii,Sesame Street: Elmo's Musical Monsterpiece,$6.32,$7.17
Wii,"Sesame Street: Ready, Set, Grover!",$6.50,$8.32
Wii,Shaun White Snowboarding Road Trip [Target Edition],$4.75,$5.83
Wii,Skylanders Superchargers Racing Dark Edition Starter Pack,$55.95,$79.41
Wii,Skylanders Swap Force [Dark Edition],$50.93,$89.99
Wii,Skylanders Trap Team Dark Edition: Starter Pack,$9.49,$18.51
Wii,Skylanders Trap Team [Super Bundle Pack],$29.83,$30.08
Wii,Skylanders Wii Pro Pack Mini [Orange],,
Wii,Skylanders: SuperChargers Racing [Starter Pack],,
Wii,Solitaire & Mahjong,$6.16,$8.18
Wii,Spectrobes: Origins [Bonus Code Input Card & Novel],$26.92,$35.00
Wii,Speed Racer: The Videogame [Movie Ticket Bundle],,
Wii,Speed with Wheel,$3.66,$5.76
Wii,SpeedZone,$9.52,$13.77
Wii,Story Hour Adventures,$3.99,$5.99
Wii,Story Hour Fairy Tales,$5.01,$5.25
Wii,Storybook Workshop,$5.70,$8.56
Wii,Summer Stars 2012,$4.86,$6.61
Wii,Super Famicom Classic Controller,$14.00,$21.00
Wii,Super Fruit Fall,$3.99,$6.11
Wii,Super Mario All-Stars [Refurbished],,
Wii,Super Mario Galaxy 2 [Refurbished],,
Wii,Super Mario Toad Wii Wheel,,
Wii,Super PickUps,$3.99,$4.15
Wii,Supersonic Racer,$10.63,$13.69
Wii,Team Elimination Games,$4.37,$7.43
Wii,Ten Pin Alley 2,$4.31,$5.76
Wii,The Hardy Boys: The Hidden Theft,$9.99,$13.08
Wii,The House Of The Dead: Overkill [Hand Cannon Bundle],$65.38,$85.00
Wii,The Last Airbender [Toys R Us],$9.68,$13.48
Wii,The Voice with Microphone,$9.74,$13.44
Wii,The Voice: I Want You,$6.74,$10.24
Wii,Think: Logic Trainer,$5.10,$6.43
Wii,Top Shot Arcade [Gun Bundle],$33.20,$49.99
Wii,Top Shot Arcade [Limited Edition 2 Pack],$35.47,$64.97
Wii,Top Shot Elite Gun,$34.09,$37.50
Wii,Top Shot: Dinosaur Hunter [Gun Bundle],$31.31,$42.47
Wii,Top Spin 4,$7.34,$8.22
Wii,Totally Spies! Totally Party,$6.80,$14.95
Wii,Tournament Pool,$8.61,$9.91
Wii,Toy Story 3 [Toys R Us],$22.73,$29.44
Wii,Transformers: Dark Of The Moon Stealth Force Edition [Toy Bundle],$11.58,$17.38
Wii,Tron Evolution: Battle Grids [Championship Edition],$9.99,$9.99
Wii,Truck Racer,$6.51,$7.68
Wii,UDraw Game Tablet [White],$5.99,$7.99
Wii,UDraw GameTablet Gift Pack [SpongeBob SquigglePants Bundle],,
Wii,UFC Personal Trainer,$5.97,$8.32
Wii,Universal HD Component Cables,$13.71,$17.82
Wii,Violetta,$13.48,$20.22
Wii,WWE '12 [Sin Cara Edition],,
Wii,WWE Smackdown Vs. Raw 2011 [En Espanol],,
Wii,We Sing 80s with One Microphone,$17.04,$23.85
Wii,We Sing Pop,$9.68,$12.43
Wii,Wheel of Fortune [Nordic Games],$10.99,$11.69
Wii,Wii Accessory Pack,$21.99,$23.99
Wii,Wii Controller Jutec,,
Wii,Wii Deluxe Game Traveler,$22.60,$23.00
Wii,Wii Fit Plus [Not For Resale],,
Wii,Wii Game And Console Tower Black,,
Wii,Wii Game Traveler,,
Wii,Wii Games And Console Tower White,,
Wii,Wii Gun Controller Holder,,
Wii,Wii Lens Cleaning Kit,$44.62,$46.31
Wii,Wii Nunchuk [Blue],$12.99,$16.89
Wii,Wii Nunchuk [Red],$13.05,$16.97
Wii,Wii Party [Controller Bundle],$81.49,$113.50
Wii,Wii Power Cord,$15.51,$20.16
Wii,Wii Remote Carry Bag,,
Wii,Wii Remote Holder [Club Nintendo],$13.38,$17.39
Wii,Wii Sports Resort 1 Wii MotionPlus Bundle [Refurbished],,
Wii,Wii Sports Resort [Refurbished],,
Wii,Wii To HDMI USB Adapter,,
Wii,Wing Island,$7.67,$7.72
Wii,Winter Sports 3: The Great Tournament,$6.49,$8.90
Wii,World Championship Athletics,$6.11,$7.05
Wii,World Championship Poker All In,$5.66,$7.36
Wii,Wreck-It Ralph [Blu-Ray Combo Pack],,
Wii,Your New Best Friend Puppy Luv,,
Wii,Zhu Zhu Pets 2: Featuring The Wild Bunch Limited Edition,$4.33,$5.99
Wii,Zoo Hospital,$4.52,$7.48
Wii,Zumba Fitness: Core [Bundle],$12.30,$15.99
Wii,Zumba Kids,$4.83,$5.26
Wii,uDraw Game Tablet [Black],$9.00,$10.32
Wii,uDraw GameTablet Gift Pack,$8.48,$11.03
Wii,Essentials Kit,,
Wii,Remote Faceplates,,
Wii,Skylanders Giants Portal Of Power,$12.00,$12.99
Wii,Portal Of Power - Swap Force,$11.00,$14.30
Wii,EA Sports Active Accessory Pack,$7.61,$10.00
Wii,Glove Kit [Purple & Pink],,
Wii,Rock Band 3 Wireless Keyboard,$24.99,$34.51
Wii,Epic Mickey [Not for Resale],$61.00,$79.30
Wii,Disney Infinity Portal,$10.68,
Wii,Wireless Portal Of Power,$18.82,$22.18
Wii,Sports Pack 8 in 1 for Wii Sports Resort,$17.97,$32.73
Wii,Storage Tower Zig-Zag,,
Wii,Nyko Power Adaptor,,
Wii,Energy Pak,$14.30,$17.19
Wii,Front Man Wireless Guitar,,
Wii,PowerA Sensor Bar Holder [Darth Vader],,
Wii,Official Wii Wireless Ultra Sensor Bar,,
Wii,Speed Force Wireless,$37.25,$39.44
Wii,Country Dance [Demo],,
Wii,Neo Fit Bag,,
Wii,Lady Fitness 3 In 1 Comfort Starter Kit,$24.99,$32.49
Wii,3 In 1 Comfort Starter Kit,,
Wii,EA Sports Active 2 Push Up Bars,,
Wii,Wii Glo Sword,$15.00,$19.50
Wii,Logitech Cordless Keyboard,$29.32,$41.72
Wii,Wii Fit Starter Kit [Pelican],,
Wii,Big Town Shoot Out [White & Blue Blaster Pack],,
Wii,Headbanger Chat Headset,,
Wii,Storage Tower Flux,,
Wii,6ft Component Video Cable,$3.00,$4.50
Wii,Points Card 2000,$2.83,$4.25
Wii,Blue Light Charge Station,$6.20,$7.77
Wii,Big Oversized Super Shell [Yellow],$14.95,$19.44
Wii,Energizer 4x Charging System,,
Wii,AJ & Aly Guitar,,
Wii,Rock Candy Wii Remote [Blue],$10.00,$13.00
Wii,Rock Candy Wii Nunchuck [Blue],,
Wii,Bakugan Battle Brawlers [with DVD],$7.68,$9.98
Wii,EA Sports Active 2 [Game Only],,
Wii,EA Sports Active More Workouts [Game Only],$5.32,$7.98
Wii,Jillian Michaels' Fitness Ultimatum 2011,$4.02,$6.10
Wii,Nintendo Wii Special Value Edition System,,
Wii,Classic Turbo GameCube Controller,,
Wii,Nintendo Wii Black New Super Mario Bundle,$80.50,$119.70
Wii,Avatar: The Game [Limited Edition],$66.68,$89.95
Wii,Bass Pro Shops: Outdoor Mega Pack,$60.17,$78.28
Wii,ATV Quad Kings [Cardboard Sleeve],,
Wii,GT Pro Series [Racing Wheel Bundle],$5.29,$8.10
Wii,The Smurfs Dance Party [Toys R Us],,
Wii,The Smurfs Dance Party [Walmart Edition],,
Wii,Shaun White Snowboarding: World Stage [Target Edition],$2.00,$2.00
Wii,Nexxtech Ultimate Intercooler Fan,,
Wii,Hori Fighting Stick Wii,$49.82,$54.82
Wii,Wii Radiator,,
Wii,Wii to HDMI Converter 1080P for Full HD Device,$5.20,$7.81
